word,japanese,source,source_url,license,source_dump_date,imported_at
aargh,"arghの異綴。","Japanese Wiktionary",https://ja.wiktionary.org/wiki/aargh,"CC BY-SA 4.0",2026-08-05,2026-08-14
aback,"後ろに。 / 驚き。 / 碑文の刻まれた石碑。","Japanese Wiktionary",https://ja.wiktionary.org/wiki/aback,"CC BY-SA 4.0",2026-08-05,2026-08-14
abend,"異常終了。 / （ソフトウェア等が）異常終了する。","Japanese Wiktionary",https://ja.wiktionary.org/wiki/abend,"CC BY-SA 4.0",2026-08-05,2026-08-14
abends,"""abend"" の複数形。 / ""abend"" の現在第三人称単数形。","Japanese Wiktionary",https://ja.wiktionary.org/wiki/abends,"CC BY-SA 4.0",2026-08-05,2026-08-14
abhorrent,"忌み嫌っている。 / ぞっとするほど嫌な。","Japanese Wiktionary",https://ja.wiktionary.org/wiki/abhorrent,"CC BY-SA 4.0",2026-08-05,2026-08-14
abject,"惨めな。落ちぶれた。 / 下劣な。あさましい。 / 惨めに。 / 下劣に。","Japanese Wiktionary",https://ja.wiktionary.org/wiki/abject,"CC BY-SA 4.0",2026-08-05,2026-08-14
ablaze,"燃えて。燃え立って。 / 明るく輝いた。 / 興奮した。 / 燃え立って。 / 明るく輝いて。 / 興奮して。","Japanese Wiktionary",https://ja.wiktionary.org/wiki/ablaze,"CC BY-SA 4.0",2026-08-05,2026-08-14
ably,"有能に","Japanese Wiktionary",https://ja.wiktionary.org/wiki/ably,"CC BY-SA 4.0",2026-08-05,2026-08-14
aboard,"（船、飛行機、電車などに）乗って。","Japanese Wiktionary",https://ja.wiktionary.org/wiki/aboard,"CC BY-SA 4.0",2026-08-05,2026-08-14
abominable,"嫌悪感を抱かせる。憎むべき。 / 過度の。 / 粗末な。劣った。","Japanese Wiktionary",https://ja.wiktionary.org/wiki/abominable,"CC BY-SA 4.0",2026-08-05,2026-08-14
abominably,"酷く。嫌になるほど。","Japanese Wiktionary",https://ja.wiktionary.org/wiki/abominably,"CC BY-SA 4.0",2026-08-05,2026-08-14
abondance,"abundanceの異形。","Japanese Wiktionary",https://ja.wiktionary.org/wiki/abondance,"CC BY-SA 4.0",2026-08-05,2026-08-14
abonnement,"予約購読、加入契約。","Japanese Wiktionary",https://ja.wiktionary.org/wiki/abonnement,"CC BY-SA 4.0",2026-08-05,2026-08-14
abonnements,"abonnementの複数形。","Japanese Wiktionary",https://ja.wiktionary.org/wiki/abonnements,"CC BY-SA 4.0",2026-08-05,2026-08-14
abortive,"流産の、早産の。 / 失敗に終わった、不成功の。 / 病気の進行を阻止する。 / 発育不全の。 / 流産、早産 / 堕胎薬","Japanese Wiktionary",https://ja.wiktionary.org/wiki/abortive,"CC BY-SA 4.0",2026-08-05,2026-08-14
about,"～の周りに。 / ～のちかくに、～のあたりに。 / ～の身辺に、～の身につけて。 / ～について。 / ～に従事して、取り組んで / ～が中心で、目的で、重要で、〜を必要として、〜というものであって / およそ。 / 周囲に。","Japanese Wiktionary",https://ja.wiktionary.org/wiki/about,"CC BY-SA 4.0",2026-08-05,2026-08-14
abroad,"外国に。外国へ。外国で。海外で。 / (噂などが) 広まって。流布して。 / 外国。","Japanese Wiktionary",https://ja.wiktionary.org/wiki/abroad,"CC BY-SA 4.0",2026-08-05,2026-08-14
abrupt,"突然の。 / 予期せぬ。","Japanese Wiktionary",https://ja.wiktionary.org/wiki/abrupt,"CC BY-SA 4.0",2026-08-05,2026-08-14
abruptly,"いきなり、突然。","Japanese Wiktionary",https://ja.wiktionary.org/wiki/abruptly,"CC BY-SA 4.0",2026-08-05,2026-08-14
abscessed,"abscessの過去形・過去分詞。 / 膿瘍ができた。","Japanese Wiktionary",https://ja.wiktionary.org/wiki/abscessed,"CC BY-SA 4.0",2026-08-05,2026-08-14
absently,"ぼんやりして。上の空で。","Japanese Wiktionary",https://ja.wiktionary.org/wiki/absently,"CC BY-SA 4.0",2026-08-05,2026-08-14
absentminded,"absent-mindedの異綴。","Japanese Wiktionary",https://ja.wiktionary.org/wiki/absentminded,"CC BY-SA 4.0",2026-08-05,2026-08-14
absentmindedly,"absent-mindedlyの異綴。","Japanese Wiktionary",https://ja.wiktionary.org/wiki/absentmindedly,"CC BY-SA 4.0",2026-08-05,2026-08-14
absolutely,"絶対に、無条件に。 / 全く、すっかり、紛れも無く。 / （無条件の肯定又は確信を表現する）絶対に、全くだ、間違いない。","Japanese Wiktionary",https://ja.wiktionary.org/wiki/absolutely,"CC BY-SA 4.0",2026-08-05,2026-08-14
abstemious,"（飲食などが）節制した。禁欲的な。 / 慎ましい。","Japanese Wiktionary",https://ja.wiktionary.org/wiki/abstemious,"CC BY-SA 4.0",2026-08-05,2026-08-14
abstractedly,"ぼんやりして。上の空で。 / 心を奪われて。","Japanese Wiktionary",https://ja.wiktionary.org/wiki/abstractedly,"CC BY-SA 4.0",2026-08-05,2026-08-14
absurdly,"ばかげて、ばかばかしいほど、不条理に。","Japanese Wiktionary",https://ja.wiktionary.org/wiki/absurdly,"CC BY-SA 4.0",2026-08-05,2026-08-14
absurdum,"不合理な物事。","Japanese Wiktionary",https://ja.wiktionary.org/wiki/absurdum,"CC BY-SA 4.0",2026-08-05,2026-08-14
abundant,"豊富な、有り余るほどの。","Japanese Wiktionary",https://ja.wiktionary.org/wiki/abundant,"CC BY-SA 4.0",2026-08-05,2026-08-14
abundantly,"豊富に、多量に。 / 非常に、すっかり。","Japanese Wiktionary",https://ja.wiktionary.org/wiki/abundantly,"CC BY-SA 4.0",2026-08-05,2026-08-14
abusive,"口汚い、罵りの、罵倒の。 / 詐欺の。[17世紀前期〜中期] / 虐待の。 / 悪用された、乱用された。 / 誤転用の。[16世紀中期より]","Japanese Wiktionary",https://ja.wiktionary.org/wiki/abusive,"CC BY-SA 4.0",2026-08-05,2026-08-14
abusively,"口汚く、罵るように、濫りに。","Japanese Wiktionary",https://ja.wiktionary.org/wiki/abusively,"CC BY-SA 4.0",2026-08-05,2026-08-14
abyssi,"abyssusの複数形。","Japanese Wiktionary",https://ja.wiktionary.org/wiki/abyssi,"CC BY-SA 4.0",2026-08-05,2026-08-14
academically,"学究的に。","Japanese Wiktionary",https://ja.wiktionary.org/wiki/academically,"CC BY-SA 4.0",2026-08-05,2026-08-14
acarology,"壁蝨学","Japanese Wiktionary",https://ja.wiktionary.org/wiki/acarology,"CC BY-SA 4.0",2026-08-05,2026-08-14
acceder,"同意者。 / 加入者。 / 加盟者。 / 継承者。","Japanese Wiktionary",https://ja.wiktionary.org/wiki/acceder,"CC BY-SA 4.0",2026-08-05,2026-08-14
acceptable,"受け容れられる、認められる。容認できる。 / まあまあの、無難な。","Japanese Wiktionary",https://ja.wiktionary.org/wiki/acceptable,"CC BY-SA 4.0",2026-08-05,2026-08-14
acceptably,"満足できるほど、差支えなく。","Japanese Wiktionary",https://ja.wiktionary.org/wiki/acceptably,"CC BY-SA 4.0",2026-08-05,2026-08-14
accepter,"受け入れる人。","Japanese Wiktionary",https://ja.wiktionary.org/wiki/accepter,"CC BY-SA 4.0",2026-08-05,2026-08-14
accessible,"近付きやすい、到達できる。[1640年代より] / （障害者が）利用できる。 / （人が）近付きやすい、親しみやすい。 / （toを伴って、人が）影響を受けやすい。 / 入手しやすい。 / 理解しやすい。[1961年より]","Japanese Wiktionary",https://ja.wiktionary.org/wiki/accessible,"CC BY-SA 4.0",2026-08-05,2026-08-14
accessorizing,"accessorizeの現在分詞","Japanese Wiktionary",https://ja.wiktionary.org/wiki/accessorizing,"CC BY-SA 4.0",2026-08-05,2026-08-14
accidentally,"偶然に。 / 誤って。","Japanese Wiktionary",https://ja.wiktionary.org/wiki/accidentally,"CC BY-SA 4.0",2026-08-05,2026-08-14
accountable,"責任のある。 / 説明する義務のある。","Japanese Wiktionary",https://ja.wiktionary.org/wiki/accountable,"CC BY-SA 4.0",2026-08-05,2026-08-14
accumulative,"累積的な。","Japanese Wiktionary",https://ja.wiktionary.org/wiki/accumulative,"CC BY-SA 4.0",2026-08-05,2026-08-14
accurate,"正確な、精密な、間違いのない","Japanese Wiktionary",https://ja.wiktionary.org/wiki/accurate,"CC BY-SA 4.0",2026-08-05,2026-08-14
accurately,"正確に、間違いなく。","Japanese Wiktionary",https://ja.wiktionary.org/wiki/accurately,"CC BY-SA 4.0",2026-08-05,2026-08-14
accusatory,"起訴の、非難の、責めるような。","Japanese Wiktionary",https://ja.wiktionary.org/wiki/accusatory,"CC BY-SA 4.0",2026-08-05,2026-08-14
acerbic,"酸っぱい、苦い、渋い。 / 厳しい、辛辣な。","Japanese Wiktionary",https://ja.wiktionary.org/wiki/acerbic,"CC BY-SA 4.0",2026-08-05,2026-08-14
achoo,"くしゃみの擬音語。ハクション。","Japanese Wiktionary",https://ja.wiktionary.org/wiki/achoo,"CC BY-SA 4.0",2026-08-05,2026-08-14
acquisitive,"得ようとする、貪欲な","Japanese Wiktionary",https://ja.wiktionary.org/wiki/acquisitive,"CC BY-SA 4.0",2026-08-05,2026-08-14
acrid,"（味やにおいが）刺すような、ぴりぴりする、刺激する。 / 辛辣な、とげとげしい。","Japanese Wiktionary",https://ja.wiktionary.org/wiki/acrid,"CC BY-SA 4.0",2026-08-05,2026-08-14
acrimonious,"辛い。 / 厳しい、とげとげしい、辛辣な。","Japanese Wiktionary",https://ja.wiktionary.org/wiki/acrimonious,"CC BY-SA 4.0",2026-08-05,2026-08-14
across,"を横切って。 / の向こう側に。 / と交差して。 / 横。（クロスワードパズルなどで）ヨコのカギ。","Japanese Wiktionary",https://ja.wiktionary.org/wiki/across,"CC BY-SA 4.0",2026-08-05,2026-08-14
actionable,"法的手段に訴えることが可能な。訴訟を起こすに値する。","Japanese Wiktionary",https://ja.wiktionary.org/wiki/actionable,"CC BY-SA 4.0",2026-08-05,2026-08-14
actively,"積極的に / 活発に","Japanese Wiktionary",https://ja.wiktionary.org/wiki/actively,"CC BY-SA 4.0",2026-08-05,2026-08-14
actually,"本当に、実は。 / 実際に。現に。 / 事実上。実質的に。 / 現在。","Japanese Wiktionary",https://ja.wiktionary.org/wiki/actually,"CC BY-SA 4.0",2026-08-05,2026-08-14
acutely,"鋭く。 / 激しく。 / 深刻に。","Japanese Wiktionary",https://ja.wiktionary.org/wiki/acutely,"CC BY-SA 4.0",2026-08-05,2026-08-14
adaptable,"順応できる","Japanese Wiktionary",https://ja.wiktionary.org/wiki/adaptable,"CC BY-SA 4.0",2026-08-05,2026-08-14
adaptive,"適応性のある。","Japanese Wiktionary",https://ja.wiktionary.org/wiki/adaptive,"CC BY-SA 4.0",2026-08-05,2026-08-14
addicting,"""addict"" の動名詞又は現在分詞。","Japanese Wiktionary",https://ja.wiktionary.org/wiki/addicting,"CC BY-SA 4.0",2026-08-05,2026-08-14
additional,"追加の、付加された / 追加された物","Japanese Wiktionary",https://ja.wiktionary.org/wiki/additional,"CC BY-SA 4.0",2026-08-05,2026-08-14
additionally,"更に、その上","Japanese Wiktionary",https://ja.wiktionary.org/wiki/additionally,"CC BY-SA 4.0",2026-08-05,2026-08-14
additionals,"additionalの複数形","Japanese Wiktionary",https://ja.wiktionary.org/wiki/additionals,"CC BY-SA 4.0",2026-08-05,2026-08-14
adequate,"適当な、適切な、相応な、相応しい。 / 十分な。 / まずまずの。","Japanese Wiktionary",https://ja.wiktionary.org/wiki/adequate,"CC BY-SA 4.0",2026-08-05,2026-08-14
adequately,"十分に、満足に","Japanese Wiktionary",https://ja.wiktionary.org/wiki/adequately,"CC BY-SA 4.0",2026-08-05,2026-08-14
adhesively,"接着して。","Japanese Wiktionary",https://ja.wiktionary.org/wiki/adhesively,"CC BY-SA 4.0",2026-08-05,2026-08-14
adjacent,"隣接した、すぐそばの、付近の。","Japanese Wiktionary",https://ja.wiktionary.org/wiki/adjacent,"CC BY-SA 4.0",2026-08-05,2026-08-14
adjectival,"形容詞的な。形容詞のような働きをする。","Japanese Wiktionary",https://ja.wiktionary.org/wiki/adjectival,"CC BY-SA 4.0",2026-08-05,2026-08-14
administrative,"管理上の、経営上の、行政上の。","Japanese Wiktionary",https://ja.wiktionary.org/wiki/administrative,"CC BY-SA 4.0",2026-08-05,2026-08-14
administratively,"管理上、経営上、行政上","Japanese Wiktionary",https://ja.wiktionary.org/wiki/administratively,"CC BY-SA 4.0",2026-08-05,2026-08-14
administratrix,"女性の遺産管理人。[16世紀より]","Japanese Wiktionary",https://ja.wiktionary.org/wiki/administratrix,"CC BY-SA 4.0",2026-08-05,2026-08-14
admirable,"称賛に値する、見事な、立派な。","Japanese Wiktionary",https://ja.wiktionary.org/wiki/admirable,"CC BY-SA 4.0",2026-08-05,2026-08-14
admirably,"見事に。","Japanese Wiktionary",https://ja.wiktionary.org/wiki/admirably,"CC BY-SA 4.0",2026-08-05,2026-08-14
admissible,"受け入れられる。容認できる。許容できる。 / （証拠などが）適格な。","Japanese Wiktionary",https://ja.wiktionary.org/wiki/admissible,"CC BY-SA 4.0",2026-08-05,2026-08-14
adoptive,"養子縁組した。 / 第二の故郷の。","Japanese Wiktionary",https://ja.wiktionary.org/wiki/adoptive,"CC BY-SA 4.0",2026-08-05,2026-08-14
adorable,"可愛い。愛らしい。 / 崇拝できる。","Japanese Wiktionary",https://ja.wiktionary.org/wiki/adorable,"CC BY-SA 4.0",2026-08-05,2026-08-14
adoringly,"崇拝して / 熱愛して","Japanese Wiktionary",https://ja.wiktionary.org/wiki/adoringly,"CC BY-SA 4.0",2026-08-05,2026-08-14
adroit,"器用な。機敏な。巧みな。","Japanese Wiktionary",https://ja.wiktionary.org/wiki/adroit,"CC BY-SA 4.0",2026-08-05,2026-08-14
adroitly,"器用に。機敏に。巧みに。","Japanese Wiktionary",https://ja.wiktionary.org/wiki/adroitly,"CC BY-SA 4.0",2026-08-05,2026-08-14
adulterous,"姦通の、不倫の。","Japanese Wiktionary",https://ja.wiktionary.org/wiki/adulterous,"CC BY-SA 4.0",2026-08-05,2026-08-14
advantageous,"有利な / 都合のよい","Japanese Wiktionary",https://ja.wiktionary.org/wiki/advantageous,"CC BY-SA 4.0",2026-08-05,2026-08-14
advantageously,"有利に / 都合よく","Japanese Wiktionary",https://ja.wiktionary.org/wiki/advantageously,"CC BY-SA 4.0",2026-08-05,2026-08-14
adventurous,"冒険的な、冒険好きな、冒険心のある、大胆な。 / 危険な、勇気の要る。","Japanese Wiktionary",https://ja.wiktionary.org/wiki/adventurous,"CC BY-SA 4.0",2026-08-05,2026-08-14
adverse,"反対の、敵意のある、不利な","Japanese Wiktionary",https://ja.wiktionary.org/wiki/adverse,"CC BY-SA 4.0",2026-08-05,2026-08-14
adversely,"反対に、不利に","Japanese Wiktionary",https://ja.wiktionary.org/wiki/adversely,"CC BY-SA 4.0",2026-08-05,2026-08-14
advices,"""advice"" の複数形","Japanese Wiktionary",https://ja.wiktionary.org/wiki/advices,"CC BY-SA 4.0",2026-08-05,2026-08-14
advisable,"勧められる。","Japanese Wiktionary",https://ja.wiktionary.org/wiki/advisable,"CC BY-SA 4.0",2026-08-05,2026-08-14
advisedly,"熟慮して。熟考して。 / 態と。意図的に。","Japanese Wiktionary",https://ja.wiktionary.org/wiki/advisedly,"CC BY-SA 4.0",2026-08-05,2026-08-14
adzuki,"小豆。","Japanese Wiktionary",https://ja.wiktionary.org/wiki/adzuki,"CC BY-SA 4.0",2026-08-05,2026-08-14
ae,"一つの。","Japanese Wiktionary",https://ja.wiktionary.org/wiki/ae,"CC BY-SA 4.0",2026-08-05,2026-08-14
aerodynamically,"空気力学的に。","Japanese Wiktionary",https://ja.wiktionary.org/wiki/aerodynamically,"CC BY-SA 4.0",2026-08-05,2026-08-14
affable,"愛想の良い。","Japanese Wiktionary",https://ja.wiktionary.org/wiki/affable,"CC BY-SA 4.0",2026-08-05,2026-08-14
affably,"愛想良く。","Japanese Wiktionary",https://ja.wiktionary.org/wiki/affably,"CC BY-SA 4.0",2026-08-05,2026-08-14
affectionate,"（行動が）愛情の込もった。愛情のある。 / （人が）優しい。愛情のある。","Japanese Wiktionary",https://ja.wiktionary.org/wiki/affectionate,"CC BY-SA 4.0",2026-08-05,2026-08-14
affiche,"貼り紙、ポスター、プラカード。 / 貼り紙を張る。 / 宣伝する、広告する。","Japanese Wiktionary",https://ja.wiktionary.org/wiki/affiche,"CC BY-SA 4.0",2026-08-05,2026-08-14
affirmatively,"肯定的な","Japanese Wiktionary",https://ja.wiktionary.org/wiki/affirmatively,"CC BY-SA 4.0",2026-08-05,2026-08-14
affordable,"（価格などが）手頃な。 / （困難などが）乗り越えられる。","Japanese Wiktionary",https://ja.wiktionary.org/wiki/affordable,"CC BY-SA 4.0",2026-08-05,2026-08-14
afire,"燃えて。 / 夢中になって、興奮して。","Japanese Wiktionary",https://ja.wiktionary.org/wiki/afire,"CC BY-SA 4.0",2026-08-05,2026-08-14
afk,"AFKの別形。","Japanese Wiktionary",https://ja.wiktionary.org/wiki/afk,"CC BY-SA 4.0",2026-08-05,2026-08-14
aflame,"燃えて、燃えるように、炎上して。 / 紅潮して、興奮して。","Japanese Wiktionary",https://ja.wiktionary.org/wiki/aflame,"CC BY-SA 4.0",2026-08-05,2026-08-14
afraid,"恐れて。 / 心配して。 / ためらって。 / （I'm afraid (that)～の形で）おそらく。","Japanese Wiktionary",https://ja.wiktionary.org/wiki/afraid,"CC BY-SA 4.0",2026-08-05,2026-08-14
afresh,"新たに。 / 再び。","Japanese Wiktionary",https://ja.wiktionary.org/wiki/afresh,"CC BY-SA 4.0",2026-08-05,2026-08-14
afta,"afterの非標準の綴り。","Japanese Wiktionary",https://ja.wiktionary.org/wiki/afta,"CC BY-SA 4.0",2026-08-05,2026-08-14
afterward,"(米語)その後。後で。後に。","Japanese Wiktionary",https://ja.wiktionary.org/wiki/afterward,"CC BY-SA 4.0",2026-08-05,2026-08-14
afterwards,"後で。後に。その後。","Japanese Wiktionary",https://ja.wiktionary.org/wiki/afterwards,"CC BY-SA 4.0",2026-08-05,2026-08-14
again,"また、ふたたび。","Japanese Wiktionary",https://ja.wiktionary.org/wiki/again,"CC BY-SA 4.0",2026-08-05,2026-08-14
against,"～の反対方向の/に、逆方向の/に、～にさからって。 / ～のそばに。 / ～の前に。～を背景に。 / ～に接近して、～にくっつけて。 / ～に当たって。 / ～と争って。 / ～から守るために。 / ～に反対して、反対意見で。","Japanese Wiktionary",https://ja.wiktionary.org/wiki/against,"CC BY-SA 4.0",2026-08-05,2026-08-14
ageless,"老けない / 若々しい / 永遠の","Japanese Wiktionary",https://ja.wiktionary.org/wiki/ageless,"CC BY-SA 4.0",2026-08-05,2026-08-14
agentive,"動作主を示す。 / 動作主を示す語。","Japanese Wiktionary",https://ja.wiktionary.org/wiki/agentive,"CC BY-SA 4.0",2026-08-05,2026-08-14
aggressive,"攻撃的な、喧嘩っ早い。 / 積極的な。 / 攻撃的な人。","Japanese Wiktionary",https://ja.wiktionary.org/wiki/aggressive,"CC BY-SA 4.0",2026-08-05,2026-08-14
aggressively,"攻撃的に / 積極的に","Japanese Wiktionary",https://ja.wiktionary.org/wiki/aggressively,"CC BY-SA 4.0",2026-08-05,2026-08-14
aghast,"びっくりして。仰天して。","Japanese Wiktionary",https://ja.wiktionary.org/wiki/aghast,"CC BY-SA 4.0",2026-08-05,2026-08-14
agile,"素早い。機敏な。敏捷な。 / 頭の回転の速い。","Japanese Wiktionary",https://ja.wiktionary.org/wiki/agile,"CC BY-SA 4.0",2026-08-05,2026-08-14
ago,"～昔。今から～前に。","Japanese Wiktionary",https://ja.wiktionary.org/wiki/ago,"CC BY-SA 4.0",2026-08-05,2026-08-14
agreeable,"[〜に]賛成の。 [to] / [〜に]（提案などが）容認される。 [to] / 気持ちいい。心地よい。","Japanese Wiktionary",https://ja.wiktionary.org/wiki/agreeable,"CC BY-SA 4.0",2026-08-05,2026-08-14
agreeably,"気持ちよく","Japanese Wiktionary",https://ja.wiktionary.org/wiki/agreeably,"CC BY-SA 4.0",2026-08-05,2026-08-14
agricultural,"農業の。農業に関連する。","Japanese Wiktionary",https://ja.wiktionary.org/wiki/agricultural,"CC BY-SA 4.0",2026-08-05,2026-08-14
aground,"浅瀬に乗り上げた。座礁した。 / 困窮した。 / 浅瀬に乗り上げて。座礁して。","Japanese Wiktionary",https://ja.wiktionary.org/wiki/aground,"CC BY-SA 4.0",2026-08-05,2026-08-14
aha,"（理解・納得など）ああ、うん、なるほど。","Japanese Wiktionary",https://ja.wiktionary.org/wiki/aha,"CC BY-SA 4.0",2026-08-05,2026-08-14
ahead,"（位置・時間など）前に / 優勢に","Japanese Wiktionary",https://ja.wiktionary.org/wiki/ahead,"CC BY-SA 4.0",2026-08-05,2026-08-14
ahem,"咳の擬音語。特に、注意を引きたいことや不満があることを表す。えへん。おほん。","Japanese Wiktionary",https://ja.wiktionary.org/wiki/ahem,"CC BY-SA 4.0",2026-08-05,2026-08-14
ahi,"キハダマグロ。","Japanese Wiktionary",https://ja.wiktionary.org/wiki/ahi,"CC BY-SA 4.0",2026-08-05,2026-08-14
ahoy,"おおい。（主に船上での呼びかけに用いる。）","Japanese Wiktionary",https://ja.wiktionary.org/wiki/ahoy,"CC BY-SA 4.0",2026-08-05,2026-08-14
ahu,"アフ","Japanese Wiktionary",https://ja.wiktionary.org/wiki/ahu,"CC BY-SA 4.0",2026-08-05,2026-08-14
aimless,"目的のない","Japanese Wiktionary",https://ja.wiktionary.org/wiki/aimless,"CC BY-SA 4.0",2026-08-05,2026-08-14
aimlessly,"目的もなく","Japanese Wiktionary",https://ja.wiktionary.org/wiki/aimlessly,"CC BY-SA 4.0",2026-08-05,2026-08-14
airborne,"空輸の / 飛行中の / 空挺の","Japanese Wiktionary",https://ja.wiktionary.org/wiki/airborne,"CC BY-SA 4.0",2026-08-05,2026-08-14
airconditioner,"air conditionerの異表記。","Japanese Wiktionary",https://ja.wiktionary.org/wiki/airconditioner,"CC BY-SA 4.0",2026-08-05,2026-08-14
airconditioners,"airconditionerの複数形。","Japanese Wiktionary",https://ja.wiktionary.org/wiki/airconditioners,"CC BY-SA 4.0",2026-08-05,2026-08-14
airless,"風通しの悪い / 無風の","Japanese Wiktionary",https://ja.wiktionary.org/wiki/airless,"CC BY-SA 4.0",2026-08-05,2026-08-14
ait,"小島。","Japanese Wiktionary",https://ja.wiktionary.org/wiki/ait,"CC BY-SA 4.0",2026-08-05,2026-08-14
ajar,"（扉が）半開きの。 / （扉が）半開きで。 / 不調和の。 / 不調和で。","Japanese Wiktionary",https://ja.wiktionary.org/wiki/ajar,"CC BY-SA 4.0",2026-08-05,2026-08-14
ajinomoto,"グルタミン酸ナトリウム。","Japanese Wiktionary",https://ja.wiktionary.org/wiki/ajinomoto,"CC BY-SA 4.0",2026-08-05,2026-08-14
aka,"also known as（逐語訳:「…としても知られている」）の略。〈別名（を…という）〉","Japanese Wiktionary",https://ja.wiktionary.org/wiki/aka,"CC BY-SA 4.0",2026-08-05,2026-08-14
akamatsu,"赤松。","Japanese Wiktionary",https://ja.wiktionary.org/wiki/akamatsu,"CC BY-SA 4.0",2026-08-05,2026-08-14
ake,"acheの旧綴り。 / 永遠に。","Japanese Wiktionary",https://ja.wiktionary.org/wiki/ake,"CC BY-SA 4.0",2026-08-05,2026-08-14
akeni,"明荷。","Japanese Wiktionary",https://ja.wiktionary.org/wiki/akeni,"CC BY-SA 4.0",2026-08-05,2026-08-14
akimbo,"両腕の肘を曲げて両手を腰に当てるさま。 / 両腕の肘を曲げて両手を腰に当てながら。","Japanese Wiktionary",https://ja.wiktionary.org/wiki/akimbo,"CC BY-SA 4.0",2026-08-05,2026-08-14
akin,"血族の。 / 同種の、同類の、類似した。 / 例える。","Japanese Wiktionary",https://ja.wiktionary.org/wiki/akin,"CC BY-SA 4.0",2026-08-05,2026-08-14
alarmingly,"驚くほど。","Japanese Wiktionary",https://ja.wiktionary.org/wiki/alarmingly,"CC BY-SA 4.0",2026-08-05,2026-08-14
albeit,"～ではあるが。 / 縦え～でも。","Japanese Wiktionary",https://ja.wiktionary.org/wiki/albeit,"CC BY-SA 4.0",2026-08-05,2026-08-14
alchemic,"錬金術の。錬金術に関する。","Japanese Wiktionary",https://ja.wiktionary.org/wiki/alchemic,"CC BY-SA 4.0",2026-08-05,2026-08-14
alchemical,"錬金術の。錬金術に関する。","Japanese Wiktionary",https://ja.wiktionary.org/wiki/alchemical,"CC BY-SA 4.0",2026-08-05,2026-08-14
algebraically,"代数的に、代数学的に。","Japanese Wiktionary",https://ja.wiktionary.org/wiki/algebraically,"CC BY-SA 4.0",2026-08-05,2026-08-14
algo,"algorithmの短縮。","Japanese Wiktionary",https://ja.wiktionary.org/wiki/algo,"CC BY-SA 4.0",2026-08-05,2026-08-14
algos,"algoの複数形。","Japanese Wiktionary",https://ja.wiktionary.org/wiki/algos,"CC BY-SA 4.0",2026-08-05,2026-08-14
algum,"アルガム。","Japanese Wiktionary",https://ja.wiktionary.org/wiki/algum,"CC BY-SA 4.0",2026-08-05,2026-08-14
alif,"（アラビア文字）アリフ。ا。","Japanese Wiktionary",https://ja.wiktionary.org/wiki/alif,"CC BY-SA 4.0",2026-08-05,2026-08-14
alike,"似ている。一様な。等しい。同じ。同様な。 / 一様に。等しく。同様に。同じように。 / 似ているもの。","Japanese Wiktionary",https://ja.wiktionary.org/wiki/alike,"CC BY-SA 4.0",2026-08-05,2026-08-14
alive,"生きている。 / 活発な。 / 賑わって。 / 存続して。 / 敏感で。","Japanese Wiktionary",https://ja.wiktionary.org/wiki/alive,"CC BY-SA 4.0",2026-08-05,2026-08-14
alkalies,"alkaliの複数形。","Japanese Wiktionary",https://ja.wiktionary.org/wiki/alkalies,"CC BY-SA 4.0",2026-08-05,2026-08-14
all,"（複数形の名詞に付いて）全ての。全部の。全数の。全員の。（ある期間）ずっと。 / （単数形の名詞に付いて）全体の。全部の。（ある期間）ずっと。 / すっかり。全く。完全に。 / 全員。全部。 / （関係節を続けて）～である全て。のみ。だけ。 / 全部。 / 全体。","Japanese Wiktionary",https://ja.wiktionary.org/wiki/all,"CC BY-SA 4.0",2026-08-05,2026-08-14
allarme,"alarmの廃用。","Japanese Wiktionary",https://ja.wiktionary.org/wiki/allarme,"CC BY-SA 4.0",2026-08-05,2026-08-14
allegedly,"申し立てによれば。","Japanese Wiktionary",https://ja.wiktionary.org/wiki/allegedly,"CC BY-SA 4.0",2026-08-05,2026-08-14
allegorical,"寓話の、寓話的な、寓意を含んだ。","Japanese Wiktionary",https://ja.wiktionary.org/wiki/allegorical,"CC BY-SA 4.0",2026-08-05,2026-08-14
allergic,"アレルギーの。アレルギー性の。 / アレルギーがある。 / 大嫌いな。大の苦手な。 / アレルギーを持つ人。","Japanese Wiktionary",https://ja.wiktionary.org/wiki/allergic,"CC BY-SA 4.0",2026-08-05,2026-08-14
allocable,"割り当て可能な。配分可能な。","Japanese Wiktionary",https://ja.wiktionary.org/wiki/allocable,"CC BY-SA 4.0",2026-08-05,2026-08-14
allumette,"マッチ棒。 / フライドポテト。","Japanese Wiktionary",https://ja.wiktionary.org/wiki/allumette,"CC BY-SA 4.0",2026-08-05,2026-08-14
allusive,"暗示する。仄めかした。","Japanese Wiktionary",https://ja.wiktionary.org/wiki/allusive,"CC BY-SA 4.0",2026-08-05,2026-08-14
almost,"殆ど。 / 殆うく。…しそうだった。…しかけた。 / （間投詞的に）惜しい。あともう少し。","Japanese Wiktionary",https://ja.wiktionary.org/wiki/almost,"CC BY-SA 4.0",2026-08-05,2026-08-14
alone,"他を交えず一人で（もしくは二人きりで、複数人が孤立して）、単独で（by oneself）。 / 孤独な。 / 並ぶもののない、抜きん出て / 他を交えず一人で（もしくは複数人きりで）、単独で。 / 孤独に。 / 独力で、一人の力で（of itself）。 / だけ（only） / それだけでも、それだけでは","Japanese Wiktionary",https://ja.wiktionary.org/wiki/alone,"CC BY-SA 4.0",2026-08-05,2026-08-14
along,"～に沿って。 / ～を通って。 / ～といっしょに / 進んで、前進して。","Japanese Wiktionary",https://ja.wiktionary.org/wiki/along,"CC BY-SA 4.0",2026-08-05,2026-08-14
alongside,"横に。 / 並んで。 / 共に。 / ～の横に。 / ～と並んで。 / ～と共に。","Japanese Wiktionary",https://ja.wiktionary.org/wiki/alongside,"CC BY-SA 4.0",2026-08-05,2026-08-14
aloof,"離れて。距離を置いて。 / 超然として。 / 冷淡な。無関心な。よそよそしい。","Japanese Wiktionary",https://ja.wiktionary.org/wiki/aloof,"CC BY-SA 4.0",2026-08-05,2026-08-14
aloud,"声に出して。","Japanese Wiktionary",https://ja.wiktionary.org/wiki/aloud,"CC BY-SA 4.0",2026-08-05,2026-08-14
alphabetic,"アルファベットの、アルファベットに関する、アルファベット順の。","Japanese Wiktionary",https://ja.wiktionary.org/wiki/alphabetic,"CC BY-SA 4.0",2026-08-05,2026-08-14
alphabetical,"アルファベットに関連した、アルファベットで表現された、アルファベットの。 / アルファベット順の。 / literalに同じ。文字通りの。","Japanese Wiktionary",https://ja.wiktionary.org/wiki/alphabetical,"CC BY-SA 4.0",2026-08-05,2026-08-14
already,"すでに、もう。 / すぐに。 / （米用法。いらだちを強調するのに用いる）","Japanese Wiktionary",https://ja.wiktionary.org/wiki/already,"CC BY-SA 4.0",2026-08-05,2026-08-14
also,"～もまた。","Japanese Wiktionary",https://ja.wiktionary.org/wiki/also,"CC BY-SA 4.0",2026-08-05,2026-08-14
alternately,"交互に","Japanese Wiktionary",https://ja.wiktionary.org/wiki/alternately,"CC BY-SA 4.0",2026-08-05,2026-08-14
although,"～にもかかわらず。 / しかし。","Japanese Wiktionary",https://ja.wiktionary.org/wiki/although,"CC BY-SA 4.0",2026-08-05,2026-08-14
always,"いつも、常に。","Japanese Wiktionary",https://ja.wiktionary.org/wiki/always,"CC BY-SA 4.0",2026-08-05,2026-08-14
amado,"雨戸。","Japanese Wiktionary",https://ja.wiktionary.org/wiki/amado,"CC BY-SA 4.0",2026-08-05,2026-08-14
amaro,"アマーロ。","Japanese Wiktionary",https://ja.wiktionary.org/wiki/amaro,"CC BY-SA 4.0",2026-08-05,2026-08-14
amatory,"恋愛の、性愛の。","Japanese Wiktionary",https://ja.wiktionary.org/wiki/amatory,"CC BY-SA 4.0",2026-08-05,2026-08-14
amazingly,"驚くほど","Japanese Wiktionary",https://ja.wiktionary.org/wiki/amazingly,"CC BY-SA 4.0",2026-08-05,2026-08-14
ambiguous,"複数の解釈が可能なさま。曖昧な、不明確な、紛らわしい、多義的な。","Japanese Wiktionary",https://ja.wiktionary.org/wiki/ambiguous,"CC BY-SA 4.0",2026-08-05,2026-08-14
ambiguously,"曖昧に。","Japanese Wiktionary",https://ja.wiktionary.org/wiki/ambiguously,"CC BY-SA 4.0",2026-08-05,2026-08-14
ambitious,"野心的な。 / 熱望の。 / 派手な。","Japanese Wiktionary",https://ja.wiktionary.org/wiki/ambitious,"CC BY-SA 4.0",2026-08-05,2026-08-14
ambitiously,"野心的に。 / 熱望して。","Japanese Wiktionary",https://ja.wiktionary.org/wiki/ambitiously,"CC BY-SA 4.0",2026-08-05,2026-08-14
amende,"罰金。","Japanese Wiktionary",https://ja.wiktionary.org/wiki/amende,"CC BY-SA 4.0",2026-08-05,2026-08-14
amiable,"親しい、仲が良い。 / 愛想がいい。","Japanese Wiktionary",https://ja.wiktionary.org/wiki/amiable,"CC BY-SA 4.0",2026-08-05,2026-08-14
amicable,"友好的な。","Japanese Wiktionary",https://ja.wiktionary.org/wiki/amicable,"CC BY-SA 4.0",2026-08-05,2026-08-14
amicably,"友好的に、平和的に。","Japanese Wiktionary",https://ja.wiktionary.org/wiki/amicably,"CC BY-SA 4.0",2026-08-05,2026-08-14
amici,"amicusの複数形。","Japanese Wiktionary",https://ja.wiktionary.org/wiki/amici,"CC BY-SA 4.0",2026-08-05,2026-08-14
amicus,"アミカス・キュリエ、法廷助言人。","Japanese Wiktionary",https://ja.wiktionary.org/wiki/amicus,"CC BY-SA 4.0",2026-08-05,2026-08-14
amid,"（位置）～の間に、～の真ん中に、～の中に。 / （時間）～の最中に。～という状況の中、～を受けて、～に伴い、～を背景に。","Japanese Wiktionary",https://ja.wiktionary.org/wiki/amid,"CC BY-SA 4.0",2026-08-05,2026-08-14
amit,"失う。","Japanese Wiktionary",https://ja.wiktionary.org/wiki/amit,"CC BY-SA 4.0",2026-08-05,2026-08-14
ammoniacal,"アンモニアの。アンモニアを含む。","Japanese Wiktionary",https://ja.wiktionary.org/wiki/ammoniacal,"CC BY-SA 4.0",2026-08-05,2026-08-14
among,"（三つ以上）～の間に。 / ～に含まれて。〜の一つとして。 / ～の間で共通して。〜の全体にわたって。 / ～の間で各自に。〜に分配されて。","Japanese Wiktionary",https://ja.wiktionary.org/wiki/among,"CC BY-SA 4.0",2026-08-05,2026-08-14
amongst,"～の中に（=among）","Japanese Wiktionary",https://ja.wiktionary.org/wiki/amongst,"CC BY-SA 4.0",2026-08-05,2026-08-14
amorosa,"ふしだらな女。","Japanese Wiktionary",https://ja.wiktionary.org/wiki/amorosa,"CC BY-SA 4.0",2026-08-05,2026-08-14
amorosi,"amorosoの複数形。","Japanese Wiktionary",https://ja.wiktionary.org/wiki/amorosi,"CC BY-SA 4.0",2026-08-05,2026-08-14
amoroso,"彼氏。 / アモルーゾで。愛情を込めて。","Japanese Wiktionary",https://ja.wiktionary.org/wiki/amoroso,"CC BY-SA 4.0",2026-08-05,2026-08-14
amorous,"色っぽい。色気のある。艶かしい。 / 好色な。多情な。 / 恋愛の。性愛の。 / 魅惑された。魅了された。","Japanese Wiktionary",https://ja.wiktionary.org/wiki/amorous,"CC BY-SA 4.0",2026-08-05,2026-08-14
amphibious,"水陸両生（両棲）の。 / 水陸両用の。","Japanese Wiktionary",https://ja.wiktionary.org/wiki/amphibious,"CC BY-SA 4.0",2026-08-05,2026-08-14
amply,"十分に、豊富に","Japanese Wiktionary",https://ja.wiktionary.org/wiki/amply,"CC BY-SA 4.0",2026-08-05,2026-08-14
amusingly,"面白く、楽しく。","Japanese Wiktionary",https://ja.wiktionary.org/wiki/amusingly,"CC BY-SA 4.0",2026-08-05,2026-08-14
anaphoric,"前方照応の。","Japanese Wiktionary",https://ja.wiktionary.org/wiki/anaphoric,"CC BY-SA 4.0",2026-08-05,2026-08-14
anarchic,"無政府の。 / 無秩序の、混乱した。","Japanese Wiktionary",https://ja.wiktionary.org/wiki/anarchic,"CC BY-SA 4.0",2026-08-05,2026-08-14
anatomic,"解剖の、解剖学の。","Japanese Wiktionary",https://ja.wiktionary.org/wiki/anatomic,"CC BY-SA 4.0",2026-08-05,2026-08-14
anatomically,"解剖学上。","Japanese Wiktionary",https://ja.wiktionary.org/wiki/anatomically,"CC BY-SA 4.0",2026-08-05,2026-08-14
ancestral,"先祖の。先祖代代の。 / 原型をなす。","Japanese Wiktionary",https://ja.wiktionary.org/wiki/ancestral,"CC BY-SA 4.0",2026-08-05,2026-08-14
and,"ある複数の事柄を並列、列挙するときに用いる。…と～。…そして～。…また～。…及び～。ただし、3つ以上のものを列挙する場合は、最後のものにだけこれをつける。 / 時間的な経過の順序を表す。…それから～。 / 物事が同時進行で起こっていることを表す。…しつつ～。…しながら～。 / 物事の連続や進行を表す。…も…も。ますます…。 / 対になる語を接続して、反復を表す。 / 物事の結果や成り行きを表す。それで。そのため。すると。 / 物事を言い換えて説明するときに用いる。すなわち。つまり。 / 数詞と数詞を接続して、加法を表す。…たす～。 / 命令文の後に続けて用いる。そうすれば。 / 対照的な2つの事柄を接続するときに用いる。それなのに。ところが。 / 物事を強調する。しかも。それも。","Japanese Wiktionary",https://ja.wiktionary.org/wiki/and,"CC BY-SA 4.0",2026-08-05,2026-08-14
andon,"行灯。","Japanese Wiktionary",https://ja.wiktionary.org/wiki/andon,"CC BY-SA 4.0",2026-08-05,2026-08-14
anecdotal,"逸話の。逸話に富んだ。","Japanese Wiktionary",https://ja.wiktionary.org/wiki/anecdotal,"CC BY-SA 4.0",2026-08-05,2026-08-14
anew,"新たに、改めて、再び","Japanese Wiktionary",https://ja.wiktionary.org/wiki/anew,"CC BY-SA 4.0",2026-08-05,2026-08-14
angelic,"天使の、天使に関する。 / 天使のような、無垢の。","Japanese Wiktionary",https://ja.wiktionary.org/wiki/angelic,"CC BY-SA 4.0",2026-08-05,2026-08-14
angrily,"怒って、怒気を湛えて。","Japanese Wiktionary",https://ja.wiktionary.org/wiki/angrily,"CC BY-SA 4.0",2026-08-05,2026-08-14
angular,"角ばった、角のある。 / 角度のある。 / 痩せた。","Japanese Wiktionary",https://ja.wiktionary.org/wiki/angular,"CC BY-SA 4.0",2026-08-05,2026-08-14
anhydrous,"無水の。","Japanese Wiktionary",https://ja.wiktionary.org/wiki/anhydrous,"CC BY-SA 4.0",2026-08-05,2026-08-14
animalistic,"獣欲主義的な。","Japanese Wiktionary",https://ja.wiktionary.org/wiki/animalistic,"CC BY-SA 4.0",2026-08-05,2026-08-14
animato,"アニマート。 / アニマートで。","Japanese Wiktionary",https://ja.wiktionary.org/wiki/animato,"CC BY-SA 4.0",2026-08-05,2026-08-14
anko,"餡子。","Japanese Wiktionary",https://ja.wiktionary.org/wiki/anko,"CC BY-SA 4.0",2026-08-05,2026-08-14
ann,"初年度の収益。","Japanese Wiktionary",https://ja.wiktionary.org/wiki/ann,"CC BY-SA 4.0",2026-08-05,2026-08-14
annoyingly,"いらいらする程。","Japanese Wiktionary",https://ja.wiktionary.org/wiki/annoyingly,"CC BY-SA 4.0",2026-08-05,2026-08-14
annually,"毎年、年ごとに。","Japanese Wiktionary",https://ja.wiktionary.org/wiki/annually,"CC BY-SA 4.0",2026-08-05,2026-08-14
annular,"環に属する、環形の、環状の。 / 円で囲われた、円で印をつけられた。","Japanese Wiktionary",https://ja.wiktionary.org/wiki/annular,"CC BY-SA 4.0",2026-08-05,2026-08-14
annuler,"無効にする人、破棄する人。","Japanese Wiktionary",https://ja.wiktionary.org/wiki/annuler,"CC BY-SA 4.0",2026-08-05,2026-08-14
anonymous,"匿名の。 / 作者不明の。 / 特徴のない。","Japanese Wiktionary",https://ja.wiktionary.org/wiki/anonymous,"CC BY-SA 4.0",2026-08-05,2026-08-14
anonymously,"匿名で。","Japanese Wiktionary",https://ja.wiktionary.org/wiki/anonymously,"CC BY-SA 4.0",2026-08-05,2026-08-14
another,"もうひとつの。 / 別の、違った。 / 別の誰か。","Japanese Wiktionary",https://ja.wiktionary.org/wiki/another,"CC BY-SA 4.0",2026-08-05,2026-08-14
ansa,"アンサ。 / 環状の構造。","Japanese Wiktionary",https://ja.wiktionary.org/wiki/ansa,"CC BY-SA 4.0",2026-08-05,2026-08-14
answerable,"（応答する）権限ある、責任を負った。 / ～に一致する。 / , ～に見合う。 / 答えられる、論破できる。","Japanese Wiktionary",https://ja.wiktionary.org/wiki/answerable,"CC BY-SA 4.0",2026-08-05,2026-08-14
antagonistic,"敵対的な、敵対する、対立する。","Japanese Wiktionary",https://ja.wiktionary.org/wiki/antagonistic,"CC BY-SA 4.0",2026-08-05,2026-08-14
antiaging,"老化防止の、アンチエイジングの。","Japanese Wiktionary",https://ja.wiktionary.org/wiki/antiaging,"CC BY-SA 4.0",2026-08-05,2026-08-14
anticipatory,"予想の。見越しての。","Japanese Wiktionary",https://ja.wiktionary.org/wiki/anticipatory,"CC BY-SA 4.0",2026-08-05,2026-08-14
antiderivative,"不定積分。","Japanese Wiktionary",https://ja.wiktionary.org/wiki/antiderivative,"CC BY-SA 4.0",2026-08-05,2026-08-14
antidisestablishmentarianism,"反国教会廃止主義。","Japanese Wiktionary",https://ja.wiktionary.org/wiki/antidisestablishmentarianism,"CC BY-SA 4.0",2026-08-05,2026-08-14
antiferromagnet,"反強磁性体。","Japanese Wiktionary",https://ja.wiktionary.org/wiki/antiferromagnet,"CC BY-SA 4.0",2026-08-05,2026-08-14
antiferromagnetic,"反強磁性の。","Japanese Wiktionary",https://ja.wiktionary.org/wiki/antiferromagnetic,"CC BY-SA 4.0",2026-08-05,2026-08-14
antiferromagnets,"antiferromagnetの複数形。","Japanese Wiktionary",https://ja.wiktionary.org/wiki/antiferromagnets,"CC BY-SA 4.0",2026-08-05,2026-08-14
antiquing,"antiqueの現在分詞。","Japanese Wiktionary",https://ja.wiktionary.org/wiki/antiquing,"CC BY-SA 4.0",2026-08-05,2026-08-14
antisocial,"反社会的な。 / 非社交的な。 / 社交を妨げる。","Japanese Wiktionary",https://ja.wiktionary.org/wiki/antisocial,"CC BY-SA 4.0",2026-08-05,2026-08-14
antiwar,"anti-warの異形。","Japanese Wiktionary",https://ja.wiktionary.org/wiki/antiwar,"CC BY-SA 4.0",2026-08-05,2026-08-14
anxious,"（叙述用法で）心配している。不安でいる。 / 不安な。 / （叙述用法で）切望して。頻りに～したがって。","Japanese Wiktionary",https://ja.wiktionary.org/wiki/anxious,"CC BY-SA 4.0",2026-08-05,2026-08-14
anxiously,"心配しながら。心配そうに。不安そうに。","Japanese Wiktionary",https://ja.wiktionary.org/wiki/anxiously,"CC BY-SA 4.0",2026-08-05,2026-08-14
any,"（一般に疑問文や条件節に用いて）いくつかの。 / （肯定文、命令文に用いて）どれでも。あらゆる。 / （否定文に用いて）少しも～でない。 / 何人かの人、いくつかのもの。 / どの人も、どのものも。 / 少しも～でない。","Japanese Wiktionary",https://ja.wiktionary.org/wiki/any,"CC BY-SA 4.0",2026-08-05,2026-08-14
anybody,"(肯定文)誰でも / (否定文)誰も / (疑問文、条件文)誰か / ひとかどの人物","Japanese Wiktionary",https://ja.wiktionary.org/wiki/anybody,"CC BY-SA 4.0",2026-08-05,2026-08-14
anyhow,"どうにかして、どうやってでも、どんな手段を使ってでも。 / いずれにせよ、何にせよ、如何せん。","Japanese Wiktionary",https://ja.wiktionary.org/wiki/anyhow,"CC BY-SA 4.0",2026-08-05,2026-08-14
anymore,"any moreの異綴。","Japanese Wiktionary",https://ja.wiktionary.org/wiki/anymore,"CC BY-SA 4.0",2026-08-05,2026-08-14
anyone,"(肯定文)誰でも。 / (否定文)誰も。 / (疑問文、条件文)誰か。","Japanese Wiktionary",https://ja.wiktionary.org/wiki/anyone,"CC BY-SA 4.0",2026-08-05,2026-08-14
anytime,"いつでも。常に。 / 「ありがとう」に対する返事の定型句。 / いつでも可能な。","Japanese Wiktionary",https://ja.wiktionary.org/wiki/anytime,"CC BY-SA 4.0",2026-08-05,2026-08-14
anywhere,"（不特定又は未定・未知の）どこかに（で）。 / （不特定又は未定・未知の）どこかへ。 / （不特定又は未定・未知の）どこか。","Japanese Wiktionary",https://ja.wiktionary.org/wiki/anywhere,"CC BY-SA 4.0",2026-08-05,2026-08-14
apace,"（with～、of～）～と歩調（ペース）を合わせて。 / 急いで、急速に。","Japanese Wiktionary",https://ja.wiktionary.org/wiki/apace,"CC BY-SA 4.0",2026-08-05,2026-08-14
apart,"離れて。 / 区別して。","Japanese Wiktionary",https://ja.wiktionary.org/wiki/apart,"CC BY-SA 4.0",2026-08-05,2026-08-14
apathetic,"無感動の。 / 無関心な。冷淡な。","Japanese Wiktionary",https://ja.wiktionary.org/wiki/apathetic,"CC BY-SA 4.0",2026-08-05,2026-08-14
aphthous,"アフタの。","Japanese Wiktionary",https://ja.wiktionary.org/wiki/aphthous,"CC BY-SA 4.0",2026-08-05,2026-08-14
apparate,"機械、装置。 / 魔法のように現れる、瞬間移動する、テレポートする。","Japanese Wiktionary",https://ja.wiktionary.org/wiki/apparate,"CC BY-SA 4.0",2026-08-05,2026-08-14
apparent,"外見上の、見かけの、表に出ている、顕在的な。 / 明らかな、はっきり見える、明瞭な、自ずと判る。","Japanese Wiktionary",https://ja.wiktionary.org/wiki/apparent,"CC BY-SA 4.0",2026-08-05,2026-08-14
apparently,"一見、ぱっとみ。 / （見聞きしたことから判断して）どうやら。 / 現れて、顕在的に、表に出て。 / はっきり、明らかに、明瞭に。","Japanese Wiktionary",https://ja.wiktionary.org/wiki/apparently,"CC BY-SA 4.0",2026-08-05,2026-08-14
appassionato,"アッパッシオナートで。","Japanese Wiktionary",https://ja.wiktionary.org/wiki/appassionato,"CC BY-SA 4.0",2026-08-05,2026-08-14
appealingly,"魅力的に。 / 訴えるように。","Japanese Wiktionary",https://ja.wiktionary.org/wiki/appealingly,"CC BY-SA 4.0",2026-08-05,2026-08-14
appetizing,"食欲をそそる、おいしそうな。 / appetizeの現在分詞。","Japanese Wiktionary",https://ja.wiktionary.org/wiki/appetizing,"CC BY-SA 4.0",2026-08-05,2026-08-14
applicable,"当てはまる / 適用される","Japanese Wiktionary",https://ja.wiktionary.org/wiki/applicable,"CC BY-SA 4.0",2026-08-05,2026-08-14
apprehensive,"恐れて。 / 心配して。 / 気遣っている。 / 聡明な。","Japanese Wiktionary",https://ja.wiktionary.org/wiki/apprehensive,"CC BY-SA 4.0",2026-08-05,2026-08-14
apprehensively,"恐れて。 / 心配そうに。 / 気遣って。","Japanese Wiktionary",https://ja.wiktionary.org/wiki/apprehensively,"CC BY-SA 4.0",2026-08-05,2026-08-14
approachable,"（場所が）近付きやすい、近付ける。 / （人が）近付きやすい、気さくな。","Japanese Wiktionary",https://ja.wiktionary.org/wiki/approachable,"CC BY-SA 4.0",2026-08-05,2026-08-14
appropriately,"適切に。","Japanese Wiktionary",https://ja.wiktionary.org/wiki/appropriately,"CC BY-SA 4.0",2026-08-05,2026-08-14
approvingly,"賛成して。是認して。満足げに。","Japanese Wiktionary",https://ja.wiktionary.org/wiki/approvingly,"CC BY-SA 4.0",2026-08-05,2026-08-14
approximately,"およそ、概","Japanese Wiktionary",https://ja.wiktionary.org/wiki/approximately,"CC BY-SA 4.0",2026-08-05,2026-08-14
apropos,"適切な。ふさわしい。 / 〜と言えば。〜については。 / ところで。 / 適切に。ふさわしく。時宜を得て。","Japanese Wiktionary",https://ja.wiktionary.org/wiki/apropos,"CC BY-SA 4.0",2026-08-05,2026-08-14
aptly,"適切に。","Japanese Wiktionary",https://ja.wiktionary.org/wiki/aptly,"CC BY-SA 4.0",2026-08-05,2026-08-14
aquae,"aquaの複数形。","Japanese Wiktionary",https://ja.wiktionary.org/wiki/aquae,"CC BY-SA 4.0",2026-08-05,2026-08-14
aqueous,"水の。含水の。水性の。","Japanese Wiktionary",https://ja.wiktionary.org/wiki/aqueous,"CC BY-SA 4.0",2026-08-05,2026-08-14
arachnology,"蜘蛛学","Japanese Wiktionary",https://ja.wiktionary.org/wiki/arachnology,"CC BY-SA 4.0",2026-08-05,2026-08-14
arbitrarily,"勝手に。恣意的に。 / 任意に。","Japanese Wiktionary",https://ja.wiktionary.org/wiki/arbitrarily,"CC BY-SA 4.0",2026-08-05,2026-08-14
arbitrary,"無作為の。 / 勝手な。気紛れな。恣意的な。 / 任意の。 / 独断的な。 / 任意のもの。","Japanese Wiktionary",https://ja.wiktionary.org/wiki/arbitrary,"CC BY-SA 4.0",2026-08-05,2026-08-14
arboreal,"樹木の。 / 樹上に住む。 / 樹上に住む動物。","Japanese Wiktionary",https://ja.wiktionary.org/wiki/arboreal,"CC BY-SA 4.0",2026-08-05,2026-08-14
arborescent,"（形状などが）樹木のような。","Japanese Wiktionary",https://ja.wiktionary.org/wiki/arborescent,"CC BY-SA 4.0",2026-08-05,2026-08-14
arcana,"アルカナ / arcanumの複数形。","Japanese Wiktionary",https://ja.wiktionary.org/wiki/arcana,"CC BY-SA 4.0",2026-08-05,2026-08-14
archaeological,"考古学の、考古学的な","Japanese Wiktionary",https://ja.wiktionary.org/wiki/archaeological,"CC BY-SA 4.0",2026-08-05,2026-08-14
archaic,"古風な、旧式の。 / 古代の、原始的な。 / 初期の。 / 古語の。 / 古さを感じさせる。","Japanese Wiktionary",https://ja.wiktionary.org/wiki/archaic,"CC BY-SA 4.0",2026-08-05,2026-08-14
architected,"architectの過去形・過去分詞。","Japanese Wiktionary",https://ja.wiktionary.org/wiki/architected,"CC BY-SA 4.0",2026-08-05,2026-08-14
architecting,"architectの現在分詞。","Japanese Wiktionary",https://ja.wiktionary.org/wiki/architecting,"CC BY-SA 4.0",2026-08-05,2026-08-14
architectural,"建築の、建築学上の。","Japanese Wiktionary",https://ja.wiktionary.org/wiki/architectural,"CC BY-SA 4.0",2026-08-05,2026-08-14
architecturally,"建築学的に。","Japanese Wiktionary",https://ja.wiktionary.org/wiki/architecturally,"CC BY-SA 4.0",2026-08-05,2026-08-14
ardent,"燃えるような、熱心な、熱烈な。","Japanese Wiktionary",https://ja.wiktionary.org/wiki/ardent,"CC BY-SA 4.0",2026-08-05,2026-08-14
arduous,"困難な。難儀な。","Japanese Wiktionary",https://ja.wiktionary.org/wiki/arduous,"CC BY-SA 4.0",2026-08-05,2026-08-14
argenteus,"アルゲンテウス銀貨","Japanese Wiktionary",https://ja.wiktionary.org/wiki/argenteus,"CC BY-SA 4.0",2026-08-05,2026-08-14
arid,"異常に乾燥した。不毛の。 / つまらない。退屈な。","Japanese Wiktionary",https://ja.wiktionary.org/wiki/arid,"CC BY-SA 4.0",2026-08-05,2026-08-14
aright,"正しく。 / 正しくする、矯正する、修正する。","Japanese Wiktionary",https://ja.wiktionary.org/wiki/aright,"CC BY-SA 4.0",2026-08-05,2026-08-14
aristocratic,"貴族政治の / 貴族の / 貴族的な","Japanese Wiktionary",https://ja.wiktionary.org/wiki/aristocratic,"CC BY-SA 4.0",2026-08-05,2026-08-14
arithmetical,"算数の、算術の、演算の","Japanese Wiktionary",https://ja.wiktionary.org/wiki/arithmetical,"CC BY-SA 4.0",2026-08-05,2026-08-14
arithmetically,"算数的に、算術的に。 / 等差級数的に。","Japanese Wiktionary",https://ja.wiktionary.org/wiki/arithmetically,"CC BY-SA 4.0",2026-08-05,2026-08-14
armer,"armの比較級。","Japanese Wiktionary",https://ja.wiktionary.org/wiki/armer,"CC BY-SA 4.0",2026-08-05,2026-08-14
aromatherapy,"アロマテラピー。芳香療法。","Japanese Wiktionary",https://ja.wiktionary.org/wiki/aromatherapy,"CC BY-SA 4.0",2026-08-05,2026-08-14
aromatique,"aromaticの廃用。","Japanese Wiktionary",https://ja.wiktionary.org/wiki/aromatique,"CC BY-SA 4.0",2026-08-05,2026-08-14
aros,"aroの複数形。","Japanese Wiktionary",https://ja.wiktionary.org/wiki/aros,"CC BY-SA 4.0",2026-08-05,2026-08-14
around,"周りに。辺りに。 / （数値が）およそ。約。程度。 / ～の周りに。～の辺りに。","Japanese Wiktionary",https://ja.wiktionary.org/wiki/around,"CC BY-SA 4.0",2026-08-05,2026-08-14
arrhythmic,"リズムのない。韻律のない。 / 不整脈の。","Japanese Wiktionary",https://ja.wiktionary.org/wiki/arrhythmic,"CC BY-SA 4.0",2026-08-05,2026-08-14
arrogant,"横柄な、傲慢な、尊大な。","Japanese Wiktionary",https://ja.wiktionary.org/wiki/arrogant,"CC BY-SA 4.0",2026-08-05,2026-08-14
arrogantly,"傲慢に","Japanese Wiktionary",https://ja.wiktionary.org/wiki/arrogantly,"CC BY-SA 4.0",2026-08-05,2026-08-14
arroyos,"arroyoの複数形。","Japanese Wiktionary",https://ja.wiktionary.org/wiki/arroyos,"CC BY-SA 4.0",2026-08-05,2026-08-14
arroz,"スペイン風の米料理。","Japanese Wiktionary",https://ja.wiktionary.org/wiki/arroz,"CC BY-SA 4.0",2026-08-05,2026-08-14
arsenite,"亜砒酸塩。","Japanese Wiktionary",https://ja.wiktionary.org/wiki/arsenite,"CC BY-SA 4.0",2026-08-05,2026-08-14
articular,"関節の。 / 冠詞の。","Japanese Wiktionary",https://ja.wiktionary.org/wiki/articular,"CC BY-SA 4.0",2026-08-05,2026-08-14
artificially,"人工的に。人為的に。","Japanese Wiktionary",https://ja.wiktionary.org/wiki/artificially,"CC BY-SA 4.0",2026-08-05,2026-08-14
artistic,"芸術の。美術の。芸術的な。 / 芸術家の。 / 芸術好きの。 / 芸術的に。","Japanese Wiktionary",https://ja.wiktionary.org/wiki/artistic,"CC BY-SA 4.0",2026-08-05,2026-08-14
artistically,"芸術的に。","Japanese Wiktionary",https://ja.wiktionary.org/wiki/artistically,"CC BY-SA 4.0",2026-08-05,2026-08-14
asap,"ASAPの異綴","Japanese Wiktionary",https://ja.wiktionary.org/wiki/asap,"CC BY-SA 4.0",2026-08-05,2026-08-14
ashamed,"恥じて。 / 恥ずかしい。 / ashameの過去形・過去分詞。","Japanese Wiktionary",https://ja.wiktionary.org/wiki/ashamed,"CC BY-SA 4.0",2026-08-05,2026-08-14
ashore,"岸に。 / 陸に、陸上に。","Japanese Wiktionary",https://ja.wiktionary.org/wiki/ashore,"CC BY-SA 4.0",2026-08-05,2026-08-14
ashwood,"トネリコ材。","Japanese Wiktionary",https://ja.wiktionary.org/wiki/ashwood,"CC BY-SA 4.0",2026-08-05,2026-08-14
askance,"疑いの目で、不信感を持って。 / 横目で、斜めに。 / 斜めの。 / 横目で見る。","Japanese Wiktionary",https://ja.wiktionary.org/wiki/askance,"CC BY-SA 4.0",2026-08-05,2026-08-14
askew,"斜めの、傾いた、歪んだ。 / 斜めに、傾いて、歪んで。","Japanese Wiktionary",https://ja.wiktionary.org/wiki/askew,"CC BY-SA 4.0",2026-08-05,2026-08-14
asleep,"眠って、ぼんやりして / （手足が）痺れて、無感覚で","Japanese Wiktionary",https://ja.wiktionary.org/wiki/asleep,"CC BY-SA 4.0",2026-08-05,2026-08-14
assai,"アッサイ。極めて。 / acaiの異綴。","Japanese Wiktionary",https://ja.wiktionary.org/wiki/assai,"CC BY-SA 4.0",2026-08-05,2026-08-14
assertive,"断定的な。 / 自信に満ちた。","Japanese Wiktionary",https://ja.wiktionary.org/wiki/assertive,"CC BY-SA 4.0",2026-08-05,2026-08-14
assertively,"断定的に。 / 自信に満ちて。","Japanese Wiktionary",https://ja.wiktionary.org/wiki/assertively,"CC BY-SA 4.0",2026-08-05,2026-08-14
assister,"援助者。","Japanese Wiktionary",https://ja.wiktionary.org/wiki/assister,"CC BY-SA 4.0",2026-08-05,2026-08-14
assn,"associationの略","Japanese Wiktionary",https://ja.wiktionary.org/wiki/assn,"CC BY-SA 4.0",2026-08-05,2026-08-14
assuredly,"自信をもって / 確実に","Japanese Wiktionary",https://ja.wiktionary.org/wiki/assuredly,"CC BY-SA 4.0",2026-08-05,2026-08-14
asswipe,"下種野郎。 / 落とし紙。トイレットペーパー。","Japanese Wiktionary",https://ja.wiktionary.org/wiki/asswipe,"CC BY-SA 4.0",2026-08-05,2026-08-14
ast,"askedの視覚方言。","Japanese Wiktionary",https://ja.wiktionary.org/wiki/ast,"CC BY-SA 4.0",2026-08-05,2026-08-14
astigmatic,"乱視の","Japanese Wiktionary",https://ja.wiktionary.org/wiki/astigmatic,"CC BY-SA 4.0",2026-08-05,2026-08-14
astray,"道に迷って。道を間違えて。 / 堕落して。","Japanese Wiktionary",https://ja.wiktionary.org/wiki/astray,"CC BY-SA 4.0",2026-08-05,2026-08-14
astrogeology,"宇宙地質学。","Japanese Wiktionary",https://ja.wiktionary.org/wiki/astrogeology,"CC BY-SA 4.0",2026-08-05,2026-08-14
astronomical,"天文学の / （量・数）天文学的な。とてつもなく多い","Japanese Wiktionary",https://ja.wiktionary.org/wiki/astronomical,"CC BY-SA 4.0",2026-08-05,2026-08-14
astronomically,"天文学的に / とてつもなく","Japanese Wiktionary",https://ja.wiktionary.org/wiki/astronomically,"CC BY-SA 4.0",2026-08-05,2026-08-14
astute,"機敏な。 / 狡猾な。","Japanese Wiktionary",https://ja.wiktionary.org/wiki/astute,"CC BY-SA 4.0",2026-08-05,2026-08-14
astutely,"機敏に。抜け目なく。","Japanese Wiktionary",https://ja.wiktionary.org/wiki/astutely,"CC BY-SA 4.0",2026-08-05,2026-08-14
asunder,"ばらばらに、離れ離れに。","Japanese Wiktionary",https://ja.wiktionary.org/wiki/asunder,"CC BY-SA 4.0",2026-08-05,2026-08-14
asymmetric,"不均整の。非対称の。非相称の。","Japanese Wiktionary",https://ja.wiktionary.org/wiki/asymmetric,"CC BY-SA 4.0",2026-08-05,2026-08-14
atari,"あたり。","Japanese Wiktionary",https://ja.wiktionary.org/wiki/atari,"CC BY-SA 4.0",2026-08-05,2026-08-14
ataris,"atariの複数形。","Japanese Wiktionary",https://ja.wiktionary.org/wiki/ataris,"CC BY-SA 4.0",2026-08-05,2026-08-14
athwart,"横方向に。 / 横切って。 / ～の横方向に。 / ～の舷側に。 / ～を横切って。","Japanese Wiktionary",https://ja.wiktionary.org/wiki/athwart,"CC BY-SA 4.0",2026-08-05,2026-08-14
atop,"～の頂上に","Japanese Wiktionary",https://ja.wiktionary.org/wiki/atop,"CC BY-SA 4.0",2026-08-05,2026-08-14
attacher,"取り付ける人。添える人。","Japanese Wiktionary",https://ja.wiktionary.org/wiki/attacher,"CC BY-SA 4.0",2026-08-05,2026-08-14
attainable,"達成可能な / 到達可能な","Japanese Wiktionary",https://ja.wiktionary.org/wiki/attainable,"CC BY-SA 4.0",2026-08-05,2026-08-14
attentive,"注意深い。 / 丁重な。","Japanese Wiktionary",https://ja.wiktionary.org/wiki/attentive,"CC BY-SA 4.0",2026-08-05,2026-08-14
attentively,"注意深く。","Japanese Wiktionary",https://ja.wiktionary.org/wiki/attentively,"CC BY-SA 4.0",2026-08-05,2026-08-14
attitudinal,"態度の","Japanese Wiktionary",https://ja.wiktionary.org/wiki/attitudinal,"CC BY-SA 4.0",2026-08-05,2026-08-14
attractive,"相手を引き寄せる。魅力的な。親近感を持たせる。","Japanese Wiktionary",https://ja.wiktionary.org/wiki/attractive,"CC BY-SA 4.0",2026-08-05,2026-08-14
attractively,"魅力的に","Japanese Wiktionary",https://ja.wiktionary.org/wiki/attractively,"CC BY-SA 4.0",2026-08-05,2026-08-14
attributable,"～に起因する。～の所為と考えられる。","Japanese Wiktionary",https://ja.wiktionary.org/wiki/attributable,"CC BY-SA 4.0",2026-08-05,2026-08-14
atypical,"通常とは異なる、一般的でない。非定型の、非典型的な、特殊な、不規則な、異型の。","Japanese Wiktionary",https://ja.wiktionary.org/wiki/atypical,"CC BY-SA 4.0",2026-08-05,2026-08-14
auburn,"金褐色の、赤褐色の。主に髪の毛。","Japanese Wiktionary",https://ja.wiktionary.org/wiki/auburn,"CC BY-SA 4.0",2026-08-05,2026-08-14
audacious,"大胆な。 / 厚かましい。無礼な。","Japanese Wiktionary",https://ja.wiktionary.org/wiki/audacious,"CC BY-SA 4.0",2026-08-05,2026-08-14
audaciously,"大胆に。 / 横柄に。","Japanese Wiktionary",https://ja.wiktionary.org/wiki/audaciously,"CC BY-SA 4.0",2026-08-05,2026-08-14
audibly,"聞こえるように。","Japanese Wiktionary",https://ja.wiktionary.org/wiki/audibly,"CC BY-SA 4.0",2026-08-05,2026-08-14
audient,"聞く。注意を払う。[16世紀半ばより] / 聞く人。","Japanese Wiktionary",https://ja.wiktionary.org/wiki/audient,"CC BY-SA 4.0",2026-08-05,2026-08-14
auditory,"聴覚の。耳の。 / audienceに同じ。 / auditoriumに同じ。","Japanese Wiktionary",https://ja.wiktionary.org/wiki/auditory,"CC BY-SA 4.0",2026-08-05,2026-08-14
augmentative,"増加的な。 / 拡大辞。","Japanese Wiktionary",https://ja.wiktionary.org/wiki/augmentative,"CC BY-SA 4.0",2026-08-05,2026-08-14
augmenter,"増大させるもの。増強因子。","Japanese Wiktionary",https://ja.wiktionary.org/wiki/augmenter,"CC BY-SA 4.0",2026-08-05,2026-08-14
aural,"耳の。 / 聴覚の。 / オーラの。","Japanese Wiktionary",https://ja.wiktionary.org/wiki/aural,"CC BY-SA 4.0",2026-08-05,2026-08-14
aureus,"アウレウス。","Japanese Wiktionary",https://ja.wiktionary.org/wiki/aureus,"CC BY-SA 4.0",2026-08-05,2026-08-14
auric,"三価金の。 / 耳の。 / オーラの。","Japanese Wiktionary",https://ja.wiktionary.org/wiki/auric,"CC BY-SA 4.0",2026-08-05,2026-08-14
auricular,"耳の。 / 聴覚の。 / 内密な。耳を介して伝わる。 / 聴覚で区別される。 / 耳介の。 / 小指。 / 耳。","Japanese Wiktionary",https://ja.wiktionary.org/wiki/auricular,"CC BY-SA 4.0",2026-08-05,2026-08-14
aurorae,"auroraの複数形。","Japanese Wiktionary",https://ja.wiktionary.org/wiki/aurorae,"CC BY-SA 4.0",2026-08-05,2026-08-14
auspicious,"幸先のよい。吉兆の。","Japanese Wiktionary",https://ja.wiktionary.org/wiki/auspicious,"CC BY-SA 4.0",2026-08-05,2026-08-14
auspiciously,"幸先良く。","Japanese Wiktionary",https://ja.wiktionary.org/wiki/auspiciously,"CC BY-SA 4.0",2026-08-05,2026-08-14
austere,"(行儀や作法、身なりに) 厳しい。厳格な。 / 簡素な。質素な。粗末な。","Japanese Wiktionary",https://ja.wiktionary.org/wiki/austere,"CC BY-SA 4.0",2026-08-05,2026-08-14
authentically,"真正に。正確に。","Japanese Wiktionary",https://ja.wiktionary.org/wiki/authentically,"CC BY-SA 4.0",2026-08-05,2026-08-14
authoritative,"当局の。権威筋の。 / 権威のある。信頼できる。 / 命令的な。高圧的な。","Japanese Wiktionary",https://ja.wiktionary.org/wiki/authoritative,"CC BY-SA 4.0",2026-08-05,2026-08-14
authoritatively,"権威をもって。命令的に。","Japanese Wiktionary",https://ja.wiktionary.org/wiki/authoritatively,"CC BY-SA 4.0",2026-08-05,2026-08-14
autocannon,"機関砲。","Japanese Wiktionary",https://ja.wiktionary.org/wiki/autocannon,"CC BY-SA 4.0",2026-08-05,2026-08-14
autoharp,"オートハープ。","Japanese Wiktionary",https://ja.wiktionary.org/wiki/autoharp,"CC BY-SA 4.0",2026-08-05,2026-08-14
automatically,"自動で。自動的に。 / 機械的に。無意識に。","Japanese Wiktionary",https://ja.wiktionary.org/wiki/automatically,"CC BY-SA 4.0",2026-08-05,2026-08-14
autonomous,"自治権を持つ。自治を敷いている。 / 自律的な。自主的な。自ら行動して決める。","Japanese Wiktionary",https://ja.wiktionary.org/wiki/autonomous,"CC BY-SA 4.0",2026-08-05,2026-08-14
autonomously,"自主的に、自律的に、主体的に。","Japanese Wiktionary",https://ja.wiktionary.org/wiki/autonomously,"CC BY-SA 4.0",2026-08-05,2026-08-14
autumnal,"秋の。 / 初老の。","Japanese Wiktionary",https://ja.wiktionary.org/wiki/autumnal,"CC BY-SA 4.0",2026-08-05,2026-08-14
ava,"kavaの異形。","Japanese Wiktionary",https://ja.wiktionary.org/wiki/ava,"CC BY-SA 4.0",2026-08-05,2026-08-14
available,"役に立つ、有用な / 入手できる / 暇な","Japanese Wiktionary",https://ja.wiktionary.org/wiki/available,"CC BY-SA 4.0",2026-08-05,2026-08-14
avaricious,"強欲な。貪欲な。","Japanese Wiktionary",https://ja.wiktionary.org/wiki/avaricious,"CC BY-SA 4.0",2026-08-05,2026-08-14
avast,"やめ。 / 静粛に。","Japanese Wiktionary",https://ja.wiktionary.org/wiki/avast,"CC BY-SA 4.0",2026-08-05,2026-08-14
averagely,"平均的に。 / 平均すると。平均して。","Japanese Wiktionary",https://ja.wiktionary.org/wiki/averagely,"CC BY-SA 4.0",2026-08-05,2026-08-14
averse,"嫌いな、〜に反対の。 / 背ける。","Japanese Wiktionary",https://ja.wiktionary.org/wiki/averse,"CC BY-SA 4.0",2026-08-05,2026-08-14
avian,"鳥の。鳥類の。鳥に似た生き物の。空を飛ぶ生き物の。 / 鳥。鳥類。 / 鳥に似た生き物。空を飛ぶ生き物。","Japanese Wiktionary",https://ja.wiktionary.org/wiki/avian,"CC BY-SA 4.0",2026-08-05,2026-08-14
avise,"adviseの廃用。","Japanese Wiktionary",https://ja.wiktionary.org/wiki/avise,"CC BY-SA 4.0",2026-08-05,2026-08-14
aviso,"通報。通達。 / 通信艦。","Japanese Wiktionary",https://ja.wiktionary.org/wiki/aviso,"CC BY-SA 4.0",2026-08-05,2026-08-14
avisos,"avisoの複数形。","Japanese Wiktionary",https://ja.wiktionary.org/wiki/avisos,"CC BY-SA 4.0",2026-08-05,2026-08-14
avocat,"弁護士。","Japanese Wiktionary",https://ja.wiktionary.org/wiki/avocat,"CC BY-SA 4.0",2026-08-05,2026-08-14
avocats,"avocatの複数形。","Japanese Wiktionary",https://ja.wiktionary.org/wiki/avocats,"CC BY-SA 4.0",2026-08-05,2026-08-14
avoidable,"回避できる。 / 回避できる物事。","Japanese Wiktionary",https://ja.wiktionary.org/wiki/avoidable,"CC BY-SA 4.0",2026-08-05,2026-08-14
avowedly,"公言して、公然と。","Japanese Wiktionary",https://ja.wiktionary.org/wiki/avowedly,"CC BY-SA 4.0",2026-08-05,2026-08-14
awaked,"awakeの過去形・過去分詞。","Japanese Wiktionary",https://ja.wiktionary.org/wiki/awaked,"CC BY-SA 4.0",2026-08-05,2026-08-14
aware,"気づいて。 / 知識のある。","Japanese Wiktionary",https://ja.wiktionary.org/wiki/aware,"CC BY-SA 4.0",2026-08-05,2026-08-14
away,"（場所、位置）～を離れて。 / 不在で、不在の。 / 別の方に / 休まず、せっせと、続けて。 / 時間的に先の、距離が隔たって / 不在の、別の場所に。 / 旅行中の、休暇中の。 / 利用できない。","Japanese Wiktionary",https://ja.wiktionary.org/wiki/away,"CC BY-SA 4.0",2026-08-05,2026-08-14
awesome,"畏敬の念を起こさせる。 / すごい。すばらしい。最高の。 / awesomenessの短縮。","Japanese Wiktionary",https://ja.wiktionary.org/wiki/awesome,"CC BY-SA 4.0",2026-08-05,2026-08-14
awesomely,"畏敬の念を起こさせて。恐ろしいほど。","Japanese Wiktionary",https://ja.wiktionary.org/wiki/awesomely,"CC BY-SA 4.0",2026-08-05,2026-08-14
awful,"恐ろしい、凄まじい。 / 酷い、卑劣な。 / 大変な。 / 畏敬の念を抱かせる。 / ひどく、とても。","Japanese Wiktionary",https://ja.wiktionary.org/wiki/awful,"CC BY-SA 4.0",2026-08-05,2026-08-14
awfully,"酷く、非常に、とても。","Japanese Wiktionary",https://ja.wiktionary.org/wiki/awfully,"CC BY-SA 4.0",2026-08-05,2026-08-14
awkward,"使いにくい。不便な。 / 不器用な。 / ぎこちない。はずかしい。","Japanese Wiktionary",https://ja.wiktionary.org/wiki/awkward,"CC BY-SA 4.0",2026-08-05,2026-08-14
azuki,"adzukiの異表記。","Japanese Wiktionary",https://ja.wiktionary.org/wiki/azuki,"CC BY-SA 4.0",2026-08-05,2026-08-14
babysat,"""babysit"" の過去形・過去分詞形。","Japanese Wiktionary",https://ja.wiktionary.org/wiki/babysat,"CC BY-SA 4.0",2026-08-05,2026-08-14
backward,"後方への。 / 逆の。 / 進歩の遅れた。 / 後方に。 / 逆に。 / 過去に溯って。 / 悪い状態に","Japanese Wiktionary",https://ja.wiktionary.org/wiki/backward,"CC BY-SA 4.0",2026-08-05,2026-08-14
backwards,"backwardに同じ。","Japanese Wiktionary",https://ja.wiktionary.org/wiki/backwards,"CC BY-SA 4.0",2026-08-05,2026-08-14
bacterial,"細菌の、バクテリアの。","Japanese Wiktionary",https://ja.wiktionary.org/wiki/bacterial,"CC BY-SA 4.0",2026-08-05,2026-08-14
bacula,"baculumの複数形。","Japanese Wiktionary",https://ja.wiktionary.org/wiki/bacula,"CC BY-SA 4.0",2026-08-05,2026-08-14
baignoire,"一階ボックス席。","Japanese Wiktionary",https://ja.wiktionary.org/wiki/baignoire,"CC BY-SA 4.0",2026-08-05,2026-08-14
bak,"(text messaging)backの省略形。","Japanese Wiktionary",https://ja.wiktionary.org/wiki/bak,"CC BY-SA 4.0",2026-08-05,2026-08-14
baleful,"悪意に満ちた。有害な。 / 惨めな。","Japanese Wiktionary",https://ja.wiktionary.org/wiki/baleful,"CC BY-SA 4.0",2026-08-05,2026-08-14
balla,"ballerの異形。","Japanese Wiktionary",https://ja.wiktionary.org/wiki/balla,"CC BY-SA 4.0",2026-08-05,2026-08-14
banque,"bankの異表記。","Japanese Wiktionary",https://ja.wiktionary.org/wiki/banque,"CC BY-SA 4.0",2026-08-05,2026-08-14
banques,"banqueの複数形。","Japanese Wiktionary",https://ja.wiktionary.org/wiki/banques,"CC BY-SA 4.0",2026-08-05,2026-08-14
baptismal,"洗礼の。 / 洗礼名。 / 洗礼盤。","Japanese Wiktionary",https://ja.wiktionary.org/wiki/baptismal,"CC BY-SA 4.0",2026-08-05,2026-08-14
barbaric,"未開の、野蛮な。","Japanese Wiktionary",https://ja.wiktionary.org/wiki/barbaric,"CC BY-SA 4.0",2026-08-05,2026-08-14
barbarous,"未開の。野蛮な。 / 無教養な。不作法な。がさつな。崩した。 / 異邦の。 / 残虐な。残酷な。非道な。残忍な。むごたらしい。","Japanese Wiktionary",https://ja.wiktionary.org/wiki/barbarous,"CC BY-SA 4.0",2026-08-05,2026-08-14
barefoot,"裸足の（で）","Japanese Wiktionary",https://ja.wiktionary.org/wiki/barefoot,"CC BY-SA 4.0",2026-08-05,2026-08-14
barefooted,"裸足の（で）","Japanese Wiktionary",https://ja.wiktionary.org/wiki/barefooted,"CC BY-SA 4.0",2026-08-05,2026-08-14
barely,"かろうじて。 / わずかな。 / むきだしに。 / あからさまに。","Japanese Wiktionary",https://ja.wiktionary.org/wiki/barely,"CC BY-SA 4.0",2026-08-05,2026-08-14
baren,"（美術）馬楝。","Japanese Wiktionary",https://ja.wiktionary.org/wiki/baren,"CC BY-SA 4.0",2026-08-05,2026-08-14
barfed,"barfの過去形・過去分詞。","Japanese Wiktionary",https://ja.wiktionary.org/wiki/barfed,"CC BY-SA 4.0",2026-08-05,2026-08-14
barfs,"barfの直説法現在第三人称単数形。","Japanese Wiktionary",https://ja.wiktionary.org/wiki/barfs,"CC BY-SA 4.0",2026-08-05,2026-08-14
baria,"重土。バライタ。","Japanese Wiktionary",https://ja.wiktionary.org/wiki/baria,"CC BY-SA 4.0",2026-08-05,2026-08-14
barreled,"""barrel"" の過去形・過去分詞。","Japanese Wiktionary",https://ja.wiktionary.org/wiki/barreled,"CC BY-SA 4.0",2026-08-05,2026-08-14
barreling,"""barrel"" の動名詞又は現在分詞。","Japanese Wiktionary",https://ja.wiktionary.org/wiki/barreling,"CC BY-SA 4.0",2026-08-05,2026-08-14
barry,"《紋章》バリー：盾 (shield) 又は盾形 (escutcheon) を金属色 (metal) と原色 (colour) が交互になるように4つ以上の偶数に水平等幅分割した模様。また、そのようなフィールド。 / 《後置修飾が原則》（金属色と原色が交互にくる）水平分割模様の","Japanese Wiktionary",https://ja.wiktionary.org/wiki/barry,"CC BY-SA 4.0",2026-08-05,2026-08-14
baseless,"根拠の無い。無根の。","Japanese Wiktionary",https://ja.wiktionary.org/wiki/baseless,"CC BY-SA 4.0",2026-08-05,2026-08-14
basely,"卑劣に。","Japanese Wiktionary",https://ja.wiktionary.org/wiki/basely,"CC BY-SA 4.0",2026-08-05,2026-08-14
bashful,"内気な、はにかみ屋の。 / 恥じらいを含んだ。","Japanese Wiktionary",https://ja.wiktionary.org/wiki/bashful,"CC BY-SA 4.0",2026-08-05,2026-08-14
basically,"基本的に、そもそも。","Japanese Wiktionary",https://ja.wiktionary.org/wiki/basically,"CC BY-SA 4.0",2026-08-05,2026-08-14
basse,"bassの旧綴り。","Japanese Wiktionary",https://ja.wiktionary.org/wiki/basse,"CC BY-SA 4.0",2026-08-05,2026-08-14
basti,"スラム、貧民窟。","Japanese Wiktionary",https://ja.wiktionary.org/wiki/basti,"CC BY-SA 4.0",2026-08-05,2026-08-14
bathwater,"浴槽の湯。","Japanese Wiktionary",https://ja.wiktionary.org/wiki/bathwater,"CC BY-SA 4.0",2026-08-05,2026-08-14
batterie,"（バレエ）バトリー。バトゥリ。バットゥリー。 / （タップダンス）連続的な素早いタップ。 / バッテリー。","Japanese Wiktionary",https://ja.wiktionary.org/wiki/batterie,"CC BY-SA 4.0",2026-08-05,2026-08-14
bday,"birthday。","Japanese Wiktionary",https://ja.wiktionary.org/wiki/bday,"CC BY-SA 4.0",2026-08-05,2026-08-14
beag,"腕輪や指輪、王冠などの、主に身に付けるための円形のもの。","Japanese Wiktionary",https://ja.wiktionary.org/wiki/beag,"CC BY-SA 4.0",2026-08-05,2026-08-14
bearable,"耐えられる。我慢できる。","Japanese Wiktionary",https://ja.wiktionary.org/wiki/bearable,"CC BY-SA 4.0",2026-08-05,2026-08-14
bearded,"鬚を生やした。 / 芒のある。 / bearded irisの省略。 / beardの過去形・過去分詞。","Japanese Wiktionary",https://ja.wiktionary.org/wiki/bearded,"CC BY-SA 4.0",2026-08-05,2026-08-14
beatable,"打ち負かされやすい","Japanese Wiktionary",https://ja.wiktionary.org/wiki/beatable,"CC BY-SA 4.0",2026-08-05,2026-08-14
beautiful,"美しい。 / 見事な。","Japanese Wiktionary",https://ja.wiktionary.org/wiki/beautiful,"CC BY-SA 4.0",2026-08-05,2026-08-14
beautifully,"美しく。","Japanese Wiktionary",https://ja.wiktionary.org/wiki/beautifully,"CC BY-SA 4.0",2026-08-05,2026-08-14
because,"（従属接続詞）なぜなら～。なぜならば。～だから。～せいで。～から。～ので。 / （名詞節を作り）～ということ。～から。","Japanese Wiktionary",https://ja.wiktionary.org/wiki/because,"CC BY-SA 4.0",2026-08-05,2026-08-14
bedridden,"寝たきりの。","Japanese Wiktionary",https://ja.wiktionary.org/wiki/bedridden,"CC BY-SA 4.0",2026-08-05,2026-08-14
beeves,"""beef"" の複数形","Japanese Wiktionary",https://ja.wiktionary.org/wiki/beeves,"CC BY-SA 4.0",2026-08-05,2026-08-14
before,"（時間）～の前に。以前に。 / （空間上の位置）～の前方に。～に直面して。～の目の前で。～の面前に。 / （記述の順番）～よりも先に。～の前に。 / 前に。以前に。今までに。これまでに。 / ～する前に。 / ～するくらいならむしろ","Japanese Wiktionary",https://ja.wiktionary.org/wiki/before,"CC BY-SA 4.0",2026-08-05,2026-08-14
beforehand,"事前に、予め。","Japanese Wiktionary",https://ja.wiktionary.org/wiki/beforehand,"CC BY-SA 4.0",2026-08-05,2026-08-14
begrudgingly,"渋渋、不本意ながら。","Japanese Wiktionary",https://ja.wiktionary.org/wiki/begrudgingly,"CC BY-SA 4.0",2026-08-05,2026-08-14
behavioral,"行動の","Japanese Wiktionary",https://ja.wiktionary.org/wiki/behavioral,"CC BY-SA 4.0",2026-08-05,2026-08-14
behavioural,"行動の、行動に関する","Japanese Wiktionary",https://ja.wiktionary.org/wiki/behavioural,"CC BY-SA 4.0",2026-08-05,2026-08-14
behinds,"behindの複数形。","Japanese Wiktionary",https://ja.wiktionary.org/wiki/behinds,"CC BY-SA 4.0",2026-08-05,2026-08-14
beholde,"behold の廃用。","Japanese Wiktionary",https://ja.wiktionary.org/wiki/beholde,"CC BY-SA 4.0",2026-08-05,2026-08-14
beholden,"（通常、toを伴って）恩を受けて。","Japanese Wiktionary",https://ja.wiktionary.org/wiki/beholden,"CC BY-SA 4.0",2026-08-05,2026-08-14
behoove,"（～することが）ふさわしい。 / ～する必要がある。 / ～のためになる。","Japanese Wiktionary",https://ja.wiktionary.org/wiki/behoove,"CC BY-SA 4.0",2026-08-05,2026-08-14
behooves,"behooveの直説法現在第三人称単数形。","Japanese Wiktionary",https://ja.wiktionary.org/wiki/behooves,"CC BY-SA 4.0",2026-08-05,2026-08-14
belated,"""belate"" の過去形・過去分詞形。 / 遅れた、遅くなった。 / 時代遅れの。","Japanese Wiktionary",https://ja.wiktionary.org/wiki/belated,"CC BY-SA 4.0",2026-08-05,2026-08-14
belatedly,"遅れて、遅くなって。 / 時代遅れとなって。","Japanese Wiktionary",https://ja.wiktionary.org/wiki/belatedly,"CC BY-SA 4.0",2026-08-05,2026-08-14
beli,"baelの異形。","Japanese Wiktionary",https://ja.wiktionary.org/wiki/beli,"CC BY-SA 4.0",2026-08-05,2026-08-14
believable,"信じられる。信用できる。","Japanese Wiktionary",https://ja.wiktionary.org/wiki/believable,"CC BY-SA 4.0",2026-08-05,2026-08-14
bellicose,"好戦的な。喧嘩早い。","Japanese Wiktionary",https://ja.wiktionary.org/wiki/bellicose,"CC BY-SA 4.0",2026-08-05,2026-08-14
belligerently,"交戦中で。 / 好戦的に。","Japanese Wiktionary",https://ja.wiktionary.org/wiki/belligerently,"CC BY-SA 4.0",2026-08-05,2026-08-14
below,"より下に。 / より劣って。 / 下に。下位に。 / 下記のこと。 / 下、下層。","Japanese Wiktionary",https://ja.wiktionary.org/wiki/below,"CC BY-SA 4.0",2026-08-05,2026-08-14
beltway,"環状道路。","Japanese Wiktionary",https://ja.wiktionary.org/wiki/beltway,"CC BY-SA 4.0",2026-08-05,2026-08-14
benchrest,"ベンチレスト射撃 / ベンチレスト","Japanese Wiktionary",https://ja.wiktionary.org/wiki/benchrest,"CC BY-SA 4.0",2026-08-05,2026-08-14
bendable,"曲げられる。","Japanese Wiktionary",https://ja.wiktionary.org/wiki/bendable,"CC BY-SA 4.0",2026-08-05,2026-08-14
beneath,"～の下に、〜の下の。 / ～の下位に、〜の下位の。 / ～に覆われて。～に隠れて。 / 下へ、下で。下の。","Japanese Wiktionary",https://ja.wiktionary.org/wiki/beneath,"CC BY-SA 4.0",2026-08-05,2026-08-14
beneficent,"慈悲深い、親切な。","Japanese Wiktionary",https://ja.wiktionary.org/wiki/beneficent,"CC BY-SA 4.0",2026-08-05,2026-08-14
beneficial,"有利な、有益な、利益を与える","Japanese Wiktionary",https://ja.wiktionary.org/wiki/beneficial,"CC BY-SA 4.0",2026-08-05,2026-08-14
benevolent,"好意的な。優しい。 / 慈悲深い。親切な。 / 慈善のための。","Japanese Wiktionary",https://ja.wiktionary.org/wiki/benevolent,"CC BY-SA 4.0",2026-08-05,2026-08-14
benevolently,"好意的に。慈悲深く。","Japanese Wiktionary",https://ja.wiktionary.org/wiki/benevolently,"CC BY-SA 4.0",2026-08-05,2026-08-14
benign,"優しい。温和な。(気候が) 温暖な。環境に優しい。 / 良性の。","Japanese Wiktionary",https://ja.wiktionary.org/wiki/benign,"CC BY-SA 4.0",2026-08-05,2026-08-14
benignant,"優しい、優雅な、好ましい。","Japanese Wiktionary",https://ja.wiktionary.org/wiki/benignant,"CC BY-SA 4.0",2026-08-05,2026-08-14
benignly,"優しく。 / (医学)予後良く。","Japanese Wiktionary",https://ja.wiktionary.org/wiki/benignly,"CC BY-SA 4.0",2026-08-05,2026-08-14
beside,"～のそばに。 / ～に比べて。 / ～から外れて。 / そばに","Japanese Wiktionary",https://ja.wiktionary.org/wiki/beside,"CC BY-SA 4.0",2026-08-05,2026-08-14
besides,"～の傍らに。 / ～の他に。～に加えて。 / ～を除いて。～以外の。 / ～もまた。 / さらに。加えて。 / その他。 / 一方。","Japanese Wiktionary",https://ja.wiktionary.org/wiki/besides,"CC BY-SA 4.0",2026-08-05,2026-08-14
between,"～の間の（に）、～の中間の / その間に。","Japanese Wiktionary",https://ja.wiktionary.org/wiki/between,"CC BY-SA 4.0",2026-08-05,2026-08-14
betwixt,"～の間に。","Japanese Wiktionary",https://ja.wiktionary.org/wiki/betwixt,"CC BY-SA 4.0",2026-08-05,2026-08-14
beveled,"bevelの過去形・過去分詞。 / 斜角の、斜めになった。","Japanese Wiktionary",https://ja.wiktionary.org/wiki/beveled,"CC BY-SA 4.0",2026-08-05,2026-08-14
beveling,"bevelの現在分詞。 / bevellingの異綴。","Japanese Wiktionary",https://ja.wiktionary.org/wiki/beveling,"CC BY-SA 4.0",2026-08-05,2026-08-14
beyond,"（位置）～から遠く離れて / （位置）～の向こう側に / （時間）～を過ぎて / （程度）より優れて、より超過して / さらに加えて / 彼方に。 / その他に（besides）。 / 未知の世界、来世","Japanese Wiktionary",https://ja.wiktionary.org/wiki/beyond,"CC BY-SA 4.0",2026-08-05,2026-08-14
biannual,"半年ごとの","Japanese Wiktionary",https://ja.wiktionary.org/wiki/biannual,"CC BY-SA 4.0",2026-08-05,2026-08-14
bicicletta,"カクテルの一種で、白ワイン、カンパリ、ソーダ、柑橘によってつくられるもの。","Japanese Wiktionary",https://ja.wiktionary.org/wiki/bicicletta,"CC BY-SA 4.0",2026-08-05,2026-08-14
bicyclette,"biciclettaの類義語。","Japanese Wiktionary",https://ja.wiktionary.org/wiki/bicyclette,"CC BY-SA 4.0",2026-08-05,2026-08-14
bidimensional,"二次元の。","Japanese Wiktionary",https://ja.wiktionary.org/wiki/bidimensional,"CC BY-SA 4.0",2026-08-05,2026-08-14
bigamous,"重婚の","Japanese Wiktionary",https://ja.wiktionary.org/wiki/bigamous,"CC BY-SA 4.0",2026-08-05,2026-08-14
biggers,"あるものよりも大きい複数のもの。 / ""bigger"" の三人称単数現在形。","Japanese Wiktionary",https://ja.wiktionary.org/wiki/biggers,"CC BY-SA 4.0",2026-08-05,2026-08-14
bil,"billionの略。","Japanese Wiktionary",https://ja.wiktionary.org/wiki/bil,"CC BY-SA 4.0",2026-08-05,2026-08-14
biliary,"胆汁の","Japanese Wiktionary",https://ja.wiktionary.org/wiki/biliary,"CC BY-SA 4.0",2026-08-05,2026-08-14
bioinformatics,"生物情報科学、バイオインフォマティクス。","Japanese Wiktionary",https://ja.wiktionary.org/wiki/bioinformatics,"CC BY-SA 4.0",2026-08-05,2026-08-14
biologically,"生物学的に。 / 生物学に関して。","Japanese Wiktionary",https://ja.wiktionary.org/wiki/biologically,"CC BY-SA 4.0",2026-08-05,2026-08-14
biostatistician,"生物統計学者。","Japanese Wiktionary",https://ja.wiktionary.org/wiki/biostatistician,"CC BY-SA 4.0",2026-08-05,2026-08-14
biotechnological,"生物工学の、バイオテクノロジーの。","Japanese Wiktionary",https://ja.wiktionary.org/wiki/biotechnological,"CC BY-SA 4.0",2026-08-05,2026-08-14
bioterrorist,"バイオテロリスト。","Japanese Wiktionary",https://ja.wiktionary.org/wiki/bioterrorist,"CC BY-SA 4.0",2026-08-05,2026-08-14
birdlike,"小鳥のような。 / 軽快な。 / か弱い。","Japanese Wiktionary",https://ja.wiktionary.org/wiki/birdlike,"CC BY-SA 4.0",2026-08-05,2026-08-14
birthed,"birthの過去形・過去分詞。","Japanese Wiktionary",https://ja.wiktionary.org/wiki/birthed,"CC BY-SA 4.0",2026-08-05,2026-08-14
birthweight,"birth weightの異綴。","Japanese Wiktionary",https://ja.wiktionary.org/wiki/birthweight,"CC BY-SA 4.0",2026-08-05,2026-08-14
bisector,"二等分線。","Japanese Wiktionary",https://ja.wiktionary.org/wiki/bisector,"CC BY-SA 4.0",2026-08-05,2026-08-14
bisectors,"bisectorの複数形。","Japanese Wiktionary",https://ja.wiktionary.org/wiki/bisectors,"CC BY-SA 4.0",2026-08-05,2026-08-14
bist,"単数形に対するコピュラ（=are, am, is）","Japanese Wiktionary",https://ja.wiktionary.org/wiki/bist,"CC BY-SA 4.0",2026-08-05,2026-08-14
bittering,"""bitter"" の動名詞形又は現在分詞形。","Japanese Wiktionary",https://ja.wiktionary.org/wiki/bittering,"CC BY-SA 4.0",2026-08-05,2026-08-14
bitterly,"苦く。 / （評価などが）厳しく。","Japanese Wiktionary",https://ja.wiktionary.org/wiki/bitterly,"CC BY-SA 4.0",2026-08-05,2026-08-14
bizarre,"奇妙な。","Japanese Wiktionary",https://ja.wiktionary.org/wiki/bizarre,"CC BY-SA 4.0",2026-08-05,2026-08-14
blading,"bladeの現在分詞。","Japanese Wiktionary",https://ja.wiktionary.org/wiki/blading,"CC BY-SA 4.0",2026-08-05,2026-08-14
blameless,"非難しようのない、非の打ち所が無い。 / 潔白な。","Japanese Wiktionary",https://ja.wiktionary.org/wiki/blameless,"CC BY-SA 4.0",2026-08-05,2026-08-14
blankly,"ぼんやりと。うつろに。 / きっぱりと。","Japanese Wiktionary",https://ja.wiktionary.org/wiki/blankly,"CC BY-SA 4.0",2026-08-05,2026-08-14
blasphemous,"不敬な、冒涜的な。","Japanese Wiktionary",https://ja.wiktionary.org/wiki/blasphemous,"CC BY-SA 4.0",2026-08-05,2026-08-14
blatant,"見え見えの、露骨な / 恥知らずの、ずうずうしい","Japanese Wiktionary",https://ja.wiktionary.org/wiki/blatant,"CC BY-SA 4.0",2026-08-05,2026-08-14
bleakly,"寒寒と。","Japanese Wiktionary",https://ja.wiktionary.org/wiki/bleakly,"CC BY-SA 4.0",2026-08-05,2026-08-14
blinde,"blindの旧綴り。","Japanese Wiktionary",https://ja.wiktionary.org/wiki/blinde,"CC BY-SA 4.0",2026-08-05,2026-08-14
blindingly,"目を眩ませるほど。 / 極めて。極度に。","Japanese Wiktionary",https://ja.wiktionary.org/wiki/blindingly,"CC BY-SA 4.0",2026-08-05,2026-08-14
blindly,"手探りで。 / やみくもに。無分別に。","Japanese Wiktionary",https://ja.wiktionary.org/wiki/blindly,"CC BY-SA 4.0",2026-08-05,2026-08-14
blissful,"この上なく幸せな、至福の。","Japanese Wiktionary",https://ja.wiktionary.org/wiki/blissful,"CC BY-SA 4.0",2026-08-05,2026-08-14
blissfully,"この上なく幸せに。","Japanese Wiktionary",https://ja.wiktionary.org/wiki/blissfully,"CC BY-SA 4.0",2026-08-05,2026-08-14
bloodflow,"blood flowの異綴。","Japanese Wiktionary",https://ja.wiktionary.org/wiki/bloodflow,"CC BY-SA 4.0",2026-08-05,2026-08-14
bloodless,"血を流さない、無血の、（事件などが）死を伴わない。 / 血の気のない、活気の無い、青ざめた。 / 冷酷な、非情な、血も涙もない。","Japanese Wiktionary",https://ja.wiktionary.org/wiki/bloodless,"CC BY-SA 4.0",2026-08-05,2026-08-14
bloodshot,"（目が）充血した。","Japanese Wiktionary",https://ja.wiktionary.org/wiki/bloodshot,"CC BY-SA 4.0",2026-08-05,2026-08-14
bloodstained,"血痕の付いた、血塗れの。","Japanese Wiktionary",https://ja.wiktionary.org/wiki/bloodstained,"CC BY-SA 4.0",2026-08-05,2026-08-14
bluish,"青みがかった。 / 悲愴な。","Japanese Wiktionary",https://ja.wiktionary.org/wiki/bluish,"CC BY-SA 4.0",2026-08-05,2026-08-14
bluntly,"ぶっきらぼうに。素っ気なく。遠慮なく。率直に。","Japanese Wiktionary",https://ja.wiktionary.org/wiki/bluntly,"CC BY-SA 4.0",2026-08-05,2026-08-14
boastful,"自慢する。 / 自慢に満ちた。","Japanese Wiktionary",https://ja.wiktionary.org/wiki/boastful,"CC BY-SA 4.0",2026-08-05,2026-08-14
boastfully,"自慢そうに","Japanese Wiktionary",https://ja.wiktionary.org/wiki/boastfully,"CC BY-SA 4.0",2026-08-05,2026-08-14
bobblehead,"首振り人形。 / 思慮に欠ける人。","Japanese Wiktionary",https://ja.wiktionary.org/wiki/bobblehead,"CC BY-SA 4.0",2026-08-05,2026-08-14
bobbleheads,"bobbleheadの複数形。","Japanese Wiktionary",https://ja.wiktionary.org/wiki/bobbleheads,"CC BY-SA 4.0",2026-08-05,2026-08-14
bodhi,"菩提。","Japanese Wiktionary",https://ja.wiktionary.org/wiki/bodhi,"CC BY-SA 4.0",2026-08-05,2026-08-14
bodied,"""body"" の過去形・過去分詞形。","Japanese Wiktionary",https://ja.wiktionary.org/wiki/bodied,"CC BY-SA 4.0",2026-08-05,2026-08-14
boisterous,"騒騒しい、やかましい、賑やかな。 / （天候などが）荒れ狂う、荒天の。","Japanese Wiktionary",https://ja.wiktionary.org/wiki/boisterous,"CC BY-SA 4.0",2026-08-05,2026-08-14
boisterously,"騒騒しく、荒荒しく。 / （天候などが）荒れ狂って。","Japanese Wiktionary",https://ja.wiktionary.org/wiki/boisterously,"CC BY-SA 4.0",2026-08-05,2026-08-14
bolded,"boldの過去形・過去分詞。","Japanese Wiktionary",https://ja.wiktionary.org/wiki/bolded,"CC BY-SA 4.0",2026-08-05,2026-08-14
bolding,"boldの現在分詞。","Japanese Wiktionary",https://ja.wiktionary.org/wiki/bolding,"CC BY-SA 4.0",2026-08-05,2026-08-14
boldly,"大胆に。ずうずうしく。 / 際立って。","Japanese Wiktionary",https://ja.wiktionary.org/wiki/boldly,"CC BY-SA 4.0",2026-08-05,2026-08-14
bolds,"boldの直説法現在第三人称単数形。","Japanese Wiktionary",https://ja.wiktionary.org/wiki/bolds,"CC BY-SA 4.0",2026-08-05,2026-08-14
bombastic,"（人・言葉などが）大袈裟な。","Japanese Wiktionary",https://ja.wiktionary.org/wiki/bombastic,"CC BY-SA 4.0",2026-08-05,2026-08-14
boneless,"（食肉が）骨なしの","Japanese Wiktionary",https://ja.wiktionary.org/wiki/boneless,"CC BY-SA 4.0",2026-08-05,2026-08-14
bonjour,"おはよう。 / フランス語でbonjourと挨拶する。","Japanese Wiktionary",https://ja.wiktionary.org/wiki/bonjour,"CC BY-SA 4.0",2026-08-05,2026-08-14
boobie,"booby（女性の胸）の異綴。","Japanese Wiktionary",https://ja.wiktionary.org/wiki/boobie,"CC BY-SA 4.0",2026-08-05,2026-08-14
bookmarked,"bookmark の変化形: ## 過去。 ## 過去分詞。","Japanese Wiktionary",https://ja.wiktionary.org/wiki/bookmarked,"CC BY-SA 4.0",2026-08-05,2026-08-14
bookmarking,"bookmark の変化形: ## ジェランド。 ## 現在分詞。","Japanese Wiktionary",https://ja.wiktionary.org/wiki/bookmarking,"CC BY-SA 4.0",2026-08-05,2026-08-14
boombox,"boom boxの異綴。","Japanese Wiktionary",https://ja.wiktionary.org/wiki/boombox,"CC BY-SA 4.0",2026-08-05,2026-08-14
boomboxes,"boomboxの複数形。","Japanese Wiktionary",https://ja.wiktionary.org/wiki/boomboxes,"CC BY-SA 4.0",2026-08-05,2026-08-14
boras,"boraの複数形。","Japanese Wiktionary",https://ja.wiktionary.org/wiki/boras,"CC BY-SA 4.0",2026-08-05,2026-08-14
bord,"board の廃用。[11–17世紀] / bourd の廃用。[14–17世紀] / 坑道。","Japanese Wiktionary",https://ja.wiktionary.org/wiki/bord,"CC BY-SA 4.0",2026-08-05,2026-08-14
bordure,"縁、ボーデュア：盾型の周囲を縁取る図形の一種。","Japanese Wiktionary",https://ja.wiktionary.org/wiki/bordure,"CC BY-SA 4.0",2026-08-05,2026-08-14
boreal,"北の、北からの。","Japanese Wiktionary",https://ja.wiktionary.org/wiki/boreal,"CC BY-SA 4.0",2026-08-05,2026-08-14
boringly,"うんざりする程","Japanese Wiktionary",https://ja.wiktionary.org/wiki/boringly,"CC BY-SA 4.0",2026-08-05,2026-08-14
boro,"（ジャマイカ）借りる（＜borrow）。 / boroughの異綴。","Japanese Wiktionary",https://ja.wiktionary.org/wiki/boro,"CC BY-SA 4.0",2026-08-05,2026-08-14
boros,"boroの複数形。","Japanese Wiktionary",https://ja.wiktionary.org/wiki/boros,"CC BY-SA 4.0",2026-08-05,2026-08-14
both,"両方の、双方の / 両方。双方。どちらも。 / （both A and B の形で）AもBも。AとBの両方。","Japanese Wiktionary",https://ja.wiktionary.org/wiki/both,"CC BY-SA 4.0",2026-08-05,2026-08-14
bothersome,"面倒な、厄介な。","Japanese Wiktionary",https://ja.wiktionary.org/wiki/bothersome,"CC BY-SA 4.0",2026-08-05,2026-08-14
bottlings,"""bottling"" の複数形","Japanese Wiktionary",https://ja.wiktionary.org/wiki/bottlings,"CC BY-SA 4.0",2026-08-05,2026-08-14
bottomless,"底の無い。 / 底無しの、非常に深い。 / 際限のない、無限の。 / 不可解な。 / 下半身裸の。","Japanese Wiktionary",https://ja.wiktionary.org/wiki/bottomless,"CC BY-SA 4.0",2026-08-05,2026-08-14
boundless,"限りない、無限の。","Japanese Wiktionary",https://ja.wiktionary.org/wiki/boundless,"CC BY-SA 4.0",2026-08-05,2026-08-14
bounteous,"気前の良い。 / 豊富な。","Japanese Wiktionary",https://ja.wiktionary.org/wiki/bounteous,"CC BY-SA 4.0",2026-08-05,2026-08-14
bountiful,"気前の良い。 / 豊富な。","Japanese Wiktionary",https://ja.wiktionary.org/wiki/bountiful,"CC BY-SA 4.0",2026-08-05,2026-08-14
bountifully,"気前良く。 / 豊富に。","Japanese Wiktionary",https://ja.wiktionary.org/wiki/bountifully,"CC BY-SA 4.0",2026-08-05,2026-08-14
bouton,"神経線維末端。","Japanese Wiktionary",https://ja.wiktionary.org/wiki/bouton,"CC BY-SA 4.0",2026-08-05,2026-08-14
boutons,"boutonの複数形。","Japanese Wiktionary",https://ja.wiktionary.org/wiki/boutons,"CC BY-SA 4.0",2026-08-05,2026-08-14
bove,"～より上に。","Japanese Wiktionary",https://ja.wiktionary.org/wiki/bove,"CC BY-SA 4.0",2026-08-05,2026-08-14
boxtree,"box treeの異綴。","Japanese Wiktionary",https://ja.wiktionary.org/wiki/boxtree,"CC BY-SA 4.0",2026-08-05,2026-08-14
brachiosaurus,"ブラキオサウルス","Japanese Wiktionary",https://ja.wiktionary.org/wiki/brachiosaurus,"CC BY-SA 4.0",2026-08-05,2026-08-14
braider,"編み込みをする人。","Japanese Wiktionary",https://ja.wiktionary.org/wiki/braider,"CC BY-SA 4.0",2026-08-05,2026-08-14
braindead,"脳死の / 愚かな","Japanese Wiktionary",https://ja.wiktionary.org/wiki/braindead,"CC BY-SA 4.0",2026-08-05,2026-08-14
brainless,"頭が悪い","Japanese Wiktionary",https://ja.wiktionary.org/wiki/brainless,"CC BY-SA 4.0",2026-08-05,2026-08-14
bravely,"勇敢にも、勇ましく","Japanese Wiktionary",https://ja.wiktionary.org/wiki/bravely,"CC BY-SA 4.0",2026-08-05,2026-08-14
breaded,"""bread"" の過去形・過去分詞形。","Japanese Wiktionary",https://ja.wiktionary.org/wiki/breaded,"CC BY-SA 4.0",2026-08-05,2026-08-14
breading,"""bread"" の動名詞形又は現在分詞形。","Japanese Wiktionary",https://ja.wiktionary.org/wiki/breading,"CC BY-SA 4.0",2026-08-05,2026-08-14
breakthru,"breakthroughの異綴。","Japanese Wiktionary",https://ja.wiktionary.org/wiki/breakthru,"CC BY-SA 4.0",2026-08-05,2026-08-14
breathtaking,"息を呑むような。はらはらさせる。","Japanese Wiktionary",https://ja.wiktionary.org/wiki/breathtaking,"CC BY-SA 4.0",2026-08-05,2026-08-14
briefly,"簡潔に。手短に。 / 暫く。一時的に。","Japanese Wiktionary",https://ja.wiktionary.org/wiki/briefly,"CC BY-SA 4.0",2026-08-05,2026-08-14
brightly,"明るく、輝いて。","Japanese Wiktionary",https://ja.wiktionary.org/wiki/brightly,"CC BY-SA 4.0",2026-08-05,2026-08-14
brilliantly,"輝いて。煌めいて。","Japanese Wiktionary",https://ja.wiktionary.org/wiki/brilliantly,"CC BY-SA 4.0",2026-08-05,2026-08-14
broadly,"広範囲に / 大まかに / 大体","Japanese Wiktionary",https://ja.wiktionary.org/wiki/broadly,"CC BY-SA 4.0",2026-08-05,2026-08-14
broderie,"刺繍の模様。","Japanese Wiktionary",https://ja.wiktionary.org/wiki/broderie,"CC BY-SA 4.0",2026-08-05,2026-08-14
brokering,"""broker"" の動名詞形又は現在分詞形。","Japanese Wiktionary",https://ja.wiktionary.org/wiki/brokering,"CC BY-SA 4.0",2026-08-05,2026-08-14
broking,"brokeの動名詞又は現在分詞。","Japanese Wiktionary",https://ja.wiktionary.org/wiki/broking,"CC BY-SA 4.0",2026-08-05,2026-08-14
bronchi,"bronchusの複数形","Japanese Wiktionary",https://ja.wiktionary.org/wiki/bronchi,"CC BY-SA 4.0",2026-08-05,2026-08-14
bronchial,"気管支の","Japanese Wiktionary",https://ja.wiktionary.org/wiki/bronchial,"CC BY-SA 4.0",2026-08-05,2026-08-14
bronzed,"""bronze"" の過去形・過去分詞形。 / 青銅でコーティングされた。 / 日焼けした。","Japanese Wiktionary",https://ja.wiktionary.org/wiki/bronzed,"CC BY-SA 4.0",2026-08-05,2026-08-14
brotherly,"兄弟の。兄弟のような。 / 親身な。優しい。","Japanese Wiktionary",https://ja.wiktionary.org/wiki/brotherly,"CC BY-SA 4.0",2026-08-05,2026-08-14
browed,"眉を持った、眉がある。","Japanese Wiktionary",https://ja.wiktionary.org/wiki/browed,"CC BY-SA 4.0",2026-08-05,2026-08-14
brunching,"brunchの現在分詞。","Japanese Wiktionary",https://ja.wiktionary.org/wiki/brunching,"CC BY-SA 4.0",2026-08-05,2026-08-14
brutally,"残忍に","Japanese Wiktionary",https://ja.wiktionary.org/wiki/brutally,"CC BY-SA 4.0",2026-08-05,2026-08-14
brutish,"けだもののような。 / 残酷な。 / 愚鈍な。 / 肉欲的な。","Japanese Wiktionary",https://ja.wiktionary.org/wiki/brutish,"CC BY-SA 4.0",2026-08-05,2026-08-14
buddied,"buddyの過去形・過去分詞。","Japanese Wiktionary",https://ja.wiktionary.org/wiki/buddied,"CC BY-SA 4.0",2026-08-05,2026-08-14
budgetary,"予算の。","Japanese Wiktionary",https://ja.wiktionary.org/wiki/budgetary,"CC BY-SA 4.0",2026-08-05,2026-08-14
budo,"武道。","Japanese Wiktionary",https://ja.wiktionary.org/wiki/budo,"CC BY-SA 4.0",2026-08-05,2026-08-14
bulbous,"球根状の、膨らんだ。 / 球根から生じる。","Japanese Wiktionary",https://ja.wiktionary.org/wiki/bulbous,"CC BY-SA 4.0",2026-08-05,2026-08-14
buoyant,"浮力のある。 / 朗らかな。快活な。陽気な。 / （景気などが）上昇傾向の。","Japanese Wiktionary",https://ja.wiktionary.org/wiki/buoyant,"CC BY-SA 4.0",2026-08-05,2026-08-14
burdensome,"負担の重い。 / 厄介な。","Japanese Wiktionary",https://ja.wiktionary.org/wiki/burdensome,"CC BY-SA 4.0",2026-08-05,2026-08-14
bureaucratic,"官僚的な。官僚制度の。","Japanese Wiktionary",https://ja.wiktionary.org/wiki/bureaucratic,"CC BY-SA 4.0",2026-08-05,2026-08-14
bureaucratically,"官僚的に。","Japanese Wiktionary",https://ja.wiktionary.org/wiki/bureaucratically,"CC BY-SA 4.0",2026-08-05,2026-08-14
bursted,"burstの過去形・過去分詞。","Japanese Wiktionary",https://ja.wiktionary.org/wiki/bursted,"CC BY-SA 4.0",2026-08-05,2026-08-14
bushi,"武士。","Japanese Wiktionary",https://ja.wiktionary.org/wiki/bushi,"CC BY-SA 4.0",2026-08-05,2026-08-14
busily,"忙しく。","Japanese Wiktionary",https://ja.wiktionary.org/wiki/busily,"CC BY-SA 4.0",2026-08-05,2026-08-14
businesslike,"（人柄や手法が）個人的な事柄を持ち込まずに、効率や実用を重視して物事を行うさま。事務的な。ビジネスライクな。","Japanese Wiktionary",https://ja.wiktionary.org/wiki/businesslike,"CC BY-SA 4.0",2026-08-05,2026-08-14
buxom,"（女性が）豊満な、胸の豊かな。 / 健康で快活な。 / しなやかな、柔軟な。 / 影響されやすい。","Japanese Wiktionary",https://ja.wiktionary.org/wiki/buxom,"CC BY-SA 4.0",2026-08-05,2026-08-14
by,"（位置） ～のそばに。 / （時間） ～までに。 / (受動態の主体を示す) ～によって。 / (作品の製作者を示す) ～によって。 / (手段) ～によって。 / (規準、法則、ルール) ～のルールで / (変化、変移) ～の / (X by X 又は by Xsの形で連続することを示す)～毎に / 通り過ぎて。","Japanese Wiktionary",https://ja.wiktionary.org/wiki/by,"CC BY-SA 4.0",2026-08-05,2026-08-14
byr,"billion yearsの略。","Japanese Wiktionary",https://ja.wiktionary.org/wiki/byr,"CC BY-SA 4.0",2026-08-05,2026-08-14
cacher,"隠し場所に隠す人","Japanese Wiktionary",https://ja.wiktionary.org/wiki/cacher,"CC BY-SA 4.0",2026-08-05,2026-08-14
caecal,"盲腸の。","Japanese Wiktionary",https://ja.wiktionary.org/wiki/caecal,"CC BY-SA 4.0",2026-08-05,2026-08-14
calamitous,"災難をもたらす、悲惨な、不幸な","Japanese Wiktionary",https://ja.wiktionary.org/wiki/calamitous,"CC BY-SA 4.0",2026-08-05,2026-08-14
calculable,"計れる、計算できる。 / 予測できる。 / 信頼できる。当てになる。","Japanese Wiktionary",https://ja.wiktionary.org/wiki/calculable,"CC BY-SA 4.0",2026-08-05,2026-08-14
callee,"（電話上で）発信者 (caller) から電話を架けられた者。受信者。 / 他の関数から呼ばれた関数。","Japanese Wiktionary",https://ja.wiktionary.org/wiki/callee,"CC BY-SA 4.0",2026-08-05,2026-08-14
calmly,"冷静に / 穏やかに / 静かに","Japanese Wiktionary",https://ja.wiktionary.org/wiki/calmly,"CC BY-SA 4.0",2026-08-05,2026-08-14
cambio,"両替所。","Japanese Wiktionary",https://ja.wiktionary.org/wiki/cambio,"CC BY-SA 4.0",2026-08-05,2026-08-14
camelid,"ラクダ科","Japanese Wiktionary",https://ja.wiktionary.org/wiki/camelid,"CC BY-SA 4.0",2026-08-05,2026-08-14
camelids,"camelidの複数形。","Japanese Wiktionary",https://ja.wiktionary.org/wiki/camelids,"CC BY-SA 4.0",2026-08-05,2026-08-14
campi,"campusの複数形。","Japanese Wiktionary",https://ja.wiktionary.org/wiki/campi,"CC BY-SA 4.0",2026-08-05,2026-08-14
campylobacter,"カンピロバクター。","Japanese Wiktionary",https://ja.wiktionary.org/wiki/campylobacter,"CC BY-SA 4.0",2026-08-05,2026-08-14
cancelation,"取り消し。 / 削除。 / 抹消。 / 除算で公約数同士を打ち消すこと。 / 消印。 / 商標権や特許権の登録権利を放棄する事。","Japanese Wiktionary",https://ja.wiktionary.org/wiki/cancelation,"CC BY-SA 4.0",2026-08-05,2026-08-14
cancelations,"""cancelation"" の複数形","Japanese Wiktionary",https://ja.wiktionary.org/wiki/cancelations,"CC BY-SA 4.0",2026-08-05,2026-08-14
canceled,"""cancel"" の過去形・過去分詞形。","Japanese Wiktionary",https://ja.wiktionary.org/wiki/canceled,"CC BY-SA 4.0",2026-08-05,2026-08-14
canceling,"""cancel"" の動名詞形又は現在分詞形。","Japanese Wiktionary",https://ja.wiktionary.org/wiki/canceling,"CC BY-SA 4.0",2026-08-05,2026-08-14
cancellable,"取り消し可能な。","Japanese Wiktionary",https://ja.wiktionary.org/wiki/cancellable,"CC BY-SA 4.0",2026-08-05,2026-08-14
candler,"蝋燭屋。蝋燭師。 / 検卵者。検卵器。","Japanese Wiktionary",https://ja.wiktionary.org/wiki/candler,"CC BY-SA 4.0",2026-08-05,2026-08-14
candling,"candleの動名詞又は現在分詞。","Japanese Wiktionary",https://ja.wiktionary.org/wiki/candling,"CC BY-SA 4.0",2026-08-05,2026-08-14
cang,"cangueの異形。","Japanese Wiktionary",https://ja.wiktionary.org/wiki/cang,"CC BY-SA 4.0",2026-08-05,2026-08-14
caninus,"口角挙筋","Japanese Wiktionary",https://ja.wiktionary.org/wiki/caninus,"CC BY-SA 4.0",2026-08-05,2026-08-14
canned,"""can（缶詰にする）"" の過去形・過去分詞形。 / 缶詰になった、缶入りの。 / 酔った。 / 紋切り型の。","Japanese Wiktionary",https://ja.wiktionary.org/wiki/canned,"CC BY-SA 4.0",2026-08-05,2026-08-14
canning,"""can"" の動名詞形又は現在分詞形。 / 製缶、缶詰にすること。","Japanese Wiktionary",https://ja.wiktionary.org/wiki/canning,"CC BY-SA 4.0",2026-08-05,2026-08-14
cannot,"（不能）～できない。 / （心理的困難）～するわけにいかない。 / （禁止）～してはならない。 / （打消しの推量）～のはずがない。","Japanese Wiktionary",https://ja.wiktionary.org/wiki/cannot,"CC BY-SA 4.0",2026-08-05,2026-08-14
canonical,"教会法に基づく。 / 正統な、規範的な、標準的な。 / 原型的な。 / カノン形式の。 / 聖書正典の。 / 基準の、正準な。 / 原典に基づく。 / 聖職服。","Japanese Wiktionary",https://ja.wiktionary.org/wiki/canonical,"CC BY-SA 4.0",2026-08-05,2026-08-14
cantankerous,"怒りっぽい。気難しい。意地悪な。","Japanese Wiktionary",https://ja.wiktionary.org/wiki/cantankerous,"CC BY-SA 4.0",2026-08-05,2026-08-14
cantar,"kantar（カンタール:アラブ諸国の重量単位）の異綴。","Japanese Wiktionary",https://ja.wiktionary.org/wiki/cantar,"CC BY-SA 4.0",2026-08-05,2026-08-14
canzone,"カンツォーネ。","Japanese Wiktionary",https://ja.wiktionary.org/wiki/canzone,"CC BY-SA 4.0",2026-08-05,2026-08-14
canzoni,"canzoneの複数形。","Japanese Wiktionary",https://ja.wiktionary.org/wiki/canzoni,"CC BY-SA 4.0",2026-08-05,2026-08-14
capable,"～の能力がある / ～できる / ～の可能性がある / 有能な","Japanese Wiktionary",https://ja.wiktionary.org/wiki/capable,"CC BY-SA 4.0",2026-08-05,2026-08-14
capoeira,"カポエイラ","Japanese Wiktionary",https://ja.wiktionary.org/wiki/capoeira,"CC BY-SA 4.0",2026-08-05,2026-08-14
capricious,"急変する、気紛れな。","Japanese Wiktionary",https://ja.wiktionary.org/wiki/capricious,"CC BY-SA 4.0",2026-08-05,2026-08-14
capriciously,"急変して、気紛れに。","Japanese Wiktionary",https://ja.wiktionary.org/wiki/capriciously,"CC BY-SA 4.0",2026-08-05,2026-08-14
caravaning,"caravanの現在分詞。","Japanese Wiktionary",https://ja.wiktionary.org/wiki/caravaning,"CC BY-SA 4.0",2026-08-05,2026-08-14
carbo,"炭水化物。","Japanese Wiktionary",https://ja.wiktionary.org/wiki/carbo,"CC BY-SA 4.0",2026-08-05,2026-08-14
carcinogenesis,"発癌。","Japanese Wiktionary",https://ja.wiktionary.org/wiki/carcinogenesis,"CC BY-SA 4.0",2026-08-05,2026-08-14
cardiomyocyte,"心筋細胞。","Japanese Wiktionary",https://ja.wiktionary.org/wiki/cardiomyocyte,"CC BY-SA 4.0",2026-08-05,2026-08-14
cardiomyocytes,"cardiomyocyteの複数形。","Japanese Wiktionary",https://ja.wiktionary.org/wiki/cardiomyocytes,"CC BY-SA 4.0",2026-08-05,2026-08-14
cardiopulmonary,"心肺の。","Japanese Wiktionary",https://ja.wiktionary.org/wiki/cardiopulmonary,"CC BY-SA 4.0",2026-08-05,2026-08-14
cardiovascular,"心臓血管の。","Japanese Wiktionary",https://ja.wiktionary.org/wiki/cardiovascular,"CC BY-SA 4.0",2026-08-05,2026-08-14
carefree,"心配のない、楽天的な、呑気な。","Japanese Wiktionary",https://ja.wiktionary.org/wiki/carefree,"CC BY-SA 4.0",2026-08-05,2026-08-14
careful,"注意深い。 / 慎重な。 / 気をつけて。 / 大切な。","Japanese Wiktionary",https://ja.wiktionary.org/wiki/careful,"CC BY-SA 4.0",2026-08-05,2026-08-14
carefully,"悲しげに。 / 注意深く。 / 慎重に。 / 入念に。","Japanese Wiktionary",https://ja.wiktionary.org/wiki/carefully,"CC BY-SA 4.0",2026-08-05,2026-08-14
careless,"不注意な。 / 軽率な。 / 気にしない。 / 故意に無視する。 / 心配のない。 / 気楽な。","Japanese Wiktionary",https://ja.wiktionary.org/wiki/careless,"CC BY-SA 4.0",2026-08-05,2026-08-14
carelessly,"不注意に / 軽率に","Japanese Wiktionary",https://ja.wiktionary.org/wiki/carelessly,"CC BY-SA 4.0",2026-08-05,2026-08-14
careworn,"心配でやつれた。","Japanese Wiktionary",https://ja.wiktionary.org/wiki/careworn,"CC BY-SA 4.0",2026-08-05,2026-08-14
cariad,"最愛の人。","Japanese Wiktionary",https://ja.wiktionary.org/wiki/cariad,"CC BY-SA 4.0",2026-08-05,2026-08-14
carious,"（骨が）カリエスにかかった。 / 虫歯の。","Japanese Wiktionary",https://ja.wiktionary.org/wiki/carious,"CC BY-SA 4.0",2026-08-05,2026-08-14
carnivorous,"食肉類の / 肉食の、捕食の / (植物学)食虫の","Japanese Wiktionary",https://ja.wiktionary.org/wiki/carnivorous,"CC BY-SA 4.0",2026-08-05,2026-08-14
carpi,"carpusの複数形。","Japanese Wiktionary",https://ja.wiktionary.org/wiki/carpi,"CC BY-SA 4.0",2026-08-05,2026-08-14
caselaw,"case lawの異形。","Japanese Wiktionary",https://ja.wiktionary.org/wiki/caselaw,"CC BY-SA 4.0",2026-08-05,2026-08-14
casini,"casinoの複数形。","Japanese Wiktionary",https://ja.wiktionary.org/wiki/casini,"CC BY-SA 4.0",2026-08-05,2026-08-14
castella,"カステラ。","Japanese Wiktionary",https://ja.wiktionary.org/wiki/castella,"CC BY-SA 4.0",2026-08-05,2026-08-14
casually,"打ち解けて、気軽に、カジュアルに、砕けて、のんびりと、のんきに、略式で、くつろいで。 / 何気なく、さりげなく、無造作に、ふと、それとなく。 / 偶然に、思いがけなく、予想外に、不意に。 / 通りすがりで、行きずりに、行き当たりばったりで。 / 臨時で、一時的に。 / きまぐれに、無頓着に、投げやりに、不用意に、安易に、軽々しく、いい加減に。 / 非公式に、内定して、公式発表前に。","Japanese Wiktionary",https://ja.wiktionary.org/wiki/casually,"CC BY-SA 4.0",2026-08-05,2026-08-14
cataloged,"catalog の変化形: ## 過去。 ## 過去分詞。 / 整頓された。","Japanese Wiktionary",https://ja.wiktionary.org/wiki/cataloged,"CC BY-SA 4.0",2026-08-05,2026-08-14
catalytic,"触媒の / 触媒作用の","Japanese Wiktionary",https://ja.wiktionary.org/wiki/catalytic,"CC BY-SA 4.0",2026-08-05,2026-08-14
catastrophic,"大災害の。 / 壊滅的な、悲惨な。","Japanese Wiktionary",https://ja.wiktionary.org/wiki/catastrophic,"CC BY-SA 4.0",2026-08-05,2026-08-14
catastrophically,"壊滅的に、破滅的に、悲劇的に。","Japanese Wiktionary",https://ja.wiktionary.org/wiki/catastrophically,"CC BY-SA 4.0",2026-08-05,2026-08-14
catfishing,"catfishの現在分詞。","Japanese Wiktionary",https://ja.wiktionary.org/wiki/catfishing,"CC BY-SA 4.0",2026-08-05,2026-08-14
catfood,"cat foodの異表記。","Japanese Wiktionary",https://ja.wiktionary.org/wiki/catfood,"CC BY-SA 4.0",2026-08-05,2026-08-14
causal,"原因の。 / 因果関係の。 / becauseなど、理由や原因を表す単語。","Japanese Wiktionary",https://ja.wiktionary.org/wiki/causal,"CC BY-SA 4.0",2026-08-05,2026-08-14
ceaseless,"絶え間ない。","Japanese Wiktionary",https://ja.wiktionary.org/wiki/ceaseless,"CC BY-SA 4.0",2026-08-05,2026-08-14
ceaselessly,"絶え間なく。","Japanese Wiktionary",https://ja.wiktionary.org/wiki/ceaselessly,"CC BY-SA 4.0",2026-08-05,2026-08-14
cec,"cation exchange capacity。陽イオン交換容量。","Japanese Wiktionary",https://ja.wiktionary.org/wiki/cec,"CC BY-SA 4.0",2026-08-05,2026-08-14
cecal,"caecalの異綴。","Japanese Wiktionary",https://ja.wiktionary.org/wiki/cecal,"CC BY-SA 4.0",2026-08-05,2026-08-14
celebratory,"祝賀の。","Japanese Wiktionary",https://ja.wiktionary.org/wiki/celebratory,"CC BY-SA 4.0",2026-08-05,2026-08-14
celestial,"天国の。 / 空の、天空の。","Japanese Wiktionary",https://ja.wiktionary.org/wiki/celestial,"CC BY-SA 4.0",2026-08-05,2026-08-14
cellaring,"cellarの現在分詞。","Japanese Wiktionary",https://ja.wiktionary.org/wiki/cellaring,"CC BY-SA 4.0",2026-08-05,2026-08-14
cellular,"細胞の、細胞質の。 / 目の粗い。 / 多孔性の、多孔質の、多泡性の。 / 携帯電話の。 / 携帯電話。","Japanese Wiktionary",https://ja.wiktionary.org/wiki/cellular,"CC BY-SA 4.0",2026-08-05,2026-08-14
cellulitis,"蜂窩織炎、フレグモーネ","Japanese Wiktionary",https://ja.wiktionary.org/wiki/cellulitis,"CC BY-SA 4.0",2026-08-05,2026-08-14
censorious,"ひどく批判的な、粗探しをする。","Japanese Wiktionary",https://ja.wiktionary.org/wiki/censorious,"CC BY-SA 4.0",2026-08-05,2026-08-14
centra,"centrumの複数形。","Japanese Wiktionary",https://ja.wiktionary.org/wiki/centra,"CC BY-SA 4.0",2026-08-05,2026-08-14
centric,"中心の、中心的な","Japanese Wiktionary",https://ja.wiktionary.org/wiki/centric,"CC BY-SA 4.0",2026-08-05,2026-08-14
centrifugal,"遠心性の","Japanese Wiktionary",https://ja.wiktionary.org/wiki/centrifugal,"CC BY-SA 4.0",2026-08-05,2026-08-14
centromeric,"セントロメアの、セントロメアに関する。","Japanese Wiktionary",https://ja.wiktionary.org/wiki/centromeric,"CC BY-SA 4.0",2026-08-05,2026-08-14
centum,"（言語学）ケントゥム語派の。","Japanese Wiktionary",https://ja.wiktionary.org/wiki/centum,"CC BY-SA 4.0",2026-08-05,2026-08-14
cercle,"circleの廃用。","Japanese Wiktionary",https://ja.wiktionary.org/wiki/cercle,"CC BY-SA 4.0",2026-08-05,2026-08-14
cerebellar,"小脳の。","Japanese Wiktionary",https://ja.wiktionary.org/wiki/cerebellar,"CC BY-SA 4.0",2026-08-05,2026-08-14
cerebral,"脳の。 / 知的な、理性的な。","Japanese Wiktionary",https://ja.wiktionary.org/wiki/cerebral,"CC BY-SA 4.0",2026-08-05,2026-08-14
ceremonially,"形式的に。儀礼的に。","Japanese Wiktionary",https://ja.wiktionary.org/wiki/ceremonially,"CC BY-SA 4.0",2026-08-05,2026-08-14
ceremonious,"儀礼を尽くした。 / 儀式ばった、堅苦しい。","Japanese Wiktionary",https://ja.wiktionary.org/wiki/ceremonious,"CC BY-SA 4.0",2026-08-05,2026-08-14
ceremoniously,"儀式ばって、厳かに、丁寧に。","Japanese Wiktionary",https://ja.wiktionary.org/wiki/ceremoniously,"CC BY-SA 4.0",2026-08-05,2026-08-14
ceria,"酸化セリウム(IV)。セリア。","Japanese Wiktionary",https://ja.wiktionary.org/wiki/ceria,"CC BY-SA 4.0",2026-08-05,2026-08-14
certain,"確かな、確実な、明白な。 / 確信して。 / 一定の。 / ある～。 / 必ず～する、必然の。 / 多少の。 / 幾つか、","Japanese Wiktionary",https://ja.wiktionary.org/wiki/certain,"CC BY-SA 4.0",2026-08-05,2026-08-14
certainly,"確実に。確かに。 / そのとおり。もちろん。 / 本当に。全く。","Japanese Wiktionary",https://ja.wiktionary.org/wiki/certainly,"CC BY-SA 4.0",2026-08-05,2026-08-14
cervical,"首の、頸部の。 / 子宮頸部の。 / 頸椎。","Japanese Wiktionary",https://ja.wiktionary.org/wiki/cervical,"CC BY-SA 4.0",2026-08-05,2026-08-14
cesti,"cestusの複数形。","Japanese Wiktionary",https://ja.wiktionary.org/wiki/cesti,"CC BY-SA 4.0",2026-08-05,2026-08-14
cha,"茶。特に、マサーラー・チャイ。 / あなた。","Japanese Wiktionary",https://ja.wiktionary.org/wiki/cha,"CC BY-SA 4.0",2026-08-05,2026-08-14
chairmans,"""chairman"" の三人称単数現在形。","Japanese Wiktionary",https://ja.wiktionary.org/wiki/chairmans,"CC BY-SA 4.0",2026-08-05,2026-08-14
chambered,"chamberの過去形・過去分詞。 / （主に複合語で）部屋のある。","Japanese Wiktionary",https://ja.wiktionary.org/wiki/chambered,"CC BY-SA 4.0",2026-08-05,2026-08-14
chambering,"chamberの動名詞又は現在分詞。 / （銃弾の）装填。","Japanese Wiktionary",https://ja.wiktionary.org/wiki/chambering,"CC BY-SA 4.0",2026-08-05,2026-08-14
changeable,"変わりやすい。 / 不安定な。","Japanese Wiktionary",https://ja.wiktionary.org/wiki/changeable,"CC BY-SA 4.0",2026-08-05,2026-08-14
channelings,"channelingの複数形","Japanese Wiktionary",https://ja.wiktionary.org/wiki/channelings,"CC BY-SA 4.0",2026-08-05,2026-08-14
chaotic,"混沌とした、無秩序の。 / カオスの。","Japanese Wiktionary",https://ja.wiktionary.org/wiki/chaotic,"CC BY-SA 4.0",2026-08-05,2026-08-14
chaotically,"混沌として、無秩序に。","Japanese Wiktionary",https://ja.wiktionary.org/wiki/chaotically,"CC BY-SA 4.0",2026-08-05,2026-08-14
chaptered,"chapterの過去形・過去分詞。 / 章に分けられた。","Japanese Wiktionary",https://ja.wiktionary.org/wiki/chaptered,"CC BY-SA 4.0",2026-08-05,2026-08-14
characteristically,"典型的に / 独特に","Japanese Wiktionary",https://ja.wiktionary.org/wiki/characteristically,"CC BY-SA 4.0",2026-08-05,2026-08-14
characterless,"特徴のない。 / 無個性の。","Japanese Wiktionary",https://ja.wiktionary.org/wiki/characterless,"CC BY-SA 4.0",2026-08-05,2026-08-14
charism,"聖霊により与えられた能力、カリスマ。","Japanese Wiktionary",https://ja.wiktionary.org/wiki/charism,"CC BY-SA 4.0",2026-08-05,2026-08-14
charisms,"charismの複数形。","Japanese Wiktionary",https://ja.wiktionary.org/wiki/charisms,"CC BY-SA 4.0",2026-08-05,2026-08-14
charitable,"慈善の。 / 慈悲深い、寛大な。","Japanese Wiktionary",https://ja.wiktionary.org/wiki/charitable,"CC BY-SA 4.0",2026-08-05,2026-08-14
charitably,"慈悲深く、寛大に。","Japanese Wiktionary",https://ja.wiktionary.org/wiki/charitably,"CC BY-SA 4.0",2026-08-05,2026-08-14
charmingly,"魅力的に。","Japanese Wiktionary",https://ja.wiktionary.org/wiki/charmingly,"CC BY-SA 4.0",2026-08-05,2026-08-14
charmless,"魅力のない","Japanese Wiktionary",https://ja.wiktionary.org/wiki/charmless,"CC BY-SA 4.0",2026-08-05,2026-08-14
chaste,"貞淑な。貞節な。純潔な。 / 処女の。童貞の。 / 簡素な。 / 慎みのある。","Japanese Wiktionary",https://ja.wiktionary.org/wiki/chaste,"CC BY-SA 4.0",2026-08-05,2026-08-14
chastely,"貞節に、純潔に、純真に。","Japanese Wiktionary",https://ja.wiktionary.org/wiki/chastely,"CC BY-SA 4.0",2026-08-05,2026-08-14
chaussure,"履物。","Japanese Wiktionary",https://ja.wiktionary.org/wiki/chaussure,"CC BY-SA 4.0",2026-08-05,2026-08-14
chaussures,"chaussureの複数形。","Japanese Wiktionary",https://ja.wiktionary.org/wiki/chaussures,"CC BY-SA 4.0",2026-08-05,2026-08-14
che,"キリル文字「ч」。 / 私。","Japanese Wiktionary",https://ja.wiktionary.org/wiki/che,"CC BY-SA 4.0",2026-08-05,2026-08-14
cheaply,"安っぽく、二束三文で。","Japanese Wiktionary",https://ja.wiktionary.org/wiki/cheaply,"CC BY-SA 4.0",2026-08-05,2026-08-14
cheatsheet,"cheat sheetの異綴。","Japanese Wiktionary",https://ja.wiktionary.org/wiki/cheatsheet,"CC BY-SA 4.0",2026-08-05,2026-08-14
cheatsheets,"cheatsheetの複数形。","Japanese Wiktionary",https://ja.wiktionary.org/wiki/cheatsheets,"CC BY-SA 4.0",2026-08-05,2026-08-14
cheekily,"生意気に、厚かましく","Japanese Wiktionary",https://ja.wiktionary.org/wiki/cheekily,"CC BY-SA 4.0",2026-08-05,2026-08-14
cheerful,"陽気な。（気分や性格が）明るい。 / 元気のよい。 / 機嫌のよい。","Japanese Wiktionary",https://ja.wiktionary.org/wiki/cheerful,"CC BY-SA 4.0",2026-08-05,2026-08-14
cheerfully,"上機嫌で。 / 元気よく。","Japanese Wiktionary",https://ja.wiktionary.org/wiki/cheerfully,"CC BY-SA 4.0",2026-08-05,2026-08-14
cheerless,"陰気な、陰鬱な、寂しい。","Japanese Wiktionary",https://ja.wiktionary.org/wiki/cheerless,"CC BY-SA 4.0",2026-08-05,2026-08-14
cheeta,"cheetahの廃用。","Japanese Wiktionary",https://ja.wiktionary.org/wiki/cheeta,"CC BY-SA 4.0",2026-08-05,2026-08-14
chemically,"化学的に","Japanese Wiktionary",https://ja.wiktionary.org/wiki/chemically,"CC BY-SA 4.0",2026-08-05,2026-08-14
cheminformatics,"化学情報学","Japanese Wiktionary",https://ja.wiktionary.org/wiki/cheminformatics,"CC BY-SA 4.0",2026-08-05,2026-08-14
cheval,"馬。","Japanese Wiktionary",https://ja.wiktionary.org/wiki/cheval,"CC BY-SA 4.0",2026-08-05,2026-08-14
chib,"間に合わせのナイフ。 / 間に合わせのナイフで刺す。","Japanese Wiktionary",https://ja.wiktionary.org/wiki/chib,"CC BY-SA 4.0",2026-08-05,2026-08-14
chiefly,"特に、何より。 / 主に。 / チーフ（chief）の、チーフに関する。","Japanese Wiktionary",https://ja.wiktionary.org/wiki/chiefly,"CC BY-SA 4.0",2026-08-05,2026-08-14
childish,"幼稚な。 / 子供っぽい。","Japanese Wiktionary",https://ja.wiktionary.org/wiki/childish,"CC BY-SA 4.0",2026-08-05,2026-08-14
childless,"子無しの。子供のいない。","Japanese Wiktionary",https://ja.wiktionary.org/wiki/childless,"CC BY-SA 4.0",2026-08-05,2026-08-14
childlike,"純真な。 / 子供らしい。","Japanese Wiktionary",https://ja.wiktionary.org/wiki/childlike,"CC BY-SA 4.0",2026-08-05,2026-08-14
chim,"cheemの異綴。","Japanese Wiktionary",https://ja.wiktionary.org/wiki/chim,"CC BY-SA 4.0",2026-08-05,2026-08-14
chimo,"さようなら。 / チャイルド・マレスター。","Japanese Wiktionary",https://ja.wiktionary.org/wiki/chimo,"CC BY-SA 4.0",2026-08-05,2026-08-14
chinois,"シノワ。","Japanese Wiktionary",https://ja.wiktionary.org/wiki/chinois,"CC BY-SA 4.0",2026-08-05,2026-08-14
chivalrous,"騎士道の、騎士道にのっとった。 / 女性に丁重な。","Japanese Wiktionary",https://ja.wiktionary.org/wiki/chivalrous,"CC BY-SA 4.0",2026-08-05,2026-08-14
chocolatier,"chocolateyの比較級。 / chocolatyの比較級。 / チョコレートメーカー。 / ショコラティエ。","Japanese Wiktionary",https://ja.wiktionary.org/wiki/chocolatier,"CC BY-SA 4.0",2026-08-05,2026-08-14
chocolatiers,"chocolatierの複数形。","Japanese Wiktionary",https://ja.wiktionary.org/wiki/chocolatiers,"CC BY-SA 4.0",2026-08-05,2026-08-14
chode,"chideの過去形。 / choadの異綴。","Japanese Wiktionary",https://ja.wiktionary.org/wiki/chode,"CC BY-SA 4.0",2026-08-05,2026-08-14
cholic,"胆汁の。 / コール酸の。 / colicの廃用。","Japanese Wiktionary",https://ja.wiktionary.org/wiki/cholic,"CC BY-SA 4.0",2026-08-05,2026-08-14
choux,"chouの複数形。","Japanese Wiktionary",https://ja.wiktionary.org/wiki/choux,"CC BY-SA 4.0",2026-08-05,2026-08-14
chromosomal,"染色体の、染色体に関する。","Japanese Wiktionary",https://ja.wiktionary.org/wiki/chromosomal,"CC BY-SA 4.0",2026-08-05,2026-08-14
chronic,"慢性の。","Japanese Wiktionary",https://ja.wiktionary.org/wiki/chronic,"CC BY-SA 4.0",2026-08-05,2026-08-14
chronological,"年代順の。 / 実年齢の。","Japanese Wiktionary",https://ja.wiktionary.org/wiki/chronological,"CC BY-SA 4.0",2026-08-05,2026-08-14
chronologically,"年代順に。","Japanese Wiktionary",https://ja.wiktionary.org/wiki/chronologically,"CC BY-SA 4.0",2026-08-05,2026-08-14
chubbies,"chubbyの複数形。","Japanese Wiktionary",https://ja.wiktionary.org/wiki/chubbies,"CC BY-SA 4.0",2026-08-05,2026-08-14
chudai,"性交。","Japanese Wiktionary",https://ja.wiktionary.org/wiki/chudai,"CC BY-SA 4.0",2026-08-05,2026-08-14
churched,"churchの過去形・過去分詞。","Japanese Wiktionary",https://ja.wiktionary.org/wiki/churched,"CC BY-SA 4.0",2026-08-05,2026-08-14
cima,"cymaの18世紀の頃の綴り。","Japanese Wiktionary",https://ja.wiktionary.org/wiki/cima,"CC BY-SA 4.0",2026-08-05,2026-08-14
cinematic,"映画の、映画に関する。 / 運動学（kinematics）に関する（=kinematic）。","Japanese Wiktionary",https://ja.wiktionary.org/wiki/cinematic,"CC BY-SA 4.0",2026-08-05,2026-08-14
cinq,"cinqueの旧綴り。","Japanese Wiktionary",https://ja.wiktionary.org/wiki/cinq,"CC BY-SA 4.0",2026-08-05,2026-08-14
cinquecento,"十六世紀の。 / 十六世紀。チンクエチェント。","Japanese Wiktionary",https://ja.wiktionary.org/wiki/cinquecento,"CC BY-SA 4.0",2026-08-05,2026-08-14
circa,"約～、およそ～、～位、～頃。","Japanese Wiktionary",https://ja.wiktionary.org/wiki/circa,"CC BY-SA 4.0",2026-08-05,2026-08-14
circuitous,"遠回しの、回りくどい。 / 遠回りの。","Japanese Wiktionary",https://ja.wiktionary.org/wiki/circuitous,"CC BY-SA 4.0",2026-08-05,2026-08-14
circumspect,"慎重な。注意深い。用心深い。","Japanese Wiktionary",https://ja.wiktionary.org/wiki/circumspect,"CC BY-SA 4.0",2026-08-05,2026-08-14
circumspectly,"慎重に。","Japanese Wiktionary",https://ja.wiktionary.org/wiki/circumspectly,"CC BY-SA 4.0",2026-08-05,2026-08-14
circumstanced,"circumstanceの過去形・過去分詞。 / 〜の境遇にあって。","Japanese Wiktionary",https://ja.wiktionary.org/wiki/circumstanced,"CC BY-SA 4.0",2026-08-05,2026-08-14
circumstantial,"状況に関する、状況に依存する、付随的な、本質的でない。 / 状況に恵まれた。 / 儀礼上の。 / 状況的な。間接的な。 / 付随事項。","Japanese Wiktionary",https://ja.wiktionary.org/wiki/circumstantial,"CC BY-SA 4.0",2026-08-05,2026-08-14
cisternae,"cisternaの複数形。","Japanese Wiktionary",https://ja.wiktionary.org/wiki/cisternae,"CC BY-SA 4.0",2026-08-05,2026-08-14
citer,"引用する人。","Japanese Wiktionary",https://ja.wiktionary.org/wiki/citer,"CC BY-SA 4.0",2026-08-05,2026-08-14
citers,"citerの複数形。","Japanese Wiktionary",https://ja.wiktionary.org/wiki/citers,"CC BY-SA 4.0",2026-08-05,2026-08-14
civil,"市民の。 / 国民の。 / 公民の。 / 民間の。 / 国内の。 / （最低限に）礼儀正しい。 / 民事の。","Japanese Wiktionary",https://ja.wiktionary.org/wiki/civil,"CC BY-SA 4.0",2026-08-05,2026-08-14
civilizational,"文明の。","Japanese Wiktionary",https://ja.wiktionary.org/wiki/civilizational,"CC BY-SA 4.0",2026-08-05,2026-08-14
clandestine,"秘密の、内密の、非合法の。","Japanese Wiktionary",https://ja.wiktionary.org/wiki/clandestine,"CC BY-SA 4.0",2026-08-05,2026-08-14
clandestinely,"密かに、内密に、非合法に。","Japanese Wiktionary",https://ja.wiktionary.org/wiki/clandestinely,"CC BY-SA 4.0",2026-08-05,2026-08-14
clavicular,"鎖骨の。","Japanese Wiktionary",https://ja.wiktionary.org/wiki/clavicular,"CC BY-SA 4.0",2026-08-05,2026-08-14
clayey,"粘土質の、粘土を塗った","Japanese Wiktionary",https://ja.wiktionary.org/wiki/clayey,"CC BY-SA 4.0",2026-08-05,2026-08-14
cleanly,"清潔に、きれいに、清らかに。 / はっきり、すぱっと、きちんと。 / 清潔な、きれい好きな。","Japanese Wiktionary",https://ja.wiktionary.org/wiki/cleanly,"CC BY-SA 4.0",2026-08-05,2026-08-14
clearly,"明るく。澄んで。 / 分かりやすく。平明に。明瞭に。はっきりと。明確に。明らかに。 / （文修飾）明らかに。間違いなく。 / （間投詞的に）その通り。いかにも。","Japanese Wiktionary",https://ja.wiktionary.org/wiki/clearly,"CC BY-SA 4.0",2026-08-05,2026-08-14
clearout,"clear-outの異形。","Japanese Wiktionary",https://ja.wiktionary.org/wiki/clearout,"CC BY-SA 4.0",2026-08-05,2026-08-14
clerked,"clerkの過去形・過去分詞。","Japanese Wiktionary",https://ja.wiktionary.org/wiki/clerked,"CC BY-SA 4.0",2026-08-05,2026-08-14
cleverly,"賢く。 / 利口に。","Japanese Wiktionary",https://ja.wiktionary.org/wiki/cleverly,"CC BY-SA 4.0",2026-08-05,2026-08-14
climatic,"気候の / 風土的な","Japanese Wiktionary",https://ja.wiktionary.org/wiki/climatic,"CC BY-SA 4.0",2026-08-05,2026-08-14
clinical,"臨床の、病床の。 / 診療所の、病院の。 / 冷静な、冷淡な。 / 客観的な。 / 簡素な。","Japanese Wiktionary",https://ja.wiktionary.org/wiki/clinical,"CC BY-SA 4.0",2026-08-05,2026-08-14
clinically,"臨床的に。","Japanese Wiktionary",https://ja.wiktionary.org/wiki/clinically,"CC BY-SA 4.0",2026-08-05,2026-08-14
clinique,"clinicの旧綴り。","Japanese Wiktionary",https://ja.wiktionary.org/wiki/clinique,"CC BY-SA 4.0",2026-08-05,2026-08-14
cliniques,"cliniqueの複数形。","Japanese Wiktionary",https://ja.wiktionary.org/wiki/cliniques,"CC BY-SA 4.0",2026-08-05,2026-08-14
clitic,"接語。","Japanese Wiktionary",https://ja.wiktionary.org/wiki/clitic,"CC BY-SA 4.0",2026-08-05,2026-08-14
clitics,"cliticの複数形。","Japanese Wiktionary",https://ja.wiktionary.org/wiki/clitics,"CC BY-SA 4.0",2026-08-05,2026-08-14
clockwise,"時計回りに、 右回りに。 / 時計回りの、 右回りの。","Japanese Wiktionary",https://ja.wiktionary.org/wiki/clockwise,"CC BY-SA 4.0",2026-08-05,2026-08-14
closely,"密接に。 / 厳密に。綿密に。しっかりと。詳細に。 / （類似の程度が）とても。かなり。 / （距離が）密接に。近くで。ぴったりと。ぎっしりと。びっしりと。","Japanese Wiktionary",https://ja.wiktionary.org/wiki/closely,"CC BY-SA 4.0",2026-08-05,2026-08-14
cloudless,"雲のない","Japanese Wiktionary",https://ja.wiktionary.org/wiki/cloudless,"CC BY-SA 4.0",2026-08-05,2026-08-14
clueless,"無知な、愚かな。 / 手掛かりが無い。","Japanese Wiktionary",https://ja.wiktionary.org/wiki/clueless,"CC BY-SA 4.0",2026-08-05,2026-08-14
cluelessness,"無知、愚かさ。","Japanese Wiktionary",https://ja.wiktionary.org/wiki/cluelessness,"CC BY-SA 4.0",2026-08-05,2026-08-14
clumsily,"不器用に。","Japanese Wiktionary",https://ja.wiktionary.org/wiki/clumsily,"CC BY-SA 4.0",2026-08-05,2026-08-14
cmavo,"機能語。","Japanese Wiktionary",https://ja.wiktionary.org/wiki/cmavo,"CC BY-SA 4.0",2026-08-05,2026-08-14
coarsely,"雑に、荒っぽく。","Japanese Wiktionary",https://ja.wiktionary.org/wiki/coarsely,"CC BY-SA 4.0",2026-08-05,2026-08-14
coastal,"沿岸の。","Japanese Wiktionary",https://ja.wiktionary.org/wiki/coastal,"CC BY-SA 4.0",2026-08-05,2026-08-14
coaxial,"同軸の。 / 同軸ケーブル。","Japanese Wiktionary",https://ja.wiktionary.org/wiki/coaxial,"CC BY-SA 4.0",2026-08-05,2026-08-14
cocksure,"自信過剰な、自惚れの。","Japanese Wiktionary",https://ja.wiktionary.org/wiki/cocksure,"CC BY-SA 4.0",2026-08-05,2026-08-14
coexistent,"共存する","Japanese Wiktionary",https://ja.wiktionary.org/wiki/coexistent,"CC BY-SA 4.0",2026-08-05,2026-08-14
coffeecup,"coffee cupの異表記。","Japanese Wiktionary",https://ja.wiktionary.org/wiki/coffeecup,"CC BY-SA 4.0",2026-08-05,2026-08-14
coffeeshop,"coffee shopの異表記。","Japanese Wiktionary",https://ja.wiktionary.org/wiki/coffeeshop,"CC BY-SA 4.0",2026-08-05,2026-08-14
coffeeshops,"coffeeshopの複数形。","Japanese Wiktionary",https://ja.wiktionary.org/wiki/coffeeshops,"CC BY-SA 4.0",2026-08-05,2026-08-14
cognitive,"認知の。認識の。 / 同語源の語。","Japanese Wiktionary",https://ja.wiktionary.org/wiki/cognitive,"CC BY-SA 4.0",2026-08-05,2026-08-14
cognizant,"認識して。","Japanese Wiktionary",https://ja.wiktionary.org/wiki/cognizant,"CC BY-SA 4.0",2026-08-05,2026-08-14
coherent,"筋の通っている。理路整然とした。 / 結合した。","Japanese Wiktionary",https://ja.wiktionary.org/wiki/coherent,"CC BY-SA 4.0",2026-08-05,2026-08-14
coherently,"理路整然と。首尾一貫して。","Japanese Wiktionary",https://ja.wiktionary.org/wiki/coherently,"CC BY-SA 4.0",2026-08-05,2026-08-14
coincident,"同時に起こる。 / 一致する。","Japanese Wiktionary",https://ja.wiktionary.org/wiki/coincident,"CC BY-SA 4.0",2026-08-05,2026-08-14
coincidental,"偶然の、思いがけない。 / （偶然）一致した、同時に起きる。","Japanese Wiktionary",https://ja.wiktionary.org/wiki/coincidental,"CC BY-SA 4.0",2026-08-05,2026-08-14
coincidentally,"偶然、思いがけず。 / （偶然）一致して、同時で。","Japanese Wiktionary",https://ja.wiktionary.org/wiki/coincidentally,"CC BY-SA 4.0",2026-08-05,2026-08-14
coldly,"冷淡に。","Japanese Wiktionary",https://ja.wiktionary.org/wiki/coldly,"CC BY-SA 4.0",2026-08-05,2026-08-14
colicky,"疝痛の。","Japanese Wiktionary",https://ja.wiktionary.org/wiki/colicky,"CC BY-SA 4.0",2026-08-05,2026-08-14
colitis,"大腸炎","Japanese Wiktionary",https://ja.wiktionary.org/wiki/colitis,"CC BY-SA 4.0",2026-08-05,2026-08-14
collaborateur,"collaboratorの旧綴り。","Japanese Wiktionary",https://ja.wiktionary.org/wiki/collaborateur,"CC BY-SA 4.0",2026-08-05,2026-08-14
collaborateurs,"collaborateurの複数形。","Japanese Wiktionary",https://ja.wiktionary.org/wiki/collaborateurs,"CC BY-SA 4.0",2026-08-05,2026-08-14
collaborative,"協力的な。共同制作の。 / ある目的のために共同する組織。","Japanese Wiktionary",https://ja.wiktionary.org/wiki/collaborative,"CC BY-SA 4.0",2026-08-05,2026-08-14
collaboratively,"協力して。協調して。","Japanese Wiktionary",https://ja.wiktionary.org/wiki/collaboratively,"CC BY-SA 4.0",2026-08-05,2026-08-14
collaboratives,"collaborativeの複数形。","Japanese Wiktionary",https://ja.wiktionary.org/wiki/collaboratives,"CC BY-SA 4.0",2026-08-05,2026-08-14
collecter,"collectorの異形。","Japanese Wiktionary",https://ja.wiktionary.org/wiki/collecter,"CC BY-SA 4.0",2026-08-05,2026-08-14
collectively,"まとめて、集合として、集団で。","Japanese Wiktionary",https://ja.wiktionary.org/wiki/collectively,"CC BY-SA 4.0",2026-08-05,2026-08-14
collegiate,"大学の / 大学生の","Japanese Wiktionary",https://ja.wiktionary.org/wiki/collegiate,"CC BY-SA 4.0",2026-08-05,2026-08-14
colline,"丘。","Japanese Wiktionary",https://ja.wiktionary.org/wiki/colline,"CC BY-SA 4.0",2026-08-05,2026-08-14
collines,"collineの複数形。","Japanese Wiktionary",https://ja.wiktionary.org/wiki/collines,"CC BY-SA 4.0",2026-08-05,2026-08-14
colloquial,"口語の。砕けた話し言葉の。 / 口語、口語体、話し言葉","Japanese Wiktionary",https://ja.wiktionary.org/wiki/colloquial,"CC BY-SA 4.0",2026-08-05,2026-08-14
colloquially,"口語で、話し言葉で。","Japanese Wiktionary",https://ja.wiktionary.org/wiki/colloquially,"CC BY-SA 4.0",2026-08-05,2026-08-14
colloquiums,"colloquiumの複数形。","Japanese Wiktionary",https://ja.wiktionary.org/wiki/colloquiums,"CC BY-SA 4.0",2026-08-05,2026-08-14
colorblindness,"color blindnessの異綴。","Japanese Wiktionary",https://ja.wiktionary.org/wiki/colorblindness,"CC BY-SA 4.0",2026-08-05,2026-08-14
colorful,"色彩豊かな、カラフルな。 / 華やかな、多彩な、いきいきとした。 / （言葉遣いが）下品な、荒々しい。","Japanese Wiktionary",https://ja.wiktionary.org/wiki/colorful,"CC BY-SA 4.0",2026-08-05,2026-08-14
colorfully,"色彩豊かに。カラフルに。","Japanese Wiktionary",https://ja.wiktionary.org/wiki/colorfully,"CC BY-SA 4.0",2026-08-05,2026-08-14
colorless,"無色の。 / 無色透明の。 / 無味乾燥の、つまらない。","Japanese Wiktionary",https://ja.wiktionary.org/wiki/colorless,"CC BY-SA 4.0",2026-08-05,2026-08-14
colossal,"巨大な、莫大な、盛大な、大規模な。","Japanese Wiktionary",https://ja.wiktionary.org/wiki/colossal,"CC BY-SA 4.0",2026-08-05,2026-08-14
colourful,"colorfulの英国英語綴り。","Japanese Wiktionary",https://ja.wiktionary.org/wiki/colourful,"CC BY-SA 4.0",2026-08-05,2026-08-14
colourfully,"colorfullyの異綴。","Japanese Wiktionary",https://ja.wiktionary.org/wiki/colourfully,"CC BY-SA 4.0",2026-08-05,2026-08-14
colourless,"無色の。 / 無色透明の。 / 無味乾燥の、つまらない。","Japanese Wiktionary",https://ja.wiktionary.org/wiki/colourless,"CC BY-SA 4.0",2026-08-05,2026-08-14
comatose,"昏睡状態の。 / 疲れ果てた、非常に眠い、気だるい。","Japanese Wiktionary",https://ja.wiktionary.org/wiki/comatose,"CC BY-SA 4.0",2026-08-05,2026-08-14
combative,"喧嘩っ早い；攻撃的な；好戦的な。","Japanese Wiktionary",https://ja.wiktionary.org/wiki/combative,"CC BY-SA 4.0",2026-08-05,2026-08-14
combinable,"合わせられる、合併できる、統合できる、一緒になれる、相容れる、両立できる。","Japanese Wiktionary",https://ja.wiktionary.org/wiki/combinable,"CC BY-SA 4.0",2026-08-05,2026-08-14
comfortable,"心地よい、快適な / 苦痛のない、楽な / 十分な、大差の、余裕のある。 / 裕福な","Japanese Wiktionary",https://ja.wiktionary.org/wiki/comfortable,"CC BY-SA 4.0",2026-08-05,2026-08-14
comfortably,"心地よく。快適に。 / 容易に","Japanese Wiktionary",https://ja.wiktionary.org/wiki/comfortably,"CC BY-SA 4.0",2026-08-05,2026-08-14
comitia,"コミティア、民会。","Japanese Wiktionary",https://ja.wiktionary.org/wiki/comitia,"CC BY-SA 4.0",2026-08-05,2026-08-14
commenter,"評者。","Japanese Wiktionary",https://ja.wiktionary.org/wiki/commenter,"CC BY-SA 4.0",2026-08-05,2026-08-14
commenters,"commenterの複数形。","Japanese Wiktionary",https://ja.wiktionary.org/wiki/commenters,"CC BY-SA 4.0",2026-08-05,2026-08-14
commentor,"commenterの異形。","Japanese Wiktionary",https://ja.wiktionary.org/wiki/commentor,"CC BY-SA 4.0",2026-08-05,2026-08-14
commentors,"commentorの複数形。","Japanese Wiktionary",https://ja.wiktionary.org/wiki/commentors,"CC BY-SA 4.0",2026-08-05,2026-08-14
commercially,"商業上 / 営利的に","Japanese Wiktionary",https://ja.wiktionary.org/wiki/commercially,"CC BY-SA 4.0",2026-08-05,2026-08-14
commonly,"一般的に、普通に、通常では。 / 共通して。","Japanese Wiktionary",https://ja.wiktionary.org/wiki/commonly,"CC BY-SA 4.0",2026-08-05,2026-08-14
communistic,"共産主義的な。","Japanese Wiktionary",https://ja.wiktionary.org/wiki/communistic,"CC BY-SA 4.0",2026-08-05,2026-08-14
commutable,"変換できる。交換可能な。 / 減刑できる。","Japanese Wiktionary",https://ja.wiktionary.org/wiki/commutable,"CC BY-SA 4.0",2026-08-05,2026-08-14
commutative,"可換の。 / 代替の。交換の。 / 整流の。","Japanese Wiktionary",https://ja.wiktionary.org/wiki/commutative,"CC BY-SA 4.0",2026-08-05,2026-08-14
compactly,"緊密に","Japanese Wiktionary",https://ja.wiktionary.org/wiki/compactly,"CC BY-SA 4.0",2026-08-05,2026-08-14
companionable,"親しみやすい、気さくな。","Japanese Wiktionary",https://ja.wiktionary.org/wiki/companionable,"CC BY-SA 4.0",2026-08-05,2026-08-14
comparable,"比較できる。 / 似ている。 / 匹敵する、同程度である。","Japanese Wiktionary",https://ja.wiktionary.org/wiki/comparable,"CC BY-SA 4.0",2026-08-05,2026-08-14
comparables,"comparableの複数形。","Japanese Wiktionary",https://ja.wiktionary.org/wiki/comparables,"CC BY-SA 4.0",2026-08-05,2026-08-14
comparably,"比較できるほどに、匹敵するほどに","Japanese Wiktionary",https://ja.wiktionary.org/wiki/comparably,"CC BY-SA 4.0",2026-08-05,2026-08-14
comparatively,"比較的、比較すると。","Japanese Wiktionary",https://ja.wiktionary.org/wiki/comparatively,"CC BY-SA 4.0",2026-08-05,2026-08-14
comparer,"比較する物・人","Japanese Wiktionary",https://ja.wiktionary.org/wiki/comparer,"CC BY-SA 4.0",2026-08-05,2026-08-14
compartmental,"区画に分かれた。","Japanese Wiktionary",https://ja.wiktionary.org/wiki/compartmental,"CC BY-SA 4.0",2026-08-05,2026-08-14
compassionate,"思い遣りのある、情け深い。 / 哀れむ、同情する。","Japanese Wiktionary",https://ja.wiktionary.org/wiki/compassionate,"CC BY-SA 4.0",2026-08-05,2026-08-14
compensatory,"補償の、賠償の","Japanese Wiktionary",https://ja.wiktionary.org/wiki/compensatory,"CC BY-SA 4.0",2026-08-05,2026-08-14
competent,"有能な。能力を持つ。 / 権限を有する。（官庁などが）管轄権を有する。 / 充分な。まずまずの。","Japanese Wiktionary",https://ja.wiktionary.org/wiki/competent,"CC BY-SA 4.0",2026-08-05,2026-08-14
competently,"有能に。 / 十分に。","Japanese Wiktionary",https://ja.wiktionary.org/wiki/competently,"CC BY-SA 4.0",2026-08-05,2026-08-14
competitive,"競争の。 / 競争心の強い。","Japanese Wiktionary",https://ja.wiktionary.org/wiki/competitive,"CC BY-SA 4.0",2026-08-05,2026-08-14
competitively,"競争して。","Japanese Wiktionary",https://ja.wiktionary.org/wiki/competitively,"CC BY-SA 4.0",2026-08-05,2026-08-14
completely,"完全に / 全く","Japanese Wiktionary",https://ja.wiktionary.org/wiki/completely,"CC BY-SA 4.0",2026-08-05,2026-08-14
completo,"トッピングを全部乗せたホットドッグ。 / 完投。","Japanese Wiktionary",https://ja.wiktionary.org/wiki/completo,"CC BY-SA 4.0",2026-08-05,2026-08-14
complexing,"""complex"" の動名詞形又は現在分詞形。","Japanese Wiktionary",https://ja.wiktionary.org/wiki/complexing,"CC BY-SA 4.0",2026-08-05,2026-08-14
compliant,"従順な。素直な。言いなりになる。","Japanese Wiktionary",https://ja.wiktionary.org/wiki/compliant,"CC BY-SA 4.0",2026-08-05,2026-08-14
comprehensible,"理解できる","Japanese Wiktionary",https://ja.wiktionary.org/wiki/comprehensible,"CC BY-SA 4.0",2026-08-05,2026-08-14
comprehensively,"包括的に。広範囲に渡って。","Japanese Wiktionary",https://ja.wiktionary.org/wiki/comprehensively,"CC BY-SA 4.0",2026-08-05,2026-08-14
compressible,"圧縮できる。","Japanese Wiktionary",https://ja.wiktionary.org/wiki/compressible,"CC BY-SA 4.0",2026-08-05,2026-08-14
compulsorily,"強制的に。否応無しに。","Japanese Wiktionary",https://ja.wiktionary.org/wiki/compulsorily,"CC BY-SA 4.0",2026-08-05,2026-08-14
compulsory,"強制的な。否応無しの。 / 必修の。 / 必修科目。 / 必修試技、コンパルソリー。","Japanese Wiktionary",https://ja.wiktionary.org/wiki/compulsory,"CC BY-SA 4.0",2026-08-05,2026-08-14
computational,"コンピュータによる","Japanese Wiktionary",https://ja.wiktionary.org/wiki/computational,"CC BY-SA 4.0",2026-08-05,2026-08-14
concealer,"秘匿物、又は、秘匿する人。 / コンシーラー、しみ隠し。","Japanese Wiktionary",https://ja.wiktionary.org/wiki/concealer,"CC BY-SA 4.0",2026-08-05,2026-08-14
concealers,"""concealer"" の複数形","Japanese Wiktionary",https://ja.wiktionary.org/wiki/concealers,"CC BY-SA 4.0",2026-08-05,2026-08-14
conceited,"自惚れた、思い上がった / 奇抜な / conceitの過去形・過去分詞","Japanese Wiktionary",https://ja.wiktionary.org/wiki/conceited,"CC BY-SA 4.0",2026-08-05,2026-08-14
conceivable,"想像できる。考えられる。","Japanese Wiktionary",https://ja.wiktionary.org/wiki/conceivable,"CC BY-SA 4.0",2026-08-05,2026-08-14
conceivably,"考えられる限りでは。恐らく。多分。","Japanese Wiktionary",https://ja.wiktionary.org/wiki/conceivably,"CC BY-SA 4.0",2026-08-05,2026-08-14
concentric,"同心の。 / 集中的な。 / コンセントリックの、短縮性の。","Japanese Wiktionary",https://ja.wiktionary.org/wiki/concentric,"CC BY-SA 4.0",2026-08-05,2026-08-14
conceptional,"概念の","Japanese Wiktionary",https://ja.wiktionary.org/wiki/conceptional,"CC BY-SA 4.0",2026-08-05,2026-08-14
conceptual,"概念の。","Japanese Wiktionary",https://ja.wiktionary.org/wiki/conceptual,"CC BY-SA 4.0",2026-08-05,2026-08-14
concise,"簡潔な、手短な。","Japanese Wiktionary",https://ja.wiktionary.org/wiki/concise,"CC BY-SA 4.0",2026-08-05,2026-08-14
concisely,"簡潔に","Japanese Wiktionary",https://ja.wiktionary.org/wiki/concisely,"CC BY-SA 4.0",2026-08-05,2026-08-14
conclusive,"（事実・証拠などが）決定的な。 / 決定打を出して終わらせる。最終的な。終局の。","Japanese Wiktionary",https://ja.wiktionary.org/wiki/conclusive,"CC BY-SA 4.0",2026-08-05,2026-08-14
conclusively,"決定的に。最終的に。","Japanese Wiktionary",https://ja.wiktionary.org/wiki/conclusively,"CC BY-SA 4.0",2026-08-05,2026-08-14
concurrently,"同時に、併発して。 / 一致して。","Japanese Wiktionary",https://ja.wiktionary.org/wiki/concurrently,"CC BY-SA 4.0",2026-08-05,2026-08-14
condensable,"濃縮できる。凝縮できる。 / 要約できる。","Japanese Wiktionary",https://ja.wiktionary.org/wiki/condensable,"CC BY-SA 4.0",2026-08-05,2026-08-14
condescendingly,"見下すように。上から目線で。","Japanese Wiktionary",https://ja.wiktionary.org/wiki/condescendingly,"CC BY-SA 4.0",2026-08-05,2026-08-14
conducive,"～に資する、～のためになる。","Japanese Wiktionary",https://ja.wiktionary.org/wiki/conducive,"CC BY-SA 4.0",2026-08-05,2026-08-14
conductive,"伝導性の","Japanese Wiktionary",https://ja.wiktionary.org/wiki/conductive,"CC BY-SA 4.0",2026-08-05,2026-08-14
conferenced,"conferenceの過去形・過去分詞。","Japanese Wiktionary",https://ja.wiktionary.org/wiki/conferenced,"CC BY-SA 4.0",2026-08-05,2026-08-14
conferencing,"conferenceの現在分詞。","Japanese Wiktionary",https://ja.wiktionary.org/wiki/conferencing,"CC BY-SA 4.0",2026-08-05,2026-08-14
confident,"確信して。 / 自信に満ちた。","Japanese Wiktionary",https://ja.wiktionary.org/wiki/confident,"CC BY-SA 4.0",2026-08-05,2026-08-14
confidential,"秘密の。機密の。（手紙が）親展の。 / 信任の厚い。","Japanese Wiktionary",https://ja.wiktionary.org/wiki/confidential,"CC BY-SA 4.0",2026-08-05,2026-08-14
confidentially,"内密に。こっそりと。 / 打ち明けて。","Japanese Wiktionary",https://ja.wiktionary.org/wiki/confidentially,"CC BY-SA 4.0",2026-08-05,2026-08-14
confidently,"自信をもって。","Japanese Wiktionary",https://ja.wiktionary.org/wiki/confidently,"CC BY-SA 4.0",2026-08-05,2026-08-14
configurer,"構成する人、設定する人。","Japanese Wiktionary",https://ja.wiktionary.org/wiki/configurer,"CC BY-SA 4.0",2026-08-05,2026-08-14
conformable,"適合した、一致した、順応した。 / 類似した。 / 従順な。","Japanese Wiktionary",https://ja.wiktionary.org/wiki/conformable,"CC BY-SA 4.0",2026-08-05,2026-08-14
confusedly,"混乱して。困惑して。","Japanese Wiktionary",https://ja.wiktionary.org/wiki/confusedly,"CC BY-SA 4.0",2026-08-05,2026-08-14
confusingly,"混乱させて。 / 紛らわしく。","Japanese Wiktionary",https://ja.wiktionary.org/wiki/confusingly,"CC BY-SA 4.0",2026-08-05,2026-08-14
congenial,"相性のいい、気の会う、気心の知れた、自分に合った、共鳴する / 適した、好都合な / 愛想のいい、打ち解けた、親しみやすい","Japanese Wiktionary",https://ja.wiktionary.org/wiki/congenial,"CC BY-SA 4.0",2026-08-05,2026-08-14
congruent,"適合した、一致した、調和した。 / 合同の。","Japanese Wiktionary",https://ja.wiktionary.org/wiki/congruent,"CC BY-SA 4.0",2026-08-05,2026-08-14
congruous,"一致した。調和した。適合した。","Japanese Wiktionary",https://ja.wiktionary.org/wiki/congruous,"CC BY-SA 4.0",2026-08-05,2026-08-14
conical,"円錐形の。 / 円錐状の。","Japanese Wiktionary",https://ja.wiktionary.org/wiki/conical,"CC BY-SA 4.0",2026-08-05,2026-08-14
coniferous,"球果を付ける。 / 針葉樹の。","Japanese Wiktionary",https://ja.wiktionary.org/wiki/coniferous,"CC BY-SA 4.0",2026-08-05,2026-08-14
conjectural,"憶測上の。推測好きな。 / 憶測。推測。","Japanese Wiktionary",https://ja.wiktionary.org/wiki/conjectural,"CC BY-SA 4.0",2026-08-05,2026-08-14
conjecturer,"推測する人","Japanese Wiktionary",https://ja.wiktionary.org/wiki/conjecturer,"CC BY-SA 4.0",2026-08-05,2026-08-14
conjugacy,"共軛性。","Japanese Wiktionary",https://ja.wiktionary.org/wiki/conjugacy,"CC BY-SA 4.0",2026-08-05,2026-08-14
conjunctivitis,"結膜炎。","Japanese Wiktionary",https://ja.wiktionary.org/wiki/conjunctivitis,"CC BY-SA 4.0",2026-08-05,2026-08-14
connaisseur,"鑑定家、目利き、通。","Japanese Wiktionary",https://ja.wiktionary.org/wiki/connaisseur,"CC BY-SA 4.0",2026-08-05,2026-08-14
connotative,"言外の意味を持つ、含蓄のある。","Japanese Wiktionary",https://ja.wiktionary.org/wiki/connotative,"CC BY-SA 4.0",2026-08-05,2026-08-14
consanguineous,"血族の、血縁の。","Japanese Wiktionary",https://ja.wiktionary.org/wiki/consanguineous,"CC BY-SA 4.0",2026-08-05,2026-08-14
conscientious,"良心的な。 / 入念な。","Japanese Wiktionary",https://ja.wiktionary.org/wiki/conscientious,"CC BY-SA 4.0",2026-08-05,2026-08-14
conscientiously,"良心的に。 / 入念に。","Japanese Wiktionary",https://ja.wiktionary.org/wiki/conscientiously,"CC BY-SA 4.0",2026-08-05,2026-08-14
conscious,"目覚めて、覚醒して。 / 気がついて、感じて。 / 理性をもった。","Japanese Wiktionary",https://ja.wiktionary.org/wiki/conscious,"CC BY-SA 4.0",2026-08-05,2026-08-14
consciously,"意識をもって、意識的に。","Japanese Wiktionary",https://ja.wiktionary.org/wiki/consciously,"CC BY-SA 4.0",2026-08-05,2026-08-14
consequently,"その結果","Japanese Wiktionary",https://ja.wiktionary.org/wiki/consequently,"CC BY-SA 4.0",2026-08-05,2026-08-14
considerable,"相当な、かなりの、大幅な。 / 重要な、注目に値する。","Japanese Wiktionary",https://ja.wiktionary.org/wiki/considerable,"CC BY-SA 4.0",2026-08-05,2026-08-14
considerably,"ずいぶん、かなり","Japanese Wiktionary",https://ja.wiktionary.org/wiki/considerably,"CC BY-SA 4.0",2026-08-05,2026-08-14
considerate,"思い遣りのある。気を使う。","Japanese Wiktionary",https://ja.wiktionary.org/wiki/considerate,"CC BY-SA 4.0",2026-08-05,2026-08-14
considerately,"優しく。","Japanese Wiktionary",https://ja.wiktionary.org/wiki/considerately,"CC BY-SA 4.0",2026-08-05,2026-08-14
consistent,"首尾一貫した、一貫している、矛盾のない。 / 一致する、調和する。 / (論理学) 無矛盾の。 / 一貫性、不変性。 / 悔悟者。","Japanese Wiktionary",https://ja.wiktionary.org/wiki/consistent,"CC BY-SA 4.0",2026-08-05,2026-08-14
consistently,"首尾一貫して / 矛盾なく","Japanese Wiktionary",https://ja.wiktionary.org/wiki/consistently,"CC BY-SA 4.0",2026-08-05,2026-08-14
consolatory,"慰めの。慰めとなる。慰問の。 / 慰め。","Japanese Wiktionary",https://ja.wiktionary.org/wiki/consolatory,"CC BY-SA 4.0",2026-08-05,2026-08-14
conspicuous,"よく見える。見やすい。 / 目立つ。顕著な。人目を引く。","Japanese Wiktionary",https://ja.wiktionary.org/wiki/conspicuous,"CC BY-SA 4.0",2026-08-05,2026-08-14
conspicuously,"目立って。顕著に。","Japanese Wiktionary",https://ja.wiktionary.org/wiki/conspicuously,"CC BY-SA 4.0",2026-08-05,2026-08-14
conspiratorial,"共謀の、陰謀の","Japanese Wiktionary",https://ja.wiktionary.org/wiki/conspiratorial,"CC BY-SA 4.0",2026-08-05,2026-08-14
constantly,"忠実に。 / 一定に、絶えず。 / （頻度）繰り返し、定期的に。 / 常に、恒常的に。","Japanese Wiktionary",https://ja.wiktionary.org/wiki/constantly,"CC BY-SA 4.0",2026-08-05,2026-08-14
constructive,"建設的な / 有益な、薬になる / 解釈上の / 法定の","Japanese Wiktionary",https://ja.wiktionary.org/wiki/constructive,"CC BY-SA 4.0",2026-08-05,2026-08-14
constructively,"建設的に、前向きに。","Japanese Wiktionary",https://ja.wiktionary.org/wiki/constructively,"CC BY-SA 4.0",2026-08-05,2026-08-14
consular,"領事の","Japanese Wiktionary",https://ja.wiktionary.org/wiki/consular,"CC BY-SA 4.0",2026-08-05,2026-08-14
contagious,"接触感染する、接触伝染性の。 / （感情などが）広がりやすい、移りやすい。","Japanese Wiktionary",https://ja.wiktionary.org/wiki/contagious,"CC BY-SA 4.0",2026-08-05,2026-08-14
contemporaneous,"同時代の","Japanese Wiktionary",https://ja.wiktionary.org/wiki/contemporaneous,"CC BY-SA 4.0",2026-08-05,2026-08-14
contemporaneously,"同時代に","Japanese Wiktionary",https://ja.wiktionary.org/wiki/contemporaneously,"CC BY-SA 4.0",2026-08-05,2026-08-14
contemptible,"軽侮されるべき、蔑むべき。","Japanese Wiktionary",https://ja.wiktionary.org/wiki/contemptible,"CC BY-SA 4.0",2026-08-05,2026-08-14
contemptuous,"軽蔑的な、蔑む態度の","Japanese Wiktionary",https://ja.wiktionary.org/wiki/contemptuous,"CC BY-SA 4.0",2026-08-05,2026-08-14
contemptuously,"軽蔑して","Japanese Wiktionary",https://ja.wiktionary.org/wiki/contemptuously,"CC BY-SA 4.0",2026-08-05,2026-08-14
contentedly,"満足して","Japanese Wiktionary",https://ja.wiktionary.org/wiki/contentedly,"CC BY-SA 4.0",2026-08-05,2026-08-14
contentious,"論議を呼ぶ / 喧嘩好きの","Japanese Wiktionary",https://ja.wiktionary.org/wiki/contentious,"CC BY-SA 4.0",2026-08-05,2026-08-14
contiguous,"隣接している、近接している / 連続的な","Japanese Wiktionary",https://ja.wiktionary.org/wiki/contiguous,"CC BY-SA 4.0",2026-08-05,2026-08-14
continua,"continuumの複数形。","Japanese Wiktionary",https://ja.wiktionary.org/wiki/continua,"CC BY-SA 4.0",2026-08-05,2026-08-14
continual,"断続的な。 / 絶え間のない。","Japanese Wiktionary",https://ja.wiktionary.org/wiki/continual,"CC BY-SA 4.0",2026-08-05,2026-08-14
continually,"しきりに、頻繁に。 / 断続的に。","Japanese Wiktionary",https://ja.wiktionary.org/wiki/continually,"CC BY-SA 4.0",2026-08-05,2026-08-14
continuer,"続ける人・物","Japanese Wiktionary",https://ja.wiktionary.org/wiki/continuer,"CC BY-SA 4.0",2026-08-05,2026-08-14
continuous,"連続的な、継続的な。 / 連続の。 / 節のない。","Japanese Wiktionary",https://ja.wiktionary.org/wiki/continuous,"CC BY-SA 4.0",2026-08-05,2026-08-14
continuously,"連続して、ひっきりなしに","Japanese Wiktionary",https://ja.wiktionary.org/wiki/continuously,"CC BY-SA 4.0",2026-08-05,2026-08-14
contractual,"契約上の。 / 契約による。","Japanese Wiktionary",https://ja.wiktionary.org/wiki/contractual,"CC BY-SA 4.0",2026-08-05,2026-08-14
contractually,"契約上","Japanese Wiktionary",https://ja.wiktionary.org/wiki/contractually,"CC BY-SA 4.0",2026-08-05,2026-08-14
contraire,"contraryの廃用。","Japanese Wiktionary",https://ja.wiktionary.org/wiki/contraire,"CC BY-SA 4.0",2026-08-05,2026-08-14
contrarily,"逆に。反対に。","Japanese Wiktionary",https://ja.wiktionary.org/wiki/contrarily,"CC BY-SA 4.0",2026-08-05,2026-08-14
contrariwise,"逆に。反対に。反対方向に。 / 強情に。意固地に。 / 一方では。","Japanese Wiktionary",https://ja.wiktionary.org/wiki/contrariwise,"CC BY-SA 4.0",2026-08-05,2026-08-14
controversial,"物議を醸す。物議を起こす。論争を生む。論争の的となる。反対意見も多い。賛否が分かれる。 / 論争的な。議論好きの。","Japanese Wiktionary",https://ja.wiktionary.org/wiki/controversial,"CC BY-SA 4.0",2026-08-05,2026-08-14
convenient,"便利な。好都合な。（for/to 人・もの、 to do） / （日程などが）都合がよい。 / 近い場所にあって便利な。手近な。","Japanese Wiktionary",https://ja.wiktionary.org/wiki/convenient,"CC BY-SA 4.0",2026-08-05,2026-08-14
conveniently,"便利に / 都合良く","Japanese Wiktionary",https://ja.wiktionary.org/wiki/conveniently,"CC BY-SA 4.0",2026-08-05,2026-08-14
conventional,"慣習による / 協定による / 通常の、従来の、昔ながらの / 陳腐な、型にはまった / 非核の / 集会の","Japanese Wiktionary",https://ja.wiktionary.org/wiki/conventional,"CC BY-SA 4.0",2026-08-05,2026-08-14
conversant,"詳しい","Japanese Wiktionary",https://ja.wiktionary.org/wiki/conversant,"CC BY-SA 4.0",2026-08-05,2026-08-14
conversational,"会話の / 会話の巧みな","Japanese Wiktionary",https://ja.wiktionary.org/wiki/conversational,"CC BY-SA 4.0",2026-08-05,2026-08-14
convex,"凸面の。凸形の。 / 凸集合の。 / 多角形の内角がいずれも180°以下の。 / 凸面。","Japanese Wiktionary",https://ja.wiktionary.org/wiki/convex,"CC BY-SA 4.0",2026-08-05,2026-08-14
convincingly,"納得のいくように。","Japanese Wiktionary",https://ja.wiktionary.org/wiki/convincingly,"CC BY-SA 4.0",2026-08-05,2026-08-14
convulsive,"痙攣性の。 / 身震いを催すような。","Japanese Wiktionary",https://ja.wiktionary.org/wiki/convulsive,"CC BY-SA 4.0",2026-08-05,2026-08-14
coolly,"涼しく。 / 冷静に。 / やや冷たい。","Japanese Wiktionary",https://ja.wiktionary.org/wiki/coolly,"CC BY-SA 4.0",2026-08-05,2026-08-14
cooperatively,"協力して","Japanese Wiktionary",https://ja.wiktionary.org/wiki/cooperatively,"CC BY-SA 4.0",2026-08-05,2026-08-14
copious,"多量の。多数の。豊富な。 / 内容の豊富な。語数の多い。","Japanese Wiktionary",https://ja.wiktionary.org/wiki/copious,"CC BY-SA 4.0",2026-08-05,2026-08-14
copiously,"豊富に。","Japanese Wiktionary",https://ja.wiktionary.org/wiki/copiously,"CC BY-SA 4.0",2026-08-05,2026-08-14
coprime,"互いに素な数。 / 互いに素な。","Japanese Wiktionary",https://ja.wiktionary.org/wiki/coprime,"CC BY-SA 4.0",2026-08-05,2026-08-14
copro,"coproductionの短縮。 / coprocessorの短縮。","Japanese Wiktionary",https://ja.wiktionary.org/wiki/copro,"CC BY-SA 4.0",2026-08-05,2026-08-14
copyleft,"コピーレフト。","Japanese Wiktionary",https://ja.wiktionary.org/wiki/copyleft,"CC BY-SA 4.0",2026-08-05,2026-08-14
copyrightable,"著作権の登録や保護を受けられる。 / 著作権の保護が得られるもの。","Japanese Wiktionary",https://ja.wiktionary.org/wiki/copyrightable,"CC BY-SA 4.0",2026-08-05,2026-08-14
copyrighted,"著作権の保護が効いている。 / copyrightの過去形・過去分詞。","Japanese Wiktionary",https://ja.wiktionary.org/wiki/copyrighted,"CC BY-SA 4.0",2026-08-05,2026-08-14
copyrighting,"copyrightの動名詞又は現在分詞。","Japanese Wiktionary",https://ja.wiktionary.org/wiki/copyrighting,"CC BY-SA 4.0",2026-08-05,2026-08-14
copywrite,"広告のコピー（または文章）を書く。コピーライターとして働く。 / copyright の綴り誤り。","Japanese Wiktionary",https://ja.wiktionary.org/wiki/copywrite,"CC BY-SA 4.0",2026-08-05,2026-08-14
coq,"女性帽にある、雄鶏の羽根。","Japanese Wiktionary",https://ja.wiktionary.org/wiki/coq,"CC BY-SA 4.0",2026-08-05,2026-08-14
coquettish,"男たらしの。 / 色っぽい、艶かしい。","Japanese Wiktionary",https://ja.wiktionary.org/wiki/coquettish,"CC BY-SA 4.0",2026-08-05,2026-08-14
coquina,"コチョウナミノコ。 / 貝殻石灰岩。","Japanese Wiktionary",https://ja.wiktionary.org/wiki/coquina,"CC BY-SA 4.0",2026-08-05,2026-08-14
cordially,"心から、真心をこめて。","Japanese Wiktionary",https://ja.wiktionary.org/wiki/cordially,"CC BY-SA 4.0",2026-08-05,2026-08-14
corneal,"角膜の。","Japanese Wiktionary",https://ja.wiktionary.org/wiki/corneal,"CC BY-SA 4.0",2026-08-05,2026-08-14
coronavirus,"コロナウイルス。","Japanese Wiktionary",https://ja.wiktionary.org/wiki/coronavirus,"CC BY-SA 4.0",2026-08-05,2026-08-14
coronaviruses,"coronavirusの複数形。","Japanese Wiktionary",https://ja.wiktionary.org/wiki/coronaviruses,"CC BY-SA 4.0",2026-08-05,2026-08-14
corpulent,"太った","Japanese Wiktionary",https://ja.wiktionary.org/wiki/corpulent,"CC BY-SA 4.0",2026-08-05,2026-08-14
correctly,"正確に、正しく。","Japanese Wiktionary",https://ja.wiktionary.org/wiki/correctly,"CC BY-SA 4.0",2026-08-05,2026-08-14
correspondingly,"一致して、対応して","Japanese Wiktionary",https://ja.wiktionary.org/wiki/correspondingly,"CC BY-SA 4.0",2026-08-05,2026-08-14
corruptible,"堕落しやすい","Japanese Wiktionary",https://ja.wiktionary.org/wiki/corruptible,"CC BY-SA 4.0",2026-08-05,2026-08-14
cosmo,"コスモポリタン。","Japanese Wiktionary",https://ja.wiktionary.org/wiki/cosmo,"CC BY-SA 4.0",2026-08-05,2026-08-14
cosmological,"宇宙論に関する。","Japanese Wiktionary",https://ja.wiktionary.org/wiki/cosmological,"CC BY-SA 4.0",2026-08-05,2026-08-14
cosmopolis,"国際都市。","Japanese Wiktionary",https://ja.wiktionary.org/wiki/cosmopolis,"CC BY-SA 4.0",2026-08-05,2026-08-14
costar,"共演者。 / (自動詞) 共演する。 / (他動詞) 共演させる。","Japanese Wiktionary",https://ja.wiktionary.org/wiki/costar,"CC BY-SA 4.0",2026-08-05,2026-08-14
costars,"costarの複数形。 / costarの直説法現在第三人称単数形。","Japanese Wiktionary",https://ja.wiktionary.org/wiki/costars,"CC BY-SA 4.0",2026-08-05,2026-08-14
costuming,"costumeの動名詞又は現在分詞。","Japanese Wiktionary",https://ja.wiktionary.org/wiki/costuming,"CC BY-SA 4.0",2026-08-05,2026-08-14
counseled,"counselの過去形・過去分詞。","Japanese Wiktionary",https://ja.wiktionary.org/wiki/counseled,"CC BY-SA 4.0",2026-08-05,2026-08-14
countability,"可算性。","Japanese Wiktionary",https://ja.wiktionary.org/wiki/countability,"CC BY-SA 4.0",2026-08-05,2026-08-14
countable,"数えられる。 / 可算の。","Japanese Wiktionary",https://ja.wiktionary.org/wiki/countable,"CC BY-SA 4.0",2026-08-05,2026-08-14
counterproductive,"逆効果の、却って生産の妨げとなる、便益よりも悪影響が勝る","Japanese Wiktionary",https://ja.wiktionary.org/wiki/counterproductive,"CC BY-SA 4.0",2026-08-05,2026-08-14
countless,"数え切れないほどの、無数の","Japanese Wiktionary",https://ja.wiktionary.org/wiki/countless,"CC BY-SA 4.0",2026-08-05,2026-08-14
couper,"馬商人。","Japanese Wiktionary",https://ja.wiktionary.org/wiki/couper,"CC BY-SA 4.0",2026-08-05,2026-08-14
coupers,"couperの複数形。","Japanese Wiktionary",https://ja.wiktionary.org/wiki/coupers,"CC BY-SA 4.0",2026-08-05,2026-08-14
courageous,"勇敢な","Japanese Wiktionary",https://ja.wiktionary.org/wiki/courageous,"CC BY-SA 4.0",2026-08-05,2026-08-14
courageously,"勇敢に。","Japanese Wiktionary",https://ja.wiktionary.org/wiki/courageously,"CC BY-SA 4.0",2026-08-05,2026-08-14
courant,"クラント。 / （ダンス）クラント。 / 新聞。 / 走っている姿の。","Japanese Wiktionary",https://ja.wiktionary.org/wiki/courant,"CC BY-SA 4.0",2026-08-05,2026-08-14
courante,"（ダンス）クラント。 / クラント。","Japanese Wiktionary",https://ja.wiktionary.org/wiki/courante,"CC BY-SA 4.0",2026-08-05,2026-08-14
courantes,"couranteの複数形。","Japanese Wiktionary",https://ja.wiktionary.org/wiki/courantes,"CC BY-SA 4.0",2026-08-05,2026-08-14
courants,"courantの複数形。","Japanese Wiktionary",https://ja.wiktionary.org/wiki/courants,"CC BY-SA 4.0",2026-08-05,2026-08-14
courteous,"礼儀正しい。丁寧な。親切な。","Japanese Wiktionary",https://ja.wiktionary.org/wiki/courteous,"CC BY-SA 4.0",2026-08-05,2026-08-14
courteously,"丁寧に。丁重に。","Japanese Wiktionary",https://ja.wiktionary.org/wiki/courteously,"CC BY-SA 4.0",2026-08-05,2026-08-14
couter,"肘当て。 / ソブリン金貨。","Japanese Wiktionary",https://ja.wiktionary.org/wiki/couter,"CC BY-SA 4.0",2026-08-05,2026-08-14
couvert,"（レストランなどの）サービス料。","Japanese Wiktionary",https://ja.wiktionary.org/wiki/couvert,"CC BY-SA 4.0",2026-08-05,2026-08-14
couverts,"couvertの複数形。","Japanese Wiktionary",https://ja.wiktionary.org/wiki/couverts,"CC BY-SA 4.0",2026-08-05,2026-08-14
covalent,"共有結合の。","Japanese Wiktionary",https://ja.wiktionary.org/wiki/covalent,"CC BY-SA 4.0",2026-08-05,2026-08-14
covetous,"むやみに欲しがる。貪欲な。強欲な。","Japanese Wiktionary",https://ja.wiktionary.org/wiki/covetous,"CC BY-SA 4.0",2026-08-05,2026-08-14
cowardly,"卑怯に。 / 臆病な。卑怯な。","Japanese Wiktionary",https://ja.wiktionary.org/wiki/cowardly,"CC BY-SA 4.0",2026-08-05,2026-08-14
cowpox,"牛痘","Japanese Wiktionary",https://ja.wiktionary.org/wiki/cowpox,"CC BY-SA 4.0",2026-08-05,2026-08-14
craftily,"狡賢く。","Japanese Wiktionary",https://ja.wiktionary.org/wiki/craftily,"CC BY-SA 4.0",2026-08-05,2026-08-14
cranial,"頭蓋の","Japanese Wiktionary",https://ja.wiktionary.org/wiki/cranial,"CC BY-SA 4.0",2026-08-05,2026-08-14
crassly,"愚かに、無神経に","Japanese Wiktionary",https://ja.wiktionary.org/wiki/crassly,"CC BY-SA 4.0",2026-08-05,2026-08-14
cravate,"cravat の廃用。","Japanese Wiktionary",https://ja.wiktionary.org/wiki/cravate,"CC BY-SA 4.0",2026-08-05,2026-08-14
creatively,"創造的に、独創的に。","Japanese Wiktionary",https://ja.wiktionary.org/wiki/creatively,"CC BY-SA 4.0",2026-08-05,2026-08-14
credentialing,"credentialの現在分詞。","Japanese Wiktionary",https://ja.wiktionary.org/wiki/credentialing,"CC BY-SA 4.0",2026-08-05,2026-08-14
credible,"信用できる。 / 確実な。","Japanese Wiktionary",https://ja.wiktionary.org/wiki/credible,"CC BY-SA 4.0",2026-08-05,2026-08-14
credibly,"確実に","Japanese Wiktionary",https://ja.wiktionary.org/wiki/credibly,"CC BY-SA 4.0",2026-08-05,2026-08-14
credulous,"容易に信じる、だまされやすい。 / 軽々しく信じた。","Japanese Wiktionary",https://ja.wiktionary.org/wiki/credulous,"CC BY-SA 4.0",2026-08-05,2026-08-14
creeped,"creepの過去形・過去分詞。","Japanese Wiktionary",https://ja.wiktionary.org/wiki/creeped,"CC BY-SA 4.0",2026-08-05,2026-08-14
crepuscular,"薄暮の、黄昏時の。 / 薄明活動性の。","Japanese Wiktionary",https://ja.wiktionary.org/wiki/crepuscular,"CC BY-SA 4.0",2026-08-05,2026-08-14
criminally,"刑事上","Japanese Wiktionary",https://ja.wiktionary.org/wiki/criminally,"CC BY-SA 4.0",2026-08-05,2026-08-14
crimination,"有罪にすること、告訴、告発。","Japanese Wiktionary",https://ja.wiktionary.org/wiki/crimination,"CC BY-SA 4.0",2026-08-05,2026-08-14
crimine,"criminyの異形。","Japanese Wiktionary",https://ja.wiktionary.org/wiki/crimine,"CC BY-SA 4.0",2026-08-05,2026-08-14
crispers,"crisperの複数形。","Japanese Wiktionary",https://ja.wiktionary.org/wiki/crispers,"CC BY-SA 4.0",2026-08-05,2026-08-14
crisply,"かりかりして。ぱりぱりして。 / きびきびと。的確に。 / 爽やかに。","Japanese Wiktionary",https://ja.wiktionary.org/wiki/crisply,"CC BY-SA 4.0",2026-08-05,2026-08-14
criterions,"criterionの複数形。","Japanese Wiktionary",https://ja.wiktionary.org/wiki/criterions,"CC BY-SA 4.0",2026-08-05,2026-08-14
critical,"批評や評論に関する。 / 批判的な。懐疑的な。粗探ししたがる。酷評した。 / 校訂ずみの。 / 危ない。死や滅亡が迫っている。致命的な。 / 重要な。重大な。決定的な。 / 臨界の。","Japanese Wiktionary",https://ja.wiktionary.org/wiki/critical,"CC BY-SA 4.0",2026-08-05,2026-08-14
critically,"批判的に。懐疑的に。酷評して。 / 決定的に。非常に。 / 致命的に。危機的に。死や滅亡が迫って。 / じろじろと。じっくりと。","Japanese Wiktionary",https://ja.wiktionary.org/wiki/critically,"CC BY-SA 4.0",2026-08-05,2026-08-14
crosswise,"斜めの。横方向の。 / 斜めに。交差して。十字形に。","Japanese Wiktionary",https://ja.wiktionary.org/wiki/crosswise,"CC BY-SA 4.0",2026-08-05,2026-08-14
crucial,"決定的な。","Japanese Wiktionary",https://ja.wiktionary.org/wiki/crucial,"CC BY-SA 4.0",2026-08-05,2026-08-14
crueler,"cruelの比較級。","Japanese Wiktionary",https://ja.wiktionary.org/wiki/crueler,"CC BY-SA 4.0",2026-08-05,2026-08-14
cruelly,"残酷に。","Japanese Wiktionary",https://ja.wiktionary.org/wiki/cruelly,"CC BY-SA 4.0",2026-08-05,2026-08-14
cuber,"何かを立方体にする人。器具。 / (俗)ルービックキューブを解く人。","Japanese Wiktionary",https://ja.wiktionary.org/wiki/cuber,"CC BY-SA 4.0",2026-08-05,2026-08-14
culpable,"責められるべき、罪のある。","Japanese Wiktionary",https://ja.wiktionary.org/wiki/culpable,"CC BY-SA 4.0",2026-08-05,2026-08-14
cultivable,"耕作できる、栽培できる。 / 育成できる。","Japanese Wiktionary",https://ja.wiktionary.org/wiki/cultivable,"CC BY-SA 4.0",2026-08-05,2026-08-14
cumene,"クメン。","Japanese Wiktionary",https://ja.wiktionary.org/wiki/cumene,"CC BY-SA 4.0",2026-08-05,2026-08-14
cumulant,"キュムラント。","Japanese Wiktionary",https://ja.wiktionary.org/wiki/cumulant,"CC BY-SA 4.0",2026-08-05,2026-08-14
cumulants,"cumulantの複数形。","Japanese Wiktionary",https://ja.wiktionary.org/wiki/cumulants,"CC BY-SA 4.0",2026-08-05,2026-08-14
cupro,"キュプラ。銅アンモニアレーヨン。","Japanese Wiktionary",https://ja.wiktionary.org/wiki/cupro,"CC BY-SA 4.0",2026-08-05,2026-08-14
curiously,"不思議なことに、奇妙にも。 / 物珍しそうに。","Japanese Wiktionary",https://ja.wiktionary.org/wiki/curiously,"CC BY-SA 4.0",2026-08-05,2026-08-14
currently,"一般に / 現在は","Japanese Wiktionary",https://ja.wiktionary.org/wiki/currently,"CC BY-SA 4.0",2026-08-05,2026-08-14
cursorily,"大まかに、大雑把に。","Japanese Wiktionary",https://ja.wiktionary.org/wiki/cursorily,"CC BY-SA 4.0",2026-08-05,2026-08-14
cursory,"大まかな、大雑把な、通り一遍の。 / （注意を払わず）大急ぎの。","Japanese Wiktionary",https://ja.wiktionary.org/wiki/cursory,"CC BY-SA 4.0",2026-08-05,2026-08-14
curtly,"そっけなく。ぶっきらぼうに。","Japanese Wiktionary",https://ja.wiktionary.org/wiki/curtly,"CC BY-SA 4.0",2026-08-05,2026-08-14
curule,"最高位の、高位高官の。","Japanese Wiktionary",https://ja.wiktionary.org/wiki/curule,"CC BY-SA 4.0",2026-08-05,2026-08-14
curva,"（ヨーロッパのスタジアムなどで）ゴール裏にある熱狂的なサポーターが座る席。","Japanese Wiktionary",https://ja.wiktionary.org/wiki/curva,"CC BY-SA 4.0",2026-08-05,2026-08-14
customarily,"通例、一般に。 / 習慣的に。","Japanese Wiktionary",https://ja.wiktionary.org/wiki/customarily,"CC BY-SA 4.0",2026-08-05,2026-08-14
customary,"慣習法集。 / いつもの、習慣的な、慣例の。","Japanese Wiktionary",https://ja.wiktionary.org/wiki/customary,"CC BY-SA 4.0",2026-08-05,2026-08-14
customed,"customの過去形・過去分詞。","Japanese Wiktionary",https://ja.wiktionary.org/wiki/customed,"CC BY-SA 4.0",2026-08-05,2026-08-14
customisation,"customizationの異綴。","Japanese Wiktionary",https://ja.wiktionary.org/wiki/customisation,"CC BY-SA 4.0",2026-08-05,2026-08-14
customisations,"customisationの複数形。","Japanese Wiktionary",https://ja.wiktionary.org/wiki/customisations,"CC BY-SA 4.0",2026-08-05,2026-08-14
customization,"特注製造、カスタマイズ。","Japanese Wiktionary",https://ja.wiktionary.org/wiki/customization,"CC BY-SA 4.0",2026-08-05,2026-08-14
customizations,"customizationの複数形。","Japanese Wiktionary",https://ja.wiktionary.org/wiki/customizations,"CC BY-SA 4.0",2026-08-05,2026-08-14
customizer,"特注で改造する人。","Japanese Wiktionary",https://ja.wiktionary.org/wiki/customizer,"CC BY-SA 4.0",2026-08-05,2026-08-14
cutely,"可愛く。 / 巧妙に。","Japanese Wiktionary",https://ja.wiktionary.org/wiki/cutely,"CC BY-SA 4.0",2026-08-05,2026-08-14
cutie,"可愛い人。可愛い動物。かわい子ちゃん。","Japanese Wiktionary",https://ja.wiktionary.org/wiki/cutie,"CC BY-SA 4.0",2026-08-05,2026-08-14
cuz,"'cause (because)の別形。 / いとこ。","Japanese Wiktionary",https://ja.wiktionary.org/wiki/cuz,"CC BY-SA 4.0",2026-08-05,2026-08-14
cybersecurity,"インターネット上の安全性。","Japanese Wiktionary",https://ja.wiktionary.org/wiki/cybersecurity,"CC BY-SA 4.0",2026-08-05,2026-08-14
cybersquatting,"不法占拠、サイバースクワッティング。 / cybersquatの現在分詞。","Japanese Wiktionary",https://ja.wiktionary.org/wiki/cybersquatting,"CC BY-SA 4.0",2026-08-05,2026-08-14
cyberterrorism,"サイバーテロリズム。","Japanese Wiktionary",https://ja.wiktionary.org/wiki/cyberterrorism,"CC BY-SA 4.0",2026-08-05,2026-08-14
cyclic,"周期的な。循環の。 / 環状の。 / 輪生の。 / 巡回の。","Japanese Wiktionary",https://ja.wiktionary.org/wiki/cyclic,"CC BY-SA 4.0",2026-08-05,2026-08-14
cyclohexane,"シクロヘキサン。","Japanese Wiktionary",https://ja.wiktionary.org/wiki/cyclohexane,"CC BY-SA 4.0",2026-08-05,2026-08-14
cystitis,"膀胱炎。","Japanese Wiktionary",https://ja.wiktionary.org/wiki/cystitis,"CC BY-SA 4.0",2026-08-05,2026-08-14
cytologic,"細胞学の。","Japanese Wiktionary",https://ja.wiktionary.org/wiki/cytologic,"CC BY-SA 4.0",2026-08-05,2026-08-14
cytological,"細胞学の。","Japanese Wiktionary",https://ja.wiktionary.org/wiki/cytological,"CC BY-SA 4.0",2026-08-05,2026-08-14
cytologically,"細胞学的に。","Japanese Wiktionary",https://ja.wiktionary.org/wiki/cytologically,"CC BY-SA 4.0",2026-08-05,2026-08-14
cytopathology,"細胞病理学。","Japanese Wiktionary",https://ja.wiktionary.org/wiki/cytopathology,"CC BY-SA 4.0",2026-08-05,2026-08-14
cz,"'cause (because)の略語。","Japanese Wiktionary",https://ja.wiktionary.org/wiki/cz,"CC BY-SA 4.0",2026-08-05,2026-08-14
daimyo,"大名。","Japanese Wiktionary",https://ja.wiktionary.org/wiki/daimyo,"CC BY-SA 4.0",2026-08-05,2026-08-14
daintily,"優美に、上品に。","Japanese Wiktionary",https://ja.wiktionary.org/wiki/daintily,"CC BY-SA 4.0",2026-08-05,2026-08-14
damnum,"損害。","Japanese Wiktionary",https://ja.wiktionary.org/wiki/damnum,"CC BY-SA 4.0",2026-08-05,2026-08-14
damselfish,"スズメダイ","Japanese Wiktionary",https://ja.wiktionary.org/wiki/damselfish,"CC BY-SA 4.0",2026-08-05,2026-08-14
dan,"段。格闘技で黒帯の地位。 / 黒帯保有者。","Japanese Wiktionary",https://ja.wiktionary.org/wiki/dan,"CC BY-SA 4.0",2026-08-05,2026-08-14
dangerous,"危ない、危うい、危険な。","Japanese Wiktionary",https://ja.wiktionary.org/wiki/dangerous,"CC BY-SA 4.0",2026-08-05,2026-08-14
dangerously,"危うく。","Japanese Wiktionary",https://ja.wiktionary.org/wiki/dangerously,"CC BY-SA 4.0",2026-08-05,2026-08-14
dango,"団子。 / 談合。","Japanese Wiktionary",https://ja.wiktionary.org/wiki/dango,"CC BY-SA 4.0",2026-08-05,2026-08-14
dangos,"dangoの複数形。","Japanese Wiktionary",https://ja.wiktionary.org/wiki/dangos,"CC BY-SA 4.0",2026-08-05,2026-08-14
darkly,"暗く。 / ぼんやりと。","Japanese Wiktionary",https://ja.wiktionary.org/wiki/darkly,"CC BY-SA 4.0",2026-08-05,2026-08-14
darks,"""dark"" の複数形","Japanese Wiktionary",https://ja.wiktionary.org/wiki/darks,"CC BY-SA 4.0",2026-08-05,2026-08-14
dashi,"出汁。","Japanese Wiktionary",https://ja.wiktionary.org/wiki/dashi,"CC BY-SA 4.0",2026-08-05,2026-08-14
databased,"databaseの過去形又は過去分詞形。","Japanese Wiktionary",https://ja.wiktionary.org/wiki/databased,"CC BY-SA 4.0",2026-08-05,2026-08-14
databasing,"databaseの動名詞又は現在分詞形。","Japanese Wiktionary",https://ja.wiktionary.org/wiki/databasing,"CC BY-SA 4.0",2026-08-05,2026-08-14
dauntless,"不屈の。","Japanese Wiktionary",https://ja.wiktionary.org/wiki/dauntless,"CC BY-SA 4.0",2026-08-05,2026-08-14
daywear,"普段着","Japanese Wiktionary",https://ja.wiktionary.org/wiki/daywear,"CC BY-SA 4.0",2026-08-05,2026-08-14
deader,"""dead"" の比較級。","Japanese Wiktionary",https://ja.wiktionary.org/wiki/deader,"CC BY-SA 4.0",2026-08-05,2026-08-14
dearly,"いとしく。 / 大事に。","Japanese Wiktionary",https://ja.wiktionary.org/wiki/dearly,"CC BY-SA 4.0",2026-08-05,2026-08-14
deathless,"不滅の、死なない、消えない、潰れない","Japanese Wiktionary",https://ja.wiktionary.org/wiki/deathless,"CC BY-SA 4.0",2026-08-05,2026-08-14
deathly,"死んだように。 / 極度に。","Japanese Wiktionary",https://ja.wiktionary.org/wiki/deathly,"CC BY-SA 4.0",2026-08-05,2026-08-14
debatable,"議論の余地のある。疑わしい。 / 係争中の。","Japanese Wiktionary",https://ja.wiktionary.org/wiki/debatable,"CC BY-SA 4.0",2026-08-05,2026-08-14
debile,"弱い。虚弱な。","Japanese Wiktionary",https://ja.wiktionary.org/wiki/debile,"CC BY-SA 4.0",2026-08-05,2026-08-14
decadal,"10個一組の。 / 10年間の。","Japanese Wiktionary",https://ja.wiktionary.org/wiki/decadal,"CC BY-SA 4.0",2026-08-05,2026-08-14
deceitful,"嘘吐きの。人を騙す。 / （外見などが）人を騙すような。","Japanese Wiktionary",https://ja.wiktionary.org/wiki/deceitful,"CC BY-SA 4.0",2026-08-05,2026-08-14
deceitfully,"欺いて。偽って。","Japanese Wiktionary",https://ja.wiktionary.org/wiki/deceitfully,"CC BY-SA 4.0",2026-08-05,2026-08-14
deceivingly,"騙して、欺いて。","Japanese Wiktionary",https://ja.wiktionary.org/wiki/deceivingly,"CC BY-SA 4.0",2026-08-05,2026-08-14
decennial,"10年に1回の。 / 10年間の。 / 10周年（祭）。","Japanese Wiktionary",https://ja.wiktionary.org/wiki/decennial,"CC BY-SA 4.0",2026-08-05,2026-08-14
decent,"きちんとした。 / ふさわしい。 / そこそこの。それなりの。 / きちんと服を着た。着替えの終わった。","Japanese Wiktionary",https://ja.wiktionary.org/wiki/decent,"CC BY-SA 4.0",2026-08-05,2026-08-14
decently,"きちんと。礼儀正しく。 / かなり。相当。","Japanese Wiktionary",https://ja.wiktionary.org/wiki/decently,"CC BY-SA 4.0",2026-08-05,2026-08-14
deceptive,"人を欺くような、当てにならない。","Japanese Wiktionary",https://ja.wiktionary.org/wiki/deceptive,"CC BY-SA 4.0",2026-08-05,2026-08-14
deceptively,"人を欺くように、一見したところでは。","Japanese Wiktionary",https://ja.wiktionary.org/wiki/deceptively,"CC BY-SA 4.0",2026-08-05,2026-08-14
decidedly,"明らかに、明確に。 / 毅然とした。","Japanese Wiktionary",https://ja.wiktionary.org/wiki/decidedly,"CC BY-SA 4.0",2026-08-05,2026-08-14
deciduous,"落葉性の。","Japanese Wiktionary",https://ja.wiktionary.org/wiki/deciduous,"CC BY-SA 4.0",2026-08-05,2026-08-14
decisive,"決定的な。 / 明確な。","Japanese Wiktionary",https://ja.wiktionary.org/wiki/decisive,"CC BY-SA 4.0",2026-08-05,2026-08-14
decisively,"決定的に、断固として。","Japanese Wiktionary",https://ja.wiktionary.org/wiki/decisively,"CC BY-SA 4.0",2026-08-05,2026-08-14
declaratory,"宣言する、断定的な。","Japanese Wiktionary",https://ja.wiktionary.org/wiki/declaratory,"CC BY-SA 4.0",2026-08-05,2026-08-14
decorative,"装飾の。装飾的な。","Japanese Wiktionary",https://ja.wiktionary.org/wiki/decorative,"CC BY-SA 4.0",2026-08-05,2026-08-14
decorous,"礼儀正しい。","Japanese Wiktionary",https://ja.wiktionary.org/wiki/decorous,"CC BY-SA 4.0",2026-08-05,2026-08-14
decrepit,"老いぼれた、老朽化した。","Japanese Wiktionary",https://ja.wiktionary.org/wiki/decrepit,"CC BY-SA 4.0",2026-08-05,2026-08-14
dedans,"サーブ側観客席。","Japanese Wiktionary",https://ja.wiktionary.org/wiki/dedans,"CC BY-SA 4.0",2026-08-05,2026-08-14
deductive,"演繹の。","Japanese Wiktionary",https://ja.wiktionary.org/wiki/deductive,"CC BY-SA 4.0",2026-08-05,2026-08-14
deeded,"""deed"" の過去形・過去分詞。","Japanese Wiktionary",https://ja.wiktionary.org/wiki/deeded,"CC BY-SA 4.0",2026-08-05,2026-08-14
deek,"（ニューカッスル方言）見る。","Japanese Wiktionary",https://ja.wiktionary.org/wiki/deek,"CC BY-SA 4.0",2026-08-05,2026-08-14
deeks,"""deek"" の三人称単数現在形。","Japanese Wiktionary",https://ja.wiktionary.org/wiki/deeks,"CC BY-SA 4.0",2026-08-05,2026-08-14
deeply,"深く。 / 強く。 / 濃く。 / 非常に。","Japanese Wiktionary",https://ja.wiktionary.org/wiki/deeply,"CC BY-SA 4.0",2026-08-05,2026-08-14
deers,"""deer"" の複数形","Japanese Wiktionary",https://ja.wiktionary.org/wiki/deers,"CC BY-SA 4.0",2026-08-05,2026-08-14
defamatory,"名誉毀損の。","Japanese Wiktionary",https://ja.wiktionary.org/wiki/defamatory,"CC BY-SA 4.0",2026-08-05,2026-08-14
defensible,"防御できる。 / 弁護できる、擁護できる、正当な。","Japanese Wiktionary",https://ja.wiktionary.org/wiki/defensible,"CC BY-SA 4.0",2026-08-05,2026-08-14
defiantly,"反抗的に / 挑戦的に","Japanese Wiktionary",https://ja.wiktionary.org/wiki/defiantly,"CC BY-SA 4.0",2026-08-05,2026-08-14
deficient,"不足した、欠乏した。 / 不十分な。","Japanese Wiktionary",https://ja.wiktionary.org/wiki/deficient,"CC BY-SA 4.0",2026-08-05,2026-08-14
definable,"定義できる、限定できる。","Japanese Wiktionary",https://ja.wiktionary.org/wiki/definable,"CC BY-SA 4.0",2026-08-05,2026-08-14
definitely,"はっきりと、明確に。 / 確かに。","Japanese Wiktionary",https://ja.wiktionary.org/wiki/definitely,"CC BY-SA 4.0",2026-08-05,2026-08-14
definitively,"決定的に、最終的に。","Japanese Wiktionary",https://ja.wiktionary.org/wiki/definitively,"CC BY-SA 4.0",2026-08-05,2026-08-14
defunct,"使われていない、機能していない。 / 死語の。 / 死亡した、消滅した。 / 潰す、消滅させる。 / 死者。","Japanese Wiktionary",https://ja.wiktionary.org/wiki/defunct,"CC BY-SA 4.0",2026-08-05,2026-08-14
degener,"degenderの異形。","Japanese Wiktionary",https://ja.wiktionary.org/wiki/degener,"CC BY-SA 4.0",2026-08-05,2026-08-14
dehors,"〜とは無関係の。","Japanese Wiktionary",https://ja.wiktionary.org/wiki/dehors,"CC BY-SA 4.0",2026-08-05,2026-08-14
dejectedly,"落胆して、意気消沈して。","Japanese Wiktionary",https://ja.wiktionary.org/wiki/dejectedly,"CC BY-SA 4.0",2026-08-05,2026-08-14
delenda,"抹消すべきもの。","Japanese Wiktionary",https://ja.wiktionary.org/wiki/delenda,"CC BY-SA 4.0",2026-08-05,2026-08-14
deliberately,"故意に、態と。 / 慎重に。","Japanese Wiktionary",https://ja.wiktionary.org/wiki/deliberately,"CC BY-SA 4.0",2026-08-05,2026-08-14
deliberative,"慎重な / 審議の","Japanese Wiktionary",https://ja.wiktionary.org/wiki/deliberative,"CC BY-SA 4.0",2026-08-05,2026-08-14
delicate,"（物が）壊れやすい。傷付きやすい。脆い。 / 繊細な。きめ細かい。 / 精巧な。精密な。 / （感覚が）敏感な。 / 優美な。上品な。 / （体が）ひ弱な。華奢な。 / （食べ物などが）おいしい。上等の。 / （問題などが）扱いにくい。慎重を要する。 / （色などが）仄かな。柔らかい。 / 傷みやすい衣類。 / 珍味。佳肴。ごちそう。","Japanese Wiktionary",https://ja.wiktionary.org/wiki/delicate,"CC BY-SA 4.0",2026-08-05,2026-08-14
delicately,"繊細に。優美に。上品に。","Japanese Wiktionary",https://ja.wiktionary.org/wiki/delicately,"CC BY-SA 4.0",2026-08-05,2026-08-14
delicates,"下着類。 / delicateの複数形。","Japanese Wiktionary",https://ja.wiktionary.org/wiki/delicates,"CC BY-SA 4.0",2026-08-05,2026-08-14
deliciously,"おいしく。 / 快く。","Japanese Wiktionary",https://ja.wiktionary.org/wiki/deliciously,"CC BY-SA 4.0",2026-08-05,2026-08-14
delightedly,"喜こんで。","Japanese Wiktionary",https://ja.wiktionary.org/wiki/delightedly,"CC BY-SA 4.0",2026-08-05,2026-08-14
delightful,"楽しい。喜ばしい。うれしい。心地よい。愉快な。","Japanese Wiktionary",https://ja.wiktionary.org/wiki/delightful,"CC BY-SA 4.0",2026-08-05,2026-08-14
delightfully,"楽しく、愉快に。","Japanese Wiktionary",https://ja.wiktionary.org/wiki/delightfully,"CC BY-SA 4.0",2026-08-05,2026-08-14
delphine,"いるかの。","Japanese Wiktionary",https://ja.wiktionary.org/wiki/delphine,"CC BY-SA 4.0",2026-08-05,2026-08-14
delusional,"妄想の。妄想に関する。 / 妄想に苦しむ人。","Japanese Wiktionary",https://ja.wiktionary.org/wiki/delusional,"CC BY-SA 4.0",2026-08-05,2026-08-14
demain,"（特に、ウィリアム1世の主張する）領地。","Japanese Wiktionary",https://ja.wiktionary.org/wiki/demain,"CC BY-SA 4.0",2026-08-05,2026-08-14
demented,"気が狂った、発狂した。 / 認知症になった。 / dementの過去形・過去分詞。","Japanese Wiktionary",https://ja.wiktionary.org/wiki/demented,"CC BY-SA 4.0",2026-08-05,2026-08-14
demure,"（主に女性が）ひかえめな、おくゆかしい、上品ぶった。 / 奥ゆかしく見える。","Japanese Wiktionary",https://ja.wiktionary.org/wiki/demure,"CC BY-SA 4.0",2026-08-05,2026-08-14
deniability,"（不可算）否認できる状況・状態。 / （可算）否認権。","Japanese Wiktionary",https://ja.wiktionary.org/wiki/deniability,"CC BY-SA 4.0",2026-08-05,2026-08-14
deniable,"否める。否定される余地のある。 / 否める。断れる。拒否できる。","Japanese Wiktionary",https://ja.wiktionary.org/wiki/deniable,"CC BY-SA 4.0",2026-08-05,2026-08-14
denning,"""den"" の動名詞形又は現在分詞形。","Japanese Wiktionary",https://ja.wiktionary.org/wiki/denning,"CC BY-SA 4.0",2026-08-05,2026-08-14
denotative,"表示する。指示する。 / 外延的な。","Japanese Wiktionary",https://ja.wiktionary.org/wiki/denotative,"CC BY-SA 4.0",2026-08-05,2026-08-14
densely,"密集して。濃く。","Japanese Wiktionary",https://ja.wiktionary.org/wiki/densely,"CC BY-SA 4.0",2026-08-05,2026-08-14
densified,"densifyの過去形・過去分詞。","Japanese Wiktionary",https://ja.wiktionary.org/wiki/densified,"CC BY-SA 4.0",2026-08-05,2026-08-14
denuclearization,"非核化。脱原子力。","Japanese Wiktionary",https://ja.wiktionary.org/wiki/denuclearization,"CC BY-SA 4.0",2026-08-05,2026-08-14
departmental,"部門の、各省の。","Japanese Wiktionary",https://ja.wiktionary.org/wiki/departmental,"CC BY-SA 4.0",2026-08-05,2026-08-14
deplorable,"嘆かわしい。遺憾な。 / 惨めな。 / 嘆かわしい人・物。","Japanese Wiktionary",https://ja.wiktionary.org/wiki/deplorable,"CC BY-SA 4.0",2026-08-05,2026-08-14
depressingly,"憂鬱に","Japanese Wiktionary",https://ja.wiktionary.org/wiki/depressingly,"CC BY-SA 4.0",2026-08-05,2026-08-14
depressurization,"(主に英) 減圧。","Japanese Wiktionary",https://ja.wiktionary.org/wiki/depressurization,"CC BY-SA 4.0",2026-08-05,2026-08-14
derisive,"馬鹿にした。嘲笑的な。 / 嘲笑的な意見。","Japanese Wiktionary",https://ja.wiktionary.org/wiki/derisive,"CC BY-SA 4.0",2026-08-05,2026-08-14
derisively,"馬鹿にして。嘲笑的に。","Japanese Wiktionary",https://ja.wiktionary.org/wiki/derisively,"CC BY-SA 4.0",2026-08-05,2026-08-14
dermal,"皮膚の、真皮の。","Japanese Wiktionary",https://ja.wiktionary.org/wiki/dermal,"CC BY-SA 4.0",2026-08-05,2026-08-14
dermatitis,"皮膚炎。","Japanese Wiktionary",https://ja.wiktionary.org/wiki/dermatitis,"CC BY-SA 4.0",2026-08-05,2026-08-14
dermatological,"皮膚科学の","Japanese Wiktionary",https://ja.wiktionary.org/wiki/dermatological,"CC BY-SA 4.0",2026-08-05,2026-08-14
dermo,"パーキンサス症。","Japanese Wiktionary",https://ja.wiktionary.org/wiki/dermo,"CC BY-SA 4.0",2026-08-05,2026-08-14
derogatory,"軽蔑的な。傷付けるような。","Japanese Wiktionary",https://ja.wiktionary.org/wiki/derogatory,"CC BY-SA 4.0",2026-08-05,2026-08-14
desc,"descentの略。 / descriptionの略。","Japanese Wiktionary",https://ja.wiktionary.org/wiki/desc,"CC BY-SA 4.0",2026-08-05,2026-08-14
descriptive,"記述的な、描写的な。 / 限定用法の。 / 記述的な。 / 事実に基づく。 / 形容詞。","Japanese Wiktionary",https://ja.wiktionary.org/wiki/descriptive,"CC BY-SA 4.0",2026-08-05,2026-08-14
descriptives,"descriptiveの複数形。","Japanese Wiktionary",https://ja.wiktionary.org/wiki/descriptives,"CC BY-SA 4.0",2026-08-05,2026-08-14
deservedly,"当然ながら。正当に。相応に。","Japanese Wiktionary",https://ja.wiktionary.org/wiki/deservedly,"CC BY-SA 4.0",2026-08-05,2026-08-14
designedly,"故意に。","Japanese Wiktionary",https://ja.wiktionary.org/wiki/designedly,"CC BY-SA 4.0",2026-08-05,2026-08-14
desirable,"望ましい、望まれた。 / 魅力のある。 / 望ましい物。","Japanese Wiktionary",https://ja.wiktionary.org/wiki/desirable,"CC BY-SA 4.0",2026-08-05,2026-08-14
desirably,"望ましく。","Japanese Wiktionary",https://ja.wiktionary.org/wiki/desirably,"CC BY-SA 4.0",2026-08-05,2026-08-14
desirous,"熱情を抱いて。強く希望して。","Japanese Wiktionary",https://ja.wiktionary.org/wiki/desirous,"CC BY-SA 4.0",2026-08-05,2026-08-14
desking,"deskの現在分詞。","Japanese Wiktionary",https://ja.wiktionary.org/wiki/desking,"CC BY-SA 4.0",2026-08-05,2026-08-14
desoldering,"""desolder"" の動名詞又は現在分詞。","Japanese Wiktionary",https://ja.wiktionary.org/wiki/desoldering,"CC BY-SA 4.0",2026-08-05,2026-08-14
desperately,"必死になって。 / とても。ひどく。猛烈に。","Japanese Wiktionary",https://ja.wiktionary.org/wiki/desperately,"CC BY-SA 4.0",2026-08-05,2026-08-14
despicable,"賤しむべき。見下げ果てた。卑劣な。","Japanese Wiktionary",https://ja.wiktionary.org/wiki/despicable,"CC BY-SA 4.0",2026-08-05,2026-08-14
despondent,"失望した、落胆した、意気消沈した。","Japanese Wiktionary",https://ja.wiktionary.org/wiki/despondent,"CC BY-SA 4.0",2026-08-05,2026-08-14
dest,"destinationの略。","Japanese Wiktionary",https://ja.wiktionary.org/wiki/dest,"CC BY-SA 4.0",2026-08-05,2026-08-14
destin,"destinyの旧綴り。","Japanese Wiktionary",https://ja.wiktionary.org/wiki/destin,"CC BY-SA 4.0",2026-08-05,2026-08-14
destructible,"壊せる。壊れやすい。破壊できる。脆い。","Japanese Wiktionary",https://ja.wiktionary.org/wiki/destructible,"CC BY-SA 4.0",2026-08-05,2026-08-14
destructive,"破壊的な。有害な","Japanese Wiktionary",https://ja.wiktionary.org/wiki/destructive,"CC BY-SA 4.0",2026-08-05,2026-08-14
destructively,"破壊的に","Japanese Wiktionary",https://ja.wiktionary.org/wiki/destructively,"CC BY-SA 4.0",2026-08-05,2026-08-14
destructor,"デストラクタ。","Japanese Wiktionary",https://ja.wiktionary.org/wiki/destructor,"CC BY-SA 4.0",2026-08-05,2026-08-14
desultory,"とりとめのない、当てがない。 / 突飛な。 / がっかりした。 / 飛び跳ねた。","Japanese Wiktionary",https://ja.wiktionary.org/wiki/desultory,"CC BY-SA 4.0",2026-08-05,2026-08-14
detachable,"取り外せる。分離できる。 / 取り外し可能な装置。","Japanese Wiktionary",https://ja.wiktionary.org/wiki/detachable,"CC BY-SA 4.0",2026-08-05,2026-08-14
detectable,"探知できる。","Japanese Wiktionary",https://ja.wiktionary.org/wiki/detectable,"CC BY-SA 4.0",2026-08-05,2026-08-14
determinate,"明確な、限定された、はっきりした。[14世紀より] / 一定の。[16世紀より] / 有限花序の。 / 既定の、決定された。 / 断固とした、決然たる。 / 決定する、確定する。","Japanese Wiktionary",https://ja.wiktionary.org/wiki/determinate,"CC BY-SA 4.0",2026-08-05,2026-08-14
detestable,"憎むべき、忌まわしい。","Japanese Wiktionary",https://ja.wiktionary.org/wiki/detestable,"CC BY-SA 4.0",2026-08-05,2026-08-14
detrimental,"有害な。","Japanese Wiktionary",https://ja.wiktionary.org/wiki/detrimental,"CC BY-SA 4.0",2026-08-05,2026-08-14
detrimentally,"有害に、有害性をもって。","Japanese Wiktionary",https://ja.wiktionary.org/wiki/detrimentally,"CC BY-SA 4.0",2026-08-05,2026-08-14
devastatingly,"破壊的に / 痛烈に / 素晴らしく","Japanese Wiktionary",https://ja.wiktionary.org/wiki/devastatingly,"CC BY-SA 4.0",2026-08-05,2026-08-14
developmental,"発達の / 発生の","Japanese Wiktionary",https://ja.wiktionary.org/wiki/developmental,"CC BY-SA 4.0",2026-08-05,2026-08-14
deviled,"""devil"" の過去形・過去分詞形。","Japanese Wiktionary",https://ja.wiktionary.org/wiki/deviled,"CC BY-SA 4.0",2026-08-05,2026-08-14
devoid,"欠けている。 / 空にする。","Japanese Wiktionary",https://ja.wiktionary.org/wiki/devoid,"CC BY-SA 4.0",2026-08-05,2026-08-14
devotedly,"献身的に。忠実に。","Japanese Wiktionary",https://ja.wiktionary.org/wiki/devotedly,"CC BY-SA 4.0",2026-08-05,2026-08-14
devoto,"信奉者。","Japanese Wiktionary",https://ja.wiktionary.org/wiki/devoto,"CC BY-SA 4.0",2026-08-05,2026-08-14
devout,"敬虔な。信仰心の厚い。 / （願望などが）真剣な。誠実な。 / 信奉者。 / 信心。信仰。","Japanese Wiktionary",https://ja.wiktionary.org/wiki/devout,"CC BY-SA 4.0",2026-08-05,2026-08-14
devoutly,"敬虔に。真剣に。","Japanese Wiktionary",https://ja.wiktionary.org/wiki/devoutly,"CC BY-SA 4.0",2026-08-05,2026-08-14
dewpoint,"dew pointの異綴。","Japanese Wiktionary",https://ja.wiktionary.org/wiki/dewpoint,"CC BY-SA 4.0",2026-08-05,2026-08-14
dewpoints,"dewpointの複数形。","Japanese Wiktionary",https://ja.wiktionary.org/wiki/dewpoints,"CC BY-SA 4.0",2026-08-05,2026-08-14
dexter,"右側の、右にある / （紋章）紋章（を描いたシールド）を持つ者から見て左側の、紋章を見る者から見て右側の / （古）縁起のよい、吉兆の","Japanese Wiktionary",https://ja.wiktionary.org/wiki/dexter,"CC BY-SA 4.0",2026-08-05,2026-08-14
diablo,"(米国南西部) 悪魔。 / 香辛料で辛くした。","Japanese Wiktionary",https://ja.wiktionary.org/wiki/diablo,"CC BY-SA 4.0",2026-08-05,2026-08-14
diagonally,"斜めに。対角線上に。","Japanese Wiktionary",https://ja.wiktionary.org/wiki/diagonally,"CC BY-SA 4.0",2026-08-05,2026-08-14
dialectal,"方言の、方言的な。","Japanese Wiktionary",https://ja.wiktionary.org/wiki/dialectal,"CC BY-SA 4.0",2026-08-05,2026-08-14
dialectical,"弁証法の。 / （まれ）方言の、方言的な。","Japanese Wiktionary",https://ja.wiktionary.org/wiki/dialectical,"CC BY-SA 4.0",2026-08-05,2026-08-14
diametre,"diameterの異綴。","Japanese Wiktionary",https://ja.wiktionary.org/wiki/diametre,"CC BY-SA 4.0",2026-08-05,2026-08-14
diapering,"diaperの動名詞又は現在分詞。","Japanese Wiktionary",https://ja.wiktionary.org/wiki/diapering,"CC BY-SA 4.0",2026-08-05,2026-08-14
dich,"ditchの旧綴り。","Japanese Wiktionary",https://ja.wiktionary.org/wiki/dich,"CC BY-SA 4.0",2026-08-05,2026-08-14
dictatorial,"独裁者の、独裁体制の。 / 横暴な、専横な。","Japanese Wiktionary",https://ja.wiktionary.org/wiki/dictatorial,"CC BY-SA 4.0",2026-08-05,2026-08-14
dictionnary,"dictionaryの異綴。","Japanese Wiktionary",https://ja.wiktionary.org/wiki/dictionnary,"CC BY-SA 4.0",2026-08-05,2026-08-14
didst,"doの二人称単数過去形。主語がthouの時に用いられる。","Japanese Wiktionary",https://ja.wiktionary.org/wiki/didst,"CC BY-SA 4.0",2026-08-05,2026-08-14
differenced,"differenceの過去形・過去分詞。","Japanese Wiktionary",https://ja.wiktionary.org/wiki/differenced,"CC BY-SA 4.0",2026-08-05,2026-08-14
differencing,"differenceの動名詞又は現在分詞。","Japanese Wiktionary",https://ja.wiktionary.org/wiki/differencing,"CC BY-SA 4.0",2026-08-05,2026-08-14
different,"異なる。違う。殊異な。別個の。 / 色色な。様様な。 / 特異な。際立った。","Japanese Wiktionary",https://ja.wiktionary.org/wiki/different,"CC BY-SA 4.0",2026-08-05,2026-08-14
differentiability,"微分可能性。","Japanese Wiktionary",https://ja.wiktionary.org/wiki/differentiability,"CC BY-SA 4.0",2026-08-05,2026-08-14
differentiable,"区別できる。 / 微分可能な。","Japanese Wiktionary",https://ja.wiktionary.org/wiki/differentiable,"CC BY-SA 4.0",2026-08-05,2026-08-14
differently,"異なって、相違して。 / それとは違って、そうではなく。","Japanese Wiktionary",https://ja.wiktionary.org/wiki/differently,"CC BY-SA 4.0",2026-08-05,2026-08-14
difficult,"（知識・判断）難しい。 / 困難な。 / （人）扱いにくい。 / 問題のある。 / 苦しい。 / 厳しい。","Japanese Wiktionary",https://ja.wiktionary.org/wiki/difficult,"CC BY-SA 4.0",2026-08-05,2026-08-14
diffident,"信用を欠く、不信の。 / 自信のない、内気な、遠慮がちな。","Japanese Wiktionary",https://ja.wiktionary.org/wiki/diffident,"CC BY-SA 4.0",2026-08-05,2026-08-14
diffractive,"回折を生じる。","Japanese Wiktionary",https://ja.wiktionary.org/wiki/diffractive,"CC BY-SA 4.0",2026-08-05,2026-08-14
diffusely,"散漫に、広まって","Japanese Wiktionary",https://ja.wiktionary.org/wiki/diffusely,"CC BY-SA 4.0",2026-08-05,2026-08-14
digon,"二角形。","Japanese Wiktionary",https://ja.wiktionary.org/wiki/digon,"CC BY-SA 4.0",2026-08-05,2026-08-14
dildoed,"dildoの過去形・過去分詞。","Japanese Wiktionary",https://ja.wiktionary.org/wiki/dildoed,"CC BY-SA 4.0",2026-08-05,2026-08-14
dildoing,"dildoの現在分詞。","Japanese Wiktionary",https://ja.wiktionary.org/wiki/dildoing,"CC BY-SA 4.0",2026-08-05,2026-08-14
diligent,"勤勉な、熱心な、真面目な。 / 念入りな、行き届いた。","Japanese Wiktionary",https://ja.wiktionary.org/wiki/diligent,"CC BY-SA 4.0",2026-08-05,2026-08-14
diligently,"勤勉に / 念入りに","Japanese Wiktionary",https://ja.wiktionary.org/wiki/diligently,"CC BY-SA 4.0",2026-08-05,2026-08-14
dills,"dillの複数形。 / dillの直説法現在第三人称単数形。","Japanese Wiktionary",https://ja.wiktionary.org/wiki/dills,"CC BY-SA 4.0",2026-08-05,2026-08-14
dimensional,"寸法の。 / 次元の。","Japanese Wiktionary",https://ja.wiktionary.org/wiki/dimensional,"CC BY-SA 4.0",2026-08-05,2026-08-14
dimensioning,"dimensionの現在分詞。","Japanese Wiktionary",https://ja.wiktionary.org/wiki/dimensioning,"CC BY-SA 4.0",2026-08-05,2026-08-14
dimly,"薄暗く。ぼんやりと。","Japanese Wiktionary",https://ja.wiktionary.org/wiki/dimly,"CC BY-SA 4.0",2026-08-05,2026-08-14
diplomatically,"外交的に。 / 卒無く、如才無く、抜かり無く。","Japanese Wiktionary",https://ja.wiktionary.org/wiki/diplomatically,"CC BY-SA 4.0",2026-08-05,2026-08-14
directly,"直接に。 / ～するや否や（=as soon as）","Japanese Wiktionary",https://ja.wiktionary.org/wiki/directly,"CC BY-SA 4.0",2026-08-05,2026-08-14
disadvantageous,"不利な、都合の悪い、損失になる。","Japanese Wiktionary",https://ja.wiktionary.org/wiki/disadvantageous,"CC BY-SA 4.0",2026-08-05,2026-08-14
disagreeable,"不愉快な、嫌な。 / 無愛想な。","Japanese Wiktionary",https://ja.wiktionary.org/wiki/disagreeable,"CC BY-SA 4.0",2026-08-05,2026-08-14
disastrous,"災害に襲われた。破局的な。 / 災難が起こりそうな。忌まわしい。縁起が悪い。凶兆が表れている。","Japanese Wiktionary",https://ja.wiktionary.org/wiki/disastrous,"CC BY-SA 4.0",2026-08-05,2026-08-14
disastrously,"悲惨に。","Japanese Wiktionary",https://ja.wiktionary.org/wiki/disastrously,"CC BY-SA 4.0",2026-08-05,2026-08-14
discalced,"（修道士や修道女が）靴を履いていない。跣足の。[17世紀より] / 裸足の。サンダル履きの。[19世紀より]","Japanese Wiktionary",https://ja.wiktionary.org/wiki/discalced,"CC BY-SA 4.0",2026-08-05,2026-08-14
discernable,"discernibleの異綴。","Japanese Wiktionary",https://ja.wiktionary.org/wiki/discernable,"CC BY-SA 4.0",2026-08-05,2026-08-14
discernible,"認識できる。識別できる。見分けられる。","Japanese Wiktionary",https://ja.wiktionary.org/wiki/discernible,"CC BY-SA 4.0",2026-08-05,2026-08-14
discolor,"変色する、退色する。","Japanese Wiktionary",https://ja.wiktionary.org/wiki/discolor,"CC BY-SA 4.0",2026-08-05,2026-08-14
discolored,"変色した、退色した。 / 多色の、多彩な。 / discolorの過去形・過去分詞。","Japanese Wiktionary",https://ja.wiktionary.org/wiki/discolored,"CC BY-SA 4.0",2026-08-05,2026-08-14
discoloring,"discolorの現在分詞。 / 変色、退色。","Japanese Wiktionary",https://ja.wiktionary.org/wiki/discoloring,"CC BY-SA 4.0",2026-08-05,2026-08-14
disconcertingly,"戸惑いを感じるほど。","Japanese Wiktionary",https://ja.wiktionary.org/wiki/disconcertingly,"CC BY-SA 4.0",2026-08-05,2026-08-14
discontented,"（人が）不満のある。不平のある、不満気な、不満足でおもしろくない。（discontented with ... で）... に不満のある。 / discontentの過去形・過去分詞。","Japanese Wiktionary",https://ja.wiktionary.org/wiki/discontented,"CC BY-SA 4.0",2026-08-05,2026-08-14
discontinuous,"断続的な、不連続の、途切れた / （関数が）不連続の","Japanese Wiktionary",https://ja.wiktionary.org/wiki/discontinuous,"CC BY-SA 4.0",2026-08-05,2026-08-14
discordant,"調和しない。一致しない。 / 不協和音の。","Japanese Wiktionary",https://ja.wiktionary.org/wiki/discordant,"CC BY-SA 4.0",2026-08-05,2026-08-14
discourteous,"無礼な。失礼な。無作法な。","Japanese Wiktionary",https://ja.wiktionary.org/wiki/discourteous,"CC BY-SA 4.0",2026-08-05,2026-08-14
discoverability,"見つけやすさ。","Japanese Wiktionary",https://ja.wiktionary.org/wiki/discoverability,"CC BY-SA 4.0",2026-08-05,2026-08-14
discreetly,"慎重に、控え目に。","Japanese Wiktionary",https://ja.wiktionary.org/wiki/discreetly,"CC BY-SA 4.0",2026-08-05,2026-08-14
discretely,"ばらばらに、個別的に、離散的に。","Japanese Wiktionary",https://ja.wiktionary.org/wiki/discretely,"CC BY-SA 4.0",2026-08-05,2026-08-14
discretionary,"任意の、自由裁量の。","Japanese Wiktionary",https://ja.wiktionary.org/wiki/discretionary,"CC BY-SA 4.0",2026-08-05,2026-08-14
discrimina,"discrimenの複数形。","Japanese Wiktionary",https://ja.wiktionary.org/wiki/discrimina,"CC BY-SA 4.0",2026-08-05,2026-08-14
discursive,"散漫な。 / 論証的な。","Japanese Wiktionary",https://ja.wiktionary.org/wiki/discursive,"CC BY-SA 4.0",2026-08-05,2026-08-14
disdainful,"軽蔑した。尊大な。横柄な。","Japanese Wiktionary",https://ja.wiktionary.org/wiki/disdainful,"CC BY-SA 4.0",2026-08-05,2026-08-14
disdainfully,"軽蔑して。尊大に。","Japanese Wiktionary",https://ja.wiktionary.org/wiki/disdainfully,"CC BY-SA 4.0",2026-08-05,2026-08-14
diseased,"疾患のある、病的な","Japanese Wiktionary",https://ja.wiktionary.org/wiki/diseased,"CC BY-SA 4.0",2026-08-05,2026-08-14
disgraceful,"不名誉な、恥ずかしい。","Japanese Wiktionary",https://ja.wiktionary.org/wiki/disgraceful,"CC BY-SA 4.0",2026-08-05,2026-08-14
disgracefully,"不名誉にも","Japanese Wiktionary",https://ja.wiktionary.org/wiki/disgracefully,"CC BY-SA 4.0",2026-08-05,2026-08-14
disheveled,"""dishevel"" の過去形・過去分詞形。 / だらしない、（髪などが）ぼさぼさの。","Japanese Wiktionary",https://ja.wiktionary.org/wiki/disheveled,"CC BY-SA 4.0",2026-08-05,2026-08-14
dishonest,"不正直な、不誠実な。 / 不正の。","Japanese Wiktionary",https://ja.wiktionary.org/wiki/dishonest,"CC BY-SA 4.0",2026-08-05,2026-08-14
dishonestly,"不正直に、不誠実に。 / 不正に。","Japanese Wiktionary",https://ja.wiktionary.org/wiki/dishonestly,"CC BY-SA 4.0",2026-08-05,2026-08-14
dishonorable,"卑劣な、不名誉な","Japanese Wiktionary",https://ja.wiktionary.org/wiki/dishonorable,"CC BY-SA 4.0",2026-08-05,2026-08-14
dishonorably,"卑劣に、不名誉に","Japanese Wiktionary",https://ja.wiktionary.org/wiki/dishonorably,"CC BY-SA 4.0",2026-08-05,2026-08-14
dishonored,"dishonorの過去形・過去分詞","Japanese Wiktionary",https://ja.wiktionary.org/wiki/dishonored,"CC BY-SA 4.0",2026-08-05,2026-08-14
dishonoring,"dishonorの現在分詞","Japanese Wiktionary",https://ja.wiktionary.org/wiki/dishonoring,"CC BY-SA 4.0",2026-08-05,2026-08-14
dishonourable,"dishonorableの異綴","Japanese Wiktionary",https://ja.wiktionary.org/wiki/dishonourable,"CC BY-SA 4.0",2026-08-05,2026-08-14
disinterested,"客観的な / 公平な / 無関心な","Japanese Wiktionary",https://ja.wiktionary.org/wiki/disinterested,"CC BY-SA 4.0",2026-08-05,2026-08-14
disloyal,"不誠実な、不実な、不義な。","Japanese Wiktionary",https://ja.wiktionary.org/wiki/disloyal,"CC BY-SA 4.0",2026-08-05,2026-08-14
dismal,"陰気な。憂鬱な。 / （演技・成績などが）惨めな。酷い。悲惨な。","Japanese Wiktionary",https://ja.wiktionary.org/wiki/dismal,"CC BY-SA 4.0",2026-08-05,2026-08-14
dismally,"陰気に。憂鬱に。惨めに。","Japanese Wiktionary",https://ja.wiktionary.org/wiki/dismally,"CC BY-SA 4.0",2026-08-05,2026-08-14
disobedient,"服従しない。 / 反抗的な。","Japanese Wiktionary",https://ja.wiktionary.org/wiki/disobedient,"CC BY-SA 4.0",2026-08-05,2026-08-14
disparate,"（本質的に）大きく異なる、相容れない、共通しない。 / （大きく異なるために）比較できない、連携できない。 / 本質的に異なるもの。 / 多様な人々。","Japanese Wiktionary",https://ja.wiktionary.org/wiki/disparate,"CC BY-SA 4.0",2026-08-05,2026-08-14
dispensable,"無くても済む。必要でない。 / 分配可能な。 / （規則などが）緩和可能な。","Japanese Wiktionary",https://ja.wiktionary.org/wiki/dispensable,"CC BY-SA 4.0",2026-08-05,2026-08-14
disputable,"議論の余地がある、疑わしい。","Japanese Wiktionary",https://ja.wiktionary.org/wiki/disputable,"CC BY-SA 4.0",2026-08-05,2026-08-14
disrespectful,"失礼な、無礼な","Japanese Wiktionary",https://ja.wiktionary.org/wiki/disrespectful,"CC BY-SA 4.0",2026-08-05,2026-08-14
disrespectfully,"失礼に、無礼に","Japanese Wiktionary",https://ja.wiktionary.org/wiki/disrespectfully,"CC BY-SA 4.0",2026-08-05,2026-08-14
dissensus,"意見の不一致。","Japanese Wiktionary",https://ja.wiktionary.org/wiki/dissensus,"CC BY-SA 4.0",2026-08-05,2026-08-14
dissimilar,"似ていない、異なる。","Japanese Wiktionary",https://ja.wiktionary.org/wiki/dissimilar,"CC BY-SA 4.0",2026-08-05,2026-08-14
dissonant,"不協和音の。 / （音が）不快な。耳障りな。 / 不一致の。不和の。","Japanese Wiktionary",https://ja.wiktionary.org/wiki/dissonant,"CC BY-SA 4.0",2026-08-05,2026-08-14
distal,"遠位の、末梢の。 / 遠心の。 / 遠称の。","Japanese Wiktionary",https://ja.wiktionary.org/wiki/distal,"CC BY-SA 4.0",2026-08-05,2026-08-14
distant,"（距離・時間・関係等が）遠い、離れている。","Japanese Wiktionary",https://ja.wiktionary.org/wiki/distant,"CC BY-SA 4.0",2026-08-05,2026-08-14
distantly,"遠く、離れて / 遠縁で / よそよそしく","Japanese Wiktionary",https://ja.wiktionary.org/wiki/distantly,"CC BY-SA 4.0",2026-08-05,2026-08-14
distinct,"明確な。截然たる。差異が明らかな。区別が付く。 / 全く異なる。似ても似つかない。","Japanese Wiktionary",https://ja.wiktionary.org/wiki/distinct,"CC BY-SA 4.0",2026-08-05,2026-08-14
distinctive,"独特の。 / 特徴的な。 / 際立った。","Japanese Wiktionary",https://ja.wiktionary.org/wiki/distinctive,"CC BY-SA 4.0",2026-08-05,2026-08-14
distinctively,"特徴的に","Japanese Wiktionary",https://ja.wiktionary.org/wiki/distinctively,"CC BY-SA 4.0",2026-08-05,2026-08-14
distinctly,"はっきり。明確に。截然と。区別が付くように。 / 確かに。","Japanese Wiktionary",https://ja.wiktionary.org/wiki/distinctly,"CC BY-SA 4.0",2026-08-05,2026-08-14
distinguishable,"見分けられる、区別できる。","Japanese Wiktionary",https://ja.wiktionary.org/wiki/distinguishable,"CC BY-SA 4.0",2026-08-05,2026-08-14
distraught,"深く傷ついた、悲嘆にくれた、苦痛の。","Japanese Wiktionary",https://ja.wiktionary.org/wiki/distraught,"CC BY-SA 4.0",2026-08-05,2026-08-14
distribucion,"distributionの廃用。","Japanese Wiktionary",https://ja.wiktionary.org/wiki/distribucion,"CC BY-SA 4.0",2026-08-05,2026-08-14
distributable,"分配可能な。","Japanese Wiktionary",https://ja.wiktionary.org/wiki/distributable,"CC BY-SA 4.0",2026-08-05,2026-08-14
distributive,"分配の、配分の、配給の、配達の。 / 流通の。 / 分配の。 / 配分的な。 / 配分詞。 / 配分数詞。","Japanese Wiktionary",https://ja.wiktionary.org/wiki/distributive,"CC BY-SA 4.0",2026-08-05,2026-08-14
distrustful,"疑い深い。信用しない。","Japanese Wiktionary",https://ja.wiktionary.org/wiki/distrustful,"CC BY-SA 4.0",2026-08-05,2026-08-14
diverse,"多様な、様様な。 / 異なる。 / 多形の。 / 多様に。","Japanese Wiktionary",https://ja.wiktionary.org/wiki/diverse,"CC BY-SA 4.0",2026-08-05,2026-08-14
diversely,"様々に","Japanese Wiktionary",https://ja.wiktionary.org/wiki/diversely,"CC BY-SA 4.0",2026-08-05,2026-08-14
divinely,"神のように。神神しく。","Japanese Wiktionary",https://ja.wiktionary.org/wiki/divinely,"CC BY-SA 4.0",2026-08-05,2026-08-14
divisi,"ディビシ。","Japanese Wiktionary",https://ja.wiktionary.org/wiki/divisi,"CC BY-SA 4.0",2026-08-05,2026-08-14
divisible,"分けられる、割れる、分割できる。 / （数値を）割れる、割り切れる、整除できる。","Japanese Wiktionary",https://ja.wiktionary.org/wiki/divisible,"CC BY-SA 4.0",2026-08-05,2026-08-14
divulgation,"（秘密などの）暴露。漏洩。","Japanese Wiktionary",https://ja.wiktionary.org/wiki/divulgation,"CC BY-SA 4.0",2026-08-05,2026-08-14
docile,"素直な、おとなしい、従順な、服従的な、聞き分けの良い。 / 教えやすい。しつけやすい。","Japanese Wiktionary",https://ja.wiktionary.org/wiki/docile,"CC BY-SA 4.0",2026-08-05,2026-08-14
documenter,"文書作成者。","Japanese Wiktionary",https://ja.wiktionary.org/wiki/documenter,"CC BY-SA 4.0",2026-08-05,2026-08-14
dodd,"dodの異形。 / 丘の頂。","Japanese Wiktionary",https://ja.wiktionary.org/wiki/dodd,"CC BY-SA 4.0",2026-08-05,2026-08-14
dodds,"doddの直説法現在第三人称単数形。 / doddの複数形。","Japanese Wiktionary",https://ja.wiktionary.org/wiki/dodds,"CC BY-SA 4.0",2026-08-05,2026-08-14
dodgeball,"ドッジボール。","Japanese Wiktionary",https://ja.wiktionary.org/wiki/dodgeball,"CC BY-SA 4.0",2026-08-05,2026-08-14
dogi,"道着。 / dogeの複数形。","Japanese Wiktionary",https://ja.wiktionary.org/wiki/dogi,"CC BY-SA 4.0",2026-08-05,2026-08-14
dolce,"ドルチェ。","Japanese Wiktionary",https://ja.wiktionary.org/wiki/dolce,"CC BY-SA 4.0",2026-08-05,2026-08-14
doleful,"悲しみに沈んだ、憂鬱な","Japanese Wiktionary",https://ja.wiktionary.org/wiki/doleful,"CC BY-SA 4.0",2026-08-05,2026-08-14
dollmaker,"人形師、人形作家","Japanese Wiktionary",https://ja.wiktionary.org/wiki/dollmaker,"CC BY-SA 4.0",2026-08-05,2026-08-14
doma,"土間。","Japanese Wiktionary",https://ja.wiktionary.org/wiki/doma,"CC BY-SA 4.0",2026-08-05,2026-08-14
domus,"人、植物、動物で一単位と数える農場。 / オックスフォード大学やケンブリッジ大学などのカレッジ。","Japanese Wiktionary",https://ja.wiktionary.org/wiki/domus,"CC BY-SA 4.0",2026-08-05,2026-08-14
dood,"dudeの異綴。","Japanese Wiktionary",https://ja.wiktionary.org/wiki/dood,"CC BY-SA 4.0",2026-08-05,2026-08-14
doomy,"不吉な。","Japanese Wiktionary",https://ja.wiktionary.org/wiki/doomy,"CC BY-SA 4.0",2026-08-05,2026-08-14
doored,"doorの過去形・過去分詞。","Japanese Wiktionary",https://ja.wiktionary.org/wiki/doored,"CC BY-SA 4.0",2026-08-05,2026-08-14
dormant,"休眠中の。休止中の。活動も消滅もしていない。 / （才能などが）潜在している。","Japanese Wiktionary",https://ja.wiktionary.org/wiki/dormant,"CC BY-SA 4.0",2026-08-05,2026-08-14
dost,"do の直説法現在第二人称単数形。","Japanese Wiktionary",https://ja.wiktionary.org/wiki/dost,"CC BY-SA 4.0",2026-08-05,2026-08-14
doth,"doの三人称単数現在形（does）の古形。","Japanese Wiktionary",https://ja.wiktionary.org/wiki/doth,"CC BY-SA 4.0",2026-08-05,2026-08-14
doubly,"倍で、倍に。 / 2重に、重ねて。 / 二心をもって。","Japanese Wiktionary",https://ja.wiktionary.org/wiki/doubly,"CC BY-SA 4.0",2026-08-05,2026-08-14
doubtful,"疑わしい。 / 疑いを持っている。 / 信用できない。","Japanese Wiktionary",https://ja.wiktionary.org/wiki/doubtful,"CC BY-SA 4.0",2026-08-05,2026-08-14
doubtless,"疑いの無い、確かな。 / 恐れや疑念の無い。 / 恐らく、多分、間違いなく。","Japanese Wiktionary",https://ja.wiktionary.org/wiki/doubtless,"CC BY-SA 4.0",2026-08-05,2026-08-14
doula,"助産師、産婆。","Japanese Wiktionary",https://ja.wiktionary.org/wiki/doula,"CC BY-SA 4.0",2026-08-05,2026-08-14
doulas,"doulaの複数形。","Japanese Wiktionary",https://ja.wiktionary.org/wiki/doulas,"CC BY-SA 4.0",2026-08-05,2026-08-14
downhilling,"downhillの現在分詞。","Japanese Wiktionary",https://ja.wiktionary.org/wiki/downhilling,"CC BY-SA 4.0",2026-08-05,2026-08-14
downie,"Downieの異綴。","Japanese Wiktionary",https://ja.wiktionary.org/wiki/downie,"CC BY-SA 4.0",2026-08-05,2026-08-14
downloadable,"ダウンロードできる","Japanese Wiktionary",https://ja.wiktionary.org/wiki/downloadable,"CC BY-SA 4.0",2026-08-05,2026-08-14
downright,"徹底的な、全くの。 / （消極的な面を強調して）徹底的に、全く。","Japanese Wiktionary",https://ja.wiktionary.org/wiki/downright,"CC BY-SA 4.0",2026-08-05,2026-08-14
downstream,"流れに沿った。 / 下流（the lower stream）の。 / 下流部門で。 / 流れに沿って。 / 下流に。","Japanese Wiktionary",https://ja.wiktionary.org/wiki/downstream,"CC BY-SA 4.0",2026-08-05,2026-08-14
downtowns,"downtownの複数形。","Japanese Wiktionary",https://ja.wiktionary.org/wiki/downtowns,"CC BY-SA 4.0",2026-08-05,2026-08-14
downward,"下方へ、下向きに。 / 南方へ。 / 下方への、下向きの。","Japanese Wiktionary",https://ja.wiktionary.org/wiki/downward,"CC BY-SA 4.0",2026-08-05,2026-08-14
dramatically,"劇的に","Japanese Wiktionary",https://ja.wiktionary.org/wiki/dramatically,"CC BY-SA 4.0",2026-08-05,2026-08-14
drave,"""drive"" の過去形。","Japanese Wiktionary",https://ja.wiktionary.org/wiki/drave,"CC BY-SA 4.0",2026-08-05,2026-08-14
dreadful,"恐ろしい。とても怖い。 / 酷い","Japanese Wiktionary",https://ja.wiktionary.org/wiki/dreadful,"CC BY-SA 4.0",2026-08-05,2026-08-14
dreadfully,"恐れて。 / 酷く。","Japanese Wiktionary",https://ja.wiktionary.org/wiki/dreadfully,"CC BY-SA 4.0",2026-08-05,2026-08-14
dreamily,"夢見るように。夢見心地で。","Japanese Wiktionary",https://ja.wiktionary.org/wiki/dreamily,"CC BY-SA 4.0",2026-08-05,2026-08-14
dreamlike,"夢のような。夢幻的な。","Japanese Wiktionary",https://ja.wiktionary.org/wiki/dreamlike,"CC BY-SA 4.0",2026-08-05,2026-08-14
drinkstuff,"飲料。","Japanese Wiktionary",https://ja.wiktionary.org/wiki/drinkstuff,"CC BY-SA 4.0",2026-08-05,2026-08-14
drizzly,"霧雨の降る。","Japanese Wiktionary",https://ja.wiktionary.org/wiki/drizzly,"CC BY-SA 4.0",2026-08-05,2026-08-14
drunken,"酔った、酔っ払った、酔っ払いの。","Japanese Wiktionary",https://ja.wiktionary.org/wiki/drunken,"CC BY-SA 4.0",2026-08-05,2026-08-14
drunkenly,"酔っ払って。","Japanese Wiktionary",https://ja.wiktionary.org/wiki/drunkenly,"CC BY-SA 4.0",2026-08-05,2026-08-14
duas,"duaの複数形。","Japanese Wiktionary",https://ja.wiktionary.org/wiki/duas,"CC BY-SA 4.0",2026-08-05,2026-08-14
dubious,"疑っている。 / いかがわしい。 / うさんくさい。 / 怪しいと思って。","Japanese Wiktionary",https://ja.wiktionary.org/wiki/dubious,"CC BY-SA 4.0",2026-08-05,2026-08-14
dueled,"duelの過去形・過去分詞。","Japanese Wiktionary",https://ja.wiktionary.org/wiki/dueled,"CC BY-SA 4.0",2026-08-05,2026-08-14
dueling,"duelの現在分詞。 / 決闘。","Japanese Wiktionary",https://ja.wiktionary.org/wiki/dueling,"CC BY-SA 4.0",2026-08-05,2026-08-14
duett,"duetの旧綴り。","Japanese Wiktionary",https://ja.wiktionary.org/wiki/duett,"CC BY-SA 4.0",2026-08-05,2026-08-14
duetto,"duetの旧綴り。","Japanese Wiktionary",https://ja.wiktionary.org/wiki/duetto,"CC BY-SA 4.0",2026-08-05,2026-08-14
duking,"dukeの動名詞又は現在分詞。","Japanese Wiktionary",https://ja.wiktionary.org/wiki/duking,"CC BY-SA 4.0",2026-08-05,2026-08-14
dully,"鈍く、ぼんやりと","Japanese Wiktionary",https://ja.wiktionary.org/wiki/dully,"CC BY-SA 4.0",2026-08-05,2026-08-14
duly,"適切に、正当に、正式に / 時間通りに","Japanese Wiktionary",https://ja.wiktionary.org/wiki/duly,"CC BY-SA 4.0",2026-08-05,2026-08-14
durably,"永続的に。丈夫に。","Japanese Wiktionary",https://ja.wiktionary.org/wiki/durably,"CC BY-SA 4.0",2026-08-05,2026-08-14
during,"dureの現在分詞。 / ～の間中ずっと（=all during）。 / ～の期間中に。","Japanese Wiktionary",https://ja.wiktionary.org/wiki/during,"CC BY-SA 4.0",2026-08-05,2026-08-14
durst,"（古形）""dare"" の過去形。","Japanese Wiktionary",https://ja.wiktionary.org/wiki/durst,"CC BY-SA 4.0",2026-08-05,2026-08-14
dutiful,"従順な、忠実な、義務を果たす。","Japanese Wiktionary",https://ja.wiktionary.org/wiki/dutiful,"CC BY-SA 4.0",2026-08-05,2026-08-14
dux,"首席。 / ドゥクス。","Japanese Wiktionary",https://ja.wiktionary.org/wiki/dux,"CC BY-SA 4.0",2026-08-05,2026-08-14
dyce,"dyeの複数形。","Japanese Wiktionary",https://ja.wiktionary.org/wiki/dyce,"CC BY-SA 4.0",2026-08-05,2026-08-14
dyna,"dinarの廃語","Japanese Wiktionary",https://ja.wiktionary.org/wiki/dyna,"CC BY-SA 4.0",2026-08-05,2026-08-14
dynamically,"活動的に。精力的に。ダイナミックに。","Japanese Wiktionary",https://ja.wiktionary.org/wiki/dynamically,"CC BY-SA 4.0",2026-08-05,2026-08-14
dynastic,"王朝の、王朝に関する。","Japanese Wiktionary",https://ja.wiktionary.org/wiki/dynastic,"CC BY-SA 4.0",2026-08-05,2026-08-14
dysfunctional,"機能障害の。正常に機能していない。","Japanese Wiktionary",https://ja.wiktionary.org/wiki/dysfunctional,"CC BY-SA 4.0",2026-08-05,2026-08-14
each,"各々の、銘々の、それぞれの。 / 各々の人（もの）。 / 各々で。それぞれで。銘々で。","Japanese Wiktionary",https://ja.wiktionary.org/wiki/each,"CC BY-SA 4.0",2026-08-05,2026-08-14
eagerly,"熱心に / 熱望して","Japanese Wiktionary",https://ja.wiktionary.org/wiki/eagerly,"CC BY-SA 4.0",2026-08-05,2026-08-14
eam,"おじ。","Japanese Wiktionary",https://ja.wiktionary.org/wiki/eam,"CC BY-SA 4.0",2026-08-05,2026-08-14
eared,"""ear"" の過去形・過去分詞形。","Japanese Wiktionary",https://ja.wiktionary.org/wiki/eared,"CC BY-SA 4.0",2026-08-05,2026-08-14
earing,"""ear"" の動名詞形又は現在分詞形。","Japanese Wiktionary",https://ja.wiktionary.org/wiki/earing,"CC BY-SA 4.0",2026-08-05,2026-08-14
earnestly,"真面目に / 真剣に","Japanese Wiktionary",https://ja.wiktionary.org/wiki/earnestly,"CC BY-SA 4.0",2026-08-05,2026-08-14
earnt,"earnの過去形・過去分詞。","Japanese Wiktionary",https://ja.wiktionary.org/wiki/earnt,"CC BY-SA 4.0",2026-08-05,2026-08-14
earthen,"土で造った。土製の。陶製の。 / この世の。世俗の。現世の。 / 土を加える。 / 地球のようにする。","Japanese Wiktionary",https://ja.wiktionary.org/wiki/earthen,"CC BY-SA 4.0",2026-08-05,2026-08-14
earthlike,"地球のような。","Japanese Wiktionary",https://ja.wiktionary.org/wiki/earthlike,"CC BY-SA 4.0",2026-08-05,2026-08-14
earthly,"地上の、地球の。 / この世の、現世の。 / 一体、一体全体。 / 土製の。 / 現実的に。 / 粗野に。 / わずかな機会。","Japanese Wiktionary",https://ja.wiktionary.org/wiki/earthly,"CC BY-SA 4.0",2026-08-05,2026-08-14
easily,"容易に / 気楽に / 多分 / 断然","Japanese Wiktionary",https://ja.wiktionary.org/wiki/easily,"CC BY-SA 4.0",2026-08-05,2026-08-14
eastern,"東の / 東方の / 東への / 東からの","Japanese Wiktionary",https://ja.wiktionary.org/wiki/eastern,"CC BY-SA 4.0",2026-08-05,2026-08-14
easternmost,"東端の。","Japanese Wiktionary",https://ja.wiktionary.org/wiki/easternmost,"CC BY-SA 4.0",2026-08-05,2026-08-14
eaw,"hee-hawの異形。","Japanese Wiktionary",https://ja.wiktionary.org/wiki/eaw,"CC BY-SA 4.0",2026-08-05,2026-08-14
ebbe,"ebbの廃用。","Japanese Wiktionary",https://ja.wiktionary.org/wiki/ebbe,"CC BY-SA 4.0",2026-08-05,2026-08-14
ecce,"見よ。","Japanese Wiktionary",https://ja.wiktionary.org/wiki/ecce,"CC BY-SA 4.0",2026-08-05,2026-08-14
ecclesiastical,"教会の、聖職者の。","Japanese Wiktionary",https://ja.wiktionary.org/wiki/ecclesiastical,"CC BY-SA 4.0",2026-08-05,2026-08-14
echt,"本物の。真正の。","Japanese Wiktionary",https://ja.wiktionary.org/wiki/echt,"CC BY-SA 4.0",2026-08-05,2026-08-14
economic,"経済の / 経済学の","Japanese Wiktionary",https://ja.wiktionary.org/wiki/economic,"CC BY-SA 4.0",2026-08-05,2026-08-14
economical,"経済的な / 節約する","Japanese Wiktionary",https://ja.wiktionary.org/wiki/economical,"CC BY-SA 4.0",2026-08-05,2026-08-14
economically,"経済的な / 経済上","Japanese Wiktionary",https://ja.wiktionary.org/wiki/economically,"CC BY-SA 4.0",2026-08-05,2026-08-14
edamame,"枝豆。","Japanese Wiktionary",https://ja.wiktionary.org/wiki/edamame,"CC BY-SA 4.0",2026-08-05,2026-08-14
edifier,"啓発者。 / 建設者。","Japanese Wiktionary",https://ja.wiktionary.org/wiki/edifier,"CC BY-SA 4.0",2026-08-05,2026-08-14
editorially,"編集上、社説で","Japanese Wiktionary",https://ja.wiktionary.org/wiki/editorially,"CC BY-SA 4.0",2026-08-05,2026-08-14
educable,"(物事や価値観が) 教育の効果の有る。相手に解らすことのできる。 / (人が) 教育されることができる。","Japanese Wiktionary",https://ja.wiktionary.org/wiki/educable,"CC BY-SA 4.0",2026-08-05,2026-08-14
educational,"教育の","Japanese Wiktionary",https://ja.wiktionary.org/wiki/educational,"CC BY-SA 4.0",2026-08-05,2026-08-14
educationally,"教育的に。","Japanese Wiktionary",https://ja.wiktionary.org/wiki/educationally,"CC BY-SA 4.0",2026-08-05,2026-08-14
effective,"建設的な、生産性の高い、実りが多い、豊な。 / 〈薬や療法が、病気に対して）効き目の有る。効果の有る (against ...) / 効率的な。 / 有効の。効力を発する。〈法律などが〉施行されている。 / （副詞的または前置詞的に）（日時）を以って、限りで、付で / 事実上の。実用化されている。 / (軍事)〔部隊などが〕実動の、実戦の準備ができた","Japanese Wiktionary",https://ja.wiktionary.org/wiki/effective,"CC BY-SA 4.0",2026-08-05,2026-08-14
effectively,"有効に。効果的に。 / 事実上。実際には。","Japanese Wiktionary",https://ja.wiktionary.org/wiki/effectively,"CC BY-SA 4.0",2026-08-05,2026-08-14
effectual,"効果的な。有効な。適切な。","Japanese Wiktionary",https://ja.wiktionary.org/wiki/effectual,"CC BY-SA 4.0",2026-08-05,2026-08-14
effectually,"有効に。効果的に。適切に。","Japanese Wiktionary",https://ja.wiktionary.org/wiki/effectually,"CC BY-SA 4.0",2026-08-05,2026-08-14
effeminate,"男らしくない。女女しい。 / 女女しくする。","Japanese Wiktionary",https://ja.wiktionary.org/wiki/effeminate,"CC BY-SA 4.0",2026-08-05,2026-08-14
efficacious,"（薬・治療などが）効き目のある。効果のある。有効な。[1520年代より]","Japanese Wiktionary",https://ja.wiktionary.org/wiki/efficacious,"CC BY-SA 4.0",2026-08-05,2026-08-14
efficient,"効率のよい / 有能な","Japanese Wiktionary",https://ja.wiktionary.org/wiki/efficient,"CC BY-SA 4.0",2026-08-05,2026-08-14
efficiently,"効率よく","Japanese Wiktionary",https://ja.wiktionary.org/wiki/efficiently,"CC BY-SA 4.0",2026-08-05,2026-08-14
effortless,"努力を要しない。楽楽こなした。","Japanese Wiktionary",https://ja.wiktionary.org/wiki/effortless,"CC BY-SA 4.0",2026-08-05,2026-08-14
effortlessly,"苦労せずに、楽楽と。","Japanese Wiktionary",https://ja.wiktionary.org/wiki/effortlessly,"CC BY-SA 4.0",2026-08-05,2026-08-14
egregious,"実にひどい、とんでもない。","Japanese Wiktionary",https://ja.wiktionary.org/wiki/egregious,"CC BY-SA 4.0",2026-08-05,2026-08-14
eidolon,"幻影。幽霊。","Japanese Wiktionary",https://ja.wiktionary.org/wiki/eidolon,"CC BY-SA 4.0",2026-08-05,2026-08-14
eigenfunction,"固有関数","Japanese Wiktionary",https://ja.wiktionary.org/wiki/eigenfunction,"CC BY-SA 4.0",2026-08-05,2026-08-14
eigh,"ehの異綴。","Japanese Wiktionary",https://ja.wiktionary.org/wiki/eigh,"CC BY-SA 4.0",2026-08-05,2026-08-14
eir,"彼等の。","Japanese Wiktionary",https://ja.wiktionary.org/wiki/eir,"CC BY-SA 4.0",2026-08-05,2026-08-14
either,"（肯定文）どちらか一方の、どちらの〜でも / （疑問文）どちらか一方の / （否定文）どちらの〜も～（でない） / （either 〜 or ...の形で）どちらか一方 / （肯定文）どちらか一方、どちらでも / （疑問文）どちらか一方 / （否定文）どちらも～（でない） / （否定文）～もまた…（でない）","Japanese Wiktionary",https://ja.wiktionary.org/wiki/either,"CC BY-SA 4.0",2026-08-05,2026-08-14
elastica,"弾性組織。","Japanese Wiktionary",https://ja.wiktionary.org/wiki/elastica,"CC BY-SA 4.0",2026-08-05,2026-08-14
electoral,"選挙の","Japanese Wiktionary",https://ja.wiktionary.org/wiki/electoral,"CC BY-SA 4.0",2026-08-05,2026-08-14
electrofunk,"エレクトロファンク。","Japanese Wiktionary",https://ja.wiktionary.org/wiki/electrofunk,"CC BY-SA 4.0",2026-08-05,2026-08-14
electromotive,"電動の。起電の。","Japanese Wiktionary",https://ja.wiktionary.org/wiki/electromotive,"CC BY-SA 4.0",2026-08-05,2026-08-14
electronical,"""electronic""の稀用形。","Japanese Wiktionary",https://ja.wiktionary.org/wiki/electronical,"CC BY-SA 4.0",2026-08-05,2026-08-14
electronically,"電子的に、電子技術的に。","Japanese Wiktionary",https://ja.wiktionary.org/wiki/electronically,"CC BY-SA 4.0",2026-08-05,2026-08-14
elegant,"雅やかな、優雅な、優美な、高尚な、上品な。 / 簡潔な、すっきりした。","Japanese Wiktionary",https://ja.wiktionary.org/wiki/elegant,"CC BY-SA 4.0",2026-08-05,2026-08-14
elegantly,"優雅に、上品に","Japanese Wiktionary",https://ja.wiktionary.org/wiki/elegantly,"CC BY-SA 4.0",2026-08-05,2026-08-14
elementary,"初級の、初歩の。 / 基本的な。 / 簡単な。","Japanese Wiktionary",https://ja.wiktionary.org/wiki/elementary,"CC BY-SA 4.0",2026-08-05,2026-08-14
elephantine,"象のような / 巨大な","Japanese Wiktionary",https://ja.wiktionary.org/wiki/elephantine,"CC BY-SA 4.0",2026-08-05,2026-08-14
eligible,"適任の、選ばれるに値する、資格を付与された、有資格の、ある行為を許可された。 / 適任者、有資格者。","Japanese Wiktionary",https://ja.wiktionary.org/wiki/eligible,"CC BY-SA 4.0",2026-08-05,2026-08-14
elliptical,"楕円の。長円の。 / 省略の。 / （話などが）省略され過ぎて分かりにくい。 / 楕円銀河。 / エリプティカルトレーナー。","Japanese Wiktionary",https://ja.wiktionary.org/wiki/elliptical,"CC BY-SA 4.0",2026-08-05,2026-08-14
elliptically,"楕円に。 / 省略して。簡潔に。","Japanese Wiktionary",https://ja.wiktionary.org/wiki/elliptically,"CC BY-SA 4.0",2026-08-05,2026-08-14
ellipticals,"ellipticalの複数形。","Japanese Wiktionary",https://ja.wiktionary.org/wiki/ellipticals,"CC BY-SA 4.0",2026-08-05,2026-08-14
eloquent,"雄弁な。能弁な。説得力のある。 / （感情などを）よく表している。","Japanese Wiktionary",https://ja.wiktionary.org/wiki/eloquent,"CC BY-SA 4.0",2026-08-05,2026-08-14
eloquently,"雄弁に。能弁に。","Japanese Wiktionary",https://ja.wiktionary.org/wiki/eloquently,"CC BY-SA 4.0",2026-08-05,2026-08-14
else,"他の。別の。 / そうでなければ、さもなければ、それ以外で。 / その他に、さもなければ。","Japanese Wiktionary",https://ja.wiktionary.org/wiki/else,"CC BY-SA 4.0",2026-08-05,2026-08-14
elsewhere,"他の場所で。 / 他の場所へ。 / （現在地ではない）他の場所。","Japanese Wiktionary",https://ja.wiktionary.org/wiki/elsewhere,"CC BY-SA 4.0",2026-08-05,2026-08-14
ema,"絵馬。","Japanese Wiktionary",https://ja.wiktionary.org/wiki/ema,"CC BY-SA 4.0",2026-08-05,2026-08-14
embarrassingly,"まごつかせるほどに","Japanese Wiktionary",https://ja.wiktionary.org/wiki/embarrassingly,"CC BY-SA 4.0",2026-08-05,2026-08-14
emblematic,"象徴的な。象徴する。","Japanese Wiktionary",https://ja.wiktionary.org/wiki/emblematic,"CC BY-SA 4.0",2026-08-05,2026-08-14
embryogenesis,"胚発生。","Japanese Wiktionary",https://ja.wiktionary.org/wiki/embryogenesis,"CC BY-SA 4.0",2026-08-05,2026-08-14
emerita,"emeritusの女性形。 / emeritumの複数形。","Japanese Wiktionary",https://ja.wiktionary.org/wiki/emerita,"CC BY-SA 4.0",2026-08-05,2026-08-14
emeriti,"emeritusの複数形。","Japanese Wiktionary",https://ja.wiktionary.org/wiki/emeriti,"CC BY-SA 4.0",2026-08-05,2026-08-14
eminent,"高い。 / 優れた、立派な、卓越した。 / 著名な、有名な。","Japanese Wiktionary",https://ja.wiktionary.org/wiki/eminent,"CC BY-SA 4.0",2026-08-05,2026-08-14
eminently,"極めて、著しく。","Japanese Wiktionary",https://ja.wiktionary.org/wiki/eminently,"CC BY-SA 4.0",2026-08-05,2026-08-14
emotional,"感情的な / 情緒的な / 感動的な / 涙もろい / 感情に基づく","Japanese Wiktionary",https://ja.wiktionary.org/wiki/emotional,"CC BY-SA 4.0",2026-08-05,2026-08-14
emotionally,"感情的に。","Japanese Wiktionary",https://ja.wiktionary.org/wiki/emotionally,"CC BY-SA 4.0",2026-08-05,2026-08-14
emotionless,"感情を表に出さない、無感動な。 / 無表情な。","Japanese Wiktionary",https://ja.wiktionary.org/wiki/emotionless,"CC BY-SA 4.0",2026-08-05,2026-08-14
emotive,"感情に訴える","Japanese Wiktionary",https://ja.wiktionary.org/wiki/emotive,"CC BY-SA 4.0",2026-08-05,2026-08-14
empathetic,"人の気持ちの分かる / 感情移入しやすい","Japanese Wiktionary",https://ja.wiktionary.org/wiki/empathetic,"CC BY-SA 4.0",2026-08-05,2026-08-14
emphatic,"強く主張する、強調する。 / （意見などが）強固な、断固とした。 / 強調音の。 / 強調子音 / 強調表現。","Japanese Wiktionary",https://ja.wiktionary.org/wiki/emphatic,"CC BY-SA 4.0",2026-08-05,2026-08-14
emphatically,"強調して、断固として。 / 断然。","Japanese Wiktionary",https://ja.wiktionary.org/wiki/emphatically,"CC BY-SA 4.0",2026-08-05,2026-08-14
empt,"空っぽにする。","Japanese Wiktionary",https://ja.wiktionary.org/wiki/empt,"CC BY-SA 4.0",2026-08-05,2026-08-14
empted,"emptの過去形・過去分詞。","Japanese Wiktionary",https://ja.wiktionary.org/wiki/empted,"CC BY-SA 4.0",2026-08-05,2026-08-14
empting,"emptの現在分詞。","Japanese Wiktionary",https://ja.wiktionary.org/wiki/empting,"CC BY-SA 4.0",2026-08-05,2026-08-14
empts,"emptの三人称単数現在形。","Japanese Wiktionary",https://ja.wiktionary.org/wiki/empts,"CC BY-SA 4.0",2026-08-05,2026-08-14
enam,"inamの異形。","Japanese Wiktionary",https://ja.wiktionary.org/wiki/enam,"CC BY-SA 4.0",2026-08-05,2026-08-14
enamored,"""enamor"" の過去形・過去分詞。","Japanese Wiktionary",https://ja.wiktionary.org/wiki/enamored,"CC BY-SA 4.0",2026-08-05,2026-08-14
encasings,"encasingの複数形。","Japanese Wiktionary",https://ja.wiktionary.org/wiki/encasings,"CC BY-SA 4.0",2026-08-05,2026-08-14
encipherment,"暗号化。","Japanese Wiktionary",https://ja.wiktionary.org/wiki/encipherment,"CC BY-SA 4.0",2026-08-05,2026-08-14
encouragingly,"激励して、勇気付けるように、励みになって。","Japanese Wiktionary",https://ja.wiktionary.org/wiki/encouragingly,"CC BY-SA 4.0",2026-08-05,2026-08-14
encyclopedic,"博学の / 百科事典的な","Japanese Wiktionary",https://ja.wiktionary.org/wiki/encyclopedic,"CC BY-SA 4.0",2026-08-05,2026-08-14
endearingly,"愛情を込めて。","Japanese Wiktionary",https://ja.wiktionary.org/wiki/endearingly,"CC BY-SA 4.0",2026-08-05,2026-08-14
endeavoring,"endeavorの動名詞又は現在分詞。 / 努力、試み。","Japanese Wiktionary",https://ja.wiktionary.org/wiki/endeavoring,"CC BY-SA 4.0",2026-08-05,2026-08-14
endian,"エンディアン、バイトオーダ。","Japanese Wiktionary",https://ja.wiktionary.org/wiki/endian,"CC BY-SA 4.0",2026-08-05,2026-08-14
endless,"終わりの無い。無限の。果てしない。 / 永久の / 循環の","Japanese Wiktionary",https://ja.wiktionary.org/wiki/endless,"CC BY-SA 4.0",2026-08-05,2026-08-14
endlessly,"無限に。果てしなく。","Japanese Wiktionary",https://ja.wiktionary.org/wiki/endlessly,"CC BY-SA 4.0",2026-08-05,2026-08-14
endogenous,"内部に生じる、内因性の、内発的な。","Japanese Wiktionary",https://ja.wiktionary.org/wiki/endogenous,"CC BY-SA 4.0",2026-08-05,2026-08-14
endurable,"耐えられる","Japanese Wiktionary",https://ja.wiktionary.org/wiki/endurable,"CC BY-SA 4.0",2026-08-05,2026-08-14
enduro,"エンデューロ","Japanese Wiktionary",https://ja.wiktionary.org/wiki/enduro,"CC BY-SA 4.0",2026-08-05,2026-08-14
energetically,"精力的に、エネルギッシュに。","Japanese Wiktionary",https://ja.wiktionary.org/wiki/energetically,"CC BY-SA 4.0",2026-08-05,2026-08-14
engin,"engineの廃用。","Japanese Wiktionary",https://ja.wiktionary.org/wiki/engin,"CC BY-SA 4.0",2026-08-05,2026-08-14
engins,"enginの複数形。","Japanese Wiktionary",https://ja.wiktionary.org/wiki/engins,"CC BY-SA 4.0",2026-08-05,2026-08-14
engraft,"接ぎ木する。 / 植え付ける。移植する。 / 植え付けられた。","Japanese Wiktionary",https://ja.wiktionary.org/wiki/engraft,"CC BY-SA 4.0",2026-08-05,2026-08-14
engrafted,"engraftの過去形・過去分詞。","Japanese Wiktionary",https://ja.wiktionary.org/wiki/engrafted,"CC BY-SA 4.0",2026-08-05,2026-08-14
enjoyable,"楽しめる。楽しい。愉快な。","Japanese Wiktionary",https://ja.wiktionary.org/wiki/enjoyable,"CC BY-SA 4.0",2026-08-05,2026-08-14
enka,"演歌。","Japanese Wiktionary",https://ja.wiktionary.org/wiki/enka,"CC BY-SA 4.0",2026-08-05,2026-08-14
enorm,"巨大な、莫大な。","Japanese Wiktionary",https://ja.wiktionary.org/wiki/enorm,"CC BY-SA 4.0",2026-08-05,2026-08-14
enormous,"巨大な。 / 莫大な。","Japanese Wiktionary",https://ja.wiktionary.org/wiki/enormous,"CC BY-SA 4.0",2026-08-05,2026-08-14
enormously,"非常に。とびきり。とてつもなく。桁外れに。桁違いに。","Japanese Wiktionary",https://ja.wiktionary.org/wiki/enormously,"CC BY-SA 4.0",2026-08-05,2026-08-14
enrolls,"""enroll"" の三人称単数現在形。","Japanese Wiktionary",https://ja.wiktionary.org/wiki/enrolls,"CC BY-SA 4.0",2026-08-05,2026-08-14
entend,"intendの廃用。 / 専心する。没頭する。","Japanese Wiktionary",https://ja.wiktionary.org/wiki/entend,"CC BY-SA 4.0",2026-08-05,2026-08-14
enterprising,"進取の気性に富んだ。冒険的な。 / enterpriseの現在分詞。","Japanese Wiktionary",https://ja.wiktionary.org/wiki/enterprising,"CC BY-SA 4.0",2026-08-05,2026-08-14
enterprize,"enterpriseの廃用。","Japanese Wiktionary",https://ja.wiktionary.org/wiki/enterprize,"CC BY-SA 4.0",2026-08-05,2026-08-14
enterprizes,"enterprizeの複数形。","Japanese Wiktionary",https://ja.wiktionary.org/wiki/enterprizes,"CC BY-SA 4.0",2026-08-05,2026-08-14
enthusiastic,"熱狂的な。 / 熱心な。","Japanese Wiktionary",https://ja.wiktionary.org/wiki/enthusiastic,"CC BY-SA 4.0",2026-08-05,2026-08-14
enthusiastically,"熱狂的に。 / 熱心に。","Japanese Wiktionary",https://ja.wiktionary.org/wiki/enthusiastically,"CC BY-SA 4.0",2026-08-05,2026-08-14
entirely,"全く、完全に。","Japanese Wiktionary",https://ja.wiktionary.org/wiki/entirely,"CC BY-SA 4.0",2026-08-05,2026-08-14
entomological,"昆虫学の","Japanese Wiktionary",https://ja.wiktionary.org/wiki/entomological,"CC BY-SA 4.0",2026-08-05,2026-08-14
entrepreneurial,"起業家の。","Japanese Wiktionary",https://ja.wiktionary.org/wiki/entrepreneurial,"CC BY-SA 4.0",2026-08-05,2026-08-14
entreprise,"enterpriseの廃用。","Japanese Wiktionary",https://ja.wiktionary.org/wiki/entreprise,"CC BY-SA 4.0",2026-08-05,2026-08-14
entropia,"entropionの複数形。 / entropiumの複数形。","Japanese Wiktionary",https://ja.wiktionary.org/wiki/entropia,"CC BY-SA 4.0",2026-08-05,2026-08-14
entropion,"内反。","Japanese Wiktionary",https://ja.wiktionary.org/wiki/entropion,"CC BY-SA 4.0",2026-08-05,2026-08-14
enviable,"羨ましい、妬ましい。","Japanese Wiktionary",https://ja.wiktionary.org/wiki/enviable,"CC BY-SA 4.0",2026-08-05,2026-08-14
envie,"張り合う、競う。 / 欲求、食欲。","Japanese Wiktionary",https://ja.wiktionary.org/wiki/envie,"CC BY-SA 4.0",2026-08-05,2026-08-14
envious,"ねたましがる、嫉妬深い。 / 疑い深い、注意深い。 / 有害な。 / 人もうらやむ。","Japanese Wiktionary",https://ja.wiktionary.org/wiki/envious,"CC BY-SA 4.0",2026-08-05,2026-08-14
enviously,"羨ましそうに。","Japanese Wiktionary",https://ja.wiktionary.org/wiki/enviously,"CC BY-SA 4.0",2026-08-05,2026-08-14
environmental,"環境の、環境保護の / 周囲の","Japanese Wiktionary",https://ja.wiktionary.org/wiki/environmental,"CC BY-SA 4.0",2026-08-05,2026-08-14
environmentally,"環境に関連して。","Japanese Wiktionary",https://ja.wiktionary.org/wiki/environmentally,"CC BY-SA 4.0",2026-08-05,2026-08-14
epidermis,"表皮。","Japanese Wiktionary",https://ja.wiktionary.org/wiki/epidermis,"CC BY-SA 4.0",2026-08-05,2026-08-14
epigenetics,"エピジェネティクス。後生学、後成学。","Japanese Wiktionary",https://ja.wiktionary.org/wiki/epigenetics,"CC BY-SA 4.0",2026-08-05,2026-08-14
eponymous,"名祖の。エポニムの。 / （劇や小説の主人公が）作品名と同名の。","Japanese Wiktionary",https://ja.wiktionary.org/wiki/eponymous,"CC BY-SA 4.0",2026-08-05,2026-08-14
equaled,"""equal"" の過去形・過去分詞形。 / 匹敵した。","Japanese Wiktionary",https://ja.wiktionary.org/wiki/equaled,"CC BY-SA 4.0",2026-08-05,2026-08-14
equaling,"""equal"" の動名詞形又は現在分詞形。","Japanese Wiktionary",https://ja.wiktionary.org/wiki/equaling,"CC BY-SA 4.0",2026-08-05,2026-08-14
equally,"等しく、均等に。 / 同等の。 / 同様に。","Japanese Wiktionary",https://ja.wiktionary.org/wiki/equally,"CC BY-SA 4.0",2026-08-05,2026-08-14
equidistant,"等距離の","Japanese Wiktionary",https://ja.wiktionary.org/wiki/equidistant,"CC BY-SA 4.0",2026-08-05,2026-08-14
equipt,"equipの過去分詞。","Japanese Wiktionary",https://ja.wiktionary.org/wiki/equipt,"CC BY-SA 4.0",2026-08-05,2026-08-14
equitable,"公平な。公正な。 / 衡平法上の。","Japanese Wiktionary",https://ja.wiktionary.org/wiki/equitable,"CC BY-SA 4.0",2026-08-05,2026-08-14
equivocal,"あいまい表現。 / 複数の意味に取れる、あいまいな。 / 立場がはっきりしない、胡散臭い。 / 疑わしい。","Japanese Wiktionary",https://ja.wiktionary.org/wiki/equivocal,"CC BY-SA 4.0",2026-08-05,2026-08-14
erectile,"直立できる。 / 勃起性の。","Japanese Wiktionary",https://ja.wiktionary.org/wiki/erectile,"CC BY-SA 4.0",2026-08-05,2026-08-14
ergative,"能格の。 / ergative caseの略。 / 能格動詞。","Japanese Wiktionary",https://ja.wiktionary.org/wiki/ergative,"CC BY-SA 4.0",2026-08-05,2026-08-14
ergonomic,"人間工学の。","Japanese Wiktionary",https://ja.wiktionary.org/wiki/ergonomic,"CC BY-SA 4.0",2026-08-05,2026-08-14
erned,"ernの過去形・過去分詞。","Japanese Wiktionary",https://ja.wiktionary.org/wiki/erned,"CC BY-SA 4.0",2026-08-05,2026-08-14
erning,"ernの現在分詞。","Japanese Wiktionary",https://ja.wiktionary.org/wiki/erning,"CC BY-SA 4.0",2026-08-05,2026-08-14
erotically,"エロチックに、官能的に。","Japanese Wiktionary",https://ja.wiktionary.org/wiki/erotically,"CC BY-SA 4.0",2026-08-05,2026-08-14
erroneous,"誤った、間違った。","Japanese Wiktionary",https://ja.wiktionary.org/wiki/erroneous,"CC BY-SA 4.0",2026-08-05,2026-08-14
erudite,"博学な。学識のある。 / 博学な人。","Japanese Wiktionary",https://ja.wiktionary.org/wiki/erudite,"CC BY-SA 4.0",2026-08-05,2026-08-14
especial,"特別な / 著しい","Japanese Wiktionary",https://ja.wiktionary.org/wiki/especial,"CC BY-SA 4.0",2026-08-05,2026-08-14
especially,"とりわけ。特に。殊に。その中でも。 / 特別に。","Japanese Wiktionary",https://ja.wiktionary.org/wiki/especially,"CC BY-SA 4.0",2026-08-05,2026-08-14
esperanza,"キンレイジュ。","Japanese Wiktionary",https://ja.wiktionary.org/wiki/esperanza,"CC BY-SA 4.0",2026-08-05,2026-08-14
essentially,"本質的に、基本的に、そもそも。","Japanese Wiktionary",https://ja.wiktionary.org/wiki/essentially,"CC BY-SA 4.0",2026-08-05,2026-08-14
estimable,"立派な。 / 貴重な。 / 推定可能な。","Japanese Wiktionary",https://ja.wiktionary.org/wiki/estimable,"CC BY-SA 4.0",2026-08-05,2026-08-14
eternal,"永久の、永遠の、果てしない。 / 永遠なるもの。","Japanese Wiktionary",https://ja.wiktionary.org/wiki/eternal,"CC BY-SA 4.0",2026-08-05,2026-08-14
eternally,"永遠に、永久に。 / しきりに、ひっきりなしに。","Japanese Wiktionary",https://ja.wiktionary.org/wiki/eternally,"CC BY-SA 4.0",2026-08-05,2026-08-14
eternals,"eternalの複数形。","Japanese Wiktionary",https://ja.wiktionary.org/wiki/eternals,"CC BY-SA 4.0",2026-08-05,2026-08-14
ethe,"ethosの複数形。 / 易しい、簡単な。","Japanese Wiktionary",https://ja.wiktionary.org/wiki/ethe,"CC BY-SA 4.0",2026-08-05,2026-08-14
ethereal,"空気のような。 / 優美な、霊妙な。 / エーテルを含む。 / ethereal waveの省略。","Japanese Wiktionary",https://ja.wiktionary.org/wiki/ethereal,"CC BY-SA 4.0",2026-08-05,2026-08-14
ethical,"倫理の、道徳の / 道徳的な","Japanese Wiktionary",https://ja.wiktionary.org/wiki/ethical,"CC BY-SA 4.0",2026-08-05,2026-08-14
ethnical,"民族の。 / 民族学の。","Japanese Wiktionary",https://ja.wiktionary.org/wiki/ethnical,"CC BY-SA 4.0",2026-08-05,2026-08-14
etymological,"語源的な。","Japanese Wiktionary",https://ja.wiktionary.org/wiki/etymological,"CC BY-SA 4.0",2026-08-05,2026-08-14
etymologically,"語源的に。","Japanese Wiktionary",https://ja.wiktionary.org/wiki/etymologically,"CC BY-SA 4.0",2026-08-05,2026-08-14
euchromatic,"ユークロマチンの、ユークロマチンに関する。","Japanese Wiktionary",https://ja.wiktionary.org/wiki/euchromatic,"CC BY-SA 4.0",2026-08-05,2026-08-14
euchromatin,"ユークロマチン、真正染色質。","Japanese Wiktionary",https://ja.wiktionary.org/wiki/euchromatin,"CC BY-SA 4.0",2026-08-05,2026-08-14
euphemistic,"婉曲的な、遠回しの。","Japanese Wiktionary",https://ja.wiktionary.org/wiki/euphemistic,"CC BY-SA 4.0",2026-08-05,2026-08-14
euphemistically,"婉曲に、遠回しに。","Japanese Wiktionary",https://ja.wiktionary.org/wiki/euphemistically,"CC BY-SA 4.0",2026-08-05,2026-08-14
euphonic,"音調の良い、口調の良い。 / 音便の。","Japanese Wiktionary",https://ja.wiktionary.org/wiki/euphonic,"CC BY-SA 4.0",2026-08-05,2026-08-14
euphonious,"音調の良い、耳に快い。","Japanese Wiktionary",https://ja.wiktionary.org/wiki/euphonious,"CC BY-SA 4.0",2026-08-05,2026-08-14
euthanize,"安楽死させる。","Japanese Wiktionary",https://ja.wiktionary.org/wiki/euthanize,"CC BY-SA 4.0",2026-08-05,2026-08-14
euthanized,"euthanizeの過去形・過去分詞","Japanese Wiktionary",https://ja.wiktionary.org/wiki/euthanized,"CC BY-SA 4.0",2026-08-05,2026-08-14
euthanizing,"euthanizeの現在分詞。","Japanese Wiktionary",https://ja.wiktionary.org/wiki/euthanizing,"CC BY-SA 4.0",2026-08-05,2026-08-14
evasive,"言葉を濁す。 / 回避する。逃れようとする。","Japanese Wiktionary",https://ja.wiktionary.org/wiki/evasive,"CC BY-SA 4.0",2026-08-05,2026-08-14
evasively,"言葉を濁して。 / 回避して。","Japanese Wiktionary",https://ja.wiktionary.org/wiki/evasively,"CC BY-SA 4.0",2026-08-05,2026-08-14
eventful,"事件の多い / 重大な","Japanese Wiktionary",https://ja.wiktionary.org/wiki/eventful,"CC BY-SA 4.0",2026-08-05,2026-08-14
eventual,"最終的な / 究極の","Japanese Wiktionary",https://ja.wiktionary.org/wiki/eventual,"CC BY-SA 4.0",2026-08-05,2026-08-14
eventually,"結局は、最後には、ようやく / いつかは","Japanese Wiktionary",https://ja.wiktionary.org/wiki/eventually,"CC BY-SA 4.0",2026-08-05,2026-08-14
ever,"（否定文や否定的表現と共に用いて）決して。絶対に。どんなことがあっても。 / （肯定文で用いて）ずっと。いつも。常に。 / （現在完了形や過去形の疑問文で用いて経験を表す）これまでに。一度でも。 / （現在形や未来形の疑問文で用いて強調を表す）少しは。一回ぐらい。 / （条件節で用いて）いつか。いつしか。 / （比較級・最上級の後で用いて）今までに。これまでに。今までの中でもっとも～である。今までに比べてより～である。 / （疑問詞の後で用いて）一体。まったく。","Japanese Wiktionary",https://ja.wiktionary.org/wiki/ever,"CC BY-SA 4.0",2026-08-05,2026-08-14
everlastingly,"限りなく、永久に、永遠に。","Japanese Wiktionary",https://ja.wiktionary.org/wiki/everlastingly,"CC BY-SA 4.0",2026-08-05,2026-08-14
evermore,"永遠に、永久不変に","Japanese Wiktionary",https://ja.wiktionary.org/wiki/evermore,"CC BY-SA 4.0",2026-08-05,2026-08-14
every,"全ての。 / あらゆる。 / ～毎に。","Japanese Wiktionary",https://ja.wiktionary.org/wiki/every,"CC BY-SA 4.0",2026-08-05,2026-08-14
everybody,"皆 / 誰でも","Japanese Wiktionary",https://ja.wiktionary.org/wiki/everybody,"CC BY-SA 4.0",2026-08-05,2026-08-14
everyday,"毎日の。日常の。日常的な。 / 平凡な、有り触れた。","Japanese Wiktionary",https://ja.wiktionary.org/wiki/everyday,"CC BY-SA 4.0",2026-08-05,2026-08-14
everyone,"皆 / 誰でも","Japanese Wiktionary",https://ja.wiktionary.org/wiki/everyone,"CC BY-SA 4.0",2026-08-05,2026-08-14
everything,"あらゆる事 / 最も大切なもの","Japanese Wiktionary",https://ja.wiktionary.org/wiki/everything,"CC BY-SA 4.0",2026-08-05,2026-08-14
everywhere,"至る所で。どこでも。","Japanese Wiktionary",https://ja.wiktionary.org/wiki/everywhere,"CC BY-SA 4.0",2026-08-05,2026-08-14
evident,"明らかな、明白な、確固たる。","Japanese Wiktionary",https://ja.wiktionary.org/wiki/evident,"CC BY-SA 4.0",2026-08-05,2026-08-14
evidential,"証拠の / 証拠となる","Japanese Wiktionary",https://ja.wiktionary.org/wiki/evidential,"CC BY-SA 4.0",2026-08-05,2026-08-14
evidently,"明らかに、明白に / どうやら～らしい","Japanese Wiktionary",https://ja.wiktionary.org/wiki/evidently,"CC BY-SA 4.0",2026-08-05,2026-08-14
evolutionary,"進化の / 進化論の","Japanese Wiktionary",https://ja.wiktionary.org/wiki/evolutionary,"CC BY-SA 4.0",2026-08-05,2026-08-14
evolutive,"進化の、発展の。","Japanese Wiktionary",https://ja.wiktionary.org/wiki/evolutive,"CC BY-SA 4.0",2026-08-05,2026-08-14
exactly,"正確に。厳密に。 / 全く。正に。","Japanese Wiktionary",https://ja.wiktionary.org/wiki/exactly,"CC BY-SA 4.0",2026-08-05,2026-08-14
examinable,"試験可能な。検査可能な。調査可能な。","Japanese Wiktionary",https://ja.wiktionary.org/wiki/examinable,"CC BY-SA 4.0",2026-08-05,2026-08-14
exceedingly,"かなり、非常に、並外れて。","Japanese Wiktionary",https://ja.wiktionary.org/wiki/exceedingly,"CC BY-SA 4.0",2026-08-05,2026-08-14
excellent,"（程度の軽重を問わず）優秀な、優良な、優れた / 極めて優れた、すばらしい / （成績評価）優の","Japanese Wiktionary",https://ja.wiktionary.org/wiki/excellent,"CC BY-SA 4.0",2026-08-05,2026-08-14
excellently,"すばらしく","Japanese Wiktionary",https://ja.wiktionary.org/wiki/excellently,"CC BY-SA 4.0",2026-08-05,2026-08-14
exceptionally,"例外的に、特別に、特殊に、並外れて。","Japanese Wiktionary",https://ja.wiktionary.org/wiki/exceptionally,"CC BY-SA 4.0",2026-08-05,2026-08-14
excessive,"過度の。 / 極端な。 / 法外な。","Japanese Wiktionary",https://ja.wiktionary.org/wiki/excessive,"CC BY-SA 4.0",2026-08-05,2026-08-14
excessively,"過度に。 / 法外に。","Japanese Wiktionary",https://ja.wiktionary.org/wiki/excessively,"CC BY-SA 4.0",2026-08-05,2026-08-14
exciter,"刺激する人、刺激物。 / 刺激剤、興奮剤","Japanese Wiktionary",https://ja.wiktionary.org/wiki/exciter,"CC BY-SA 4.0",2026-08-05,2026-08-14
exciters,"""exciter"" の複数形","Japanese Wiktionary",https://ja.wiktionary.org/wiki/exciters,"CC BY-SA 4.0",2026-08-05,2026-08-14
excitingly,"刺激的に、感動的に。","Japanese Wiktionary",https://ja.wiktionary.org/wiki/excitingly,"CC BY-SA 4.0",2026-08-05,2026-08-14
exclamatory,"感嘆を表される、讃嘆に値する / 強調された、絶賛された","Japanese Wiktionary",https://ja.wiktionary.org/wiki/exclamatory,"CC BY-SA 4.0",2026-08-05,2026-08-14
exclusively,"もっぱら。","Japanese Wiktionary",https://ja.wiktionary.org/wiki/exclusively,"CC BY-SA 4.0",2026-08-05,2026-08-14
exclusivity,"排他性、独占権。","Japanese Wiktionary",https://ja.wiktionary.org/wiki/exclusivity,"CC BY-SA 4.0",2026-08-05,2026-08-14
excretory,"排出の。排泄の。 / 排出管。","Japanese Wiktionary",https://ja.wiktionary.org/wiki/excretory,"CC BY-SA 4.0",2026-08-05,2026-08-14
excruciatingly,"耐え難いほどに。","Japanese Wiktionary",https://ja.wiktionary.org/wiki/excruciatingly,"CC BY-SA 4.0",2026-08-05,2026-08-14
exempla,"exemplumの複数形。","Japanese Wiktionary",https://ja.wiktionary.org/wiki/exempla,"CC BY-SA 4.0",2026-08-05,2026-08-14
exemple,"exampleの廃用。","Japanese Wiktionary",https://ja.wiktionary.org/wiki/exemple,"CC BY-SA 4.0",2026-08-05,2026-08-14
exemples,"exempleの複数形。","Japanese Wiktionary",https://ja.wiktionary.org/wiki/exemples,"CC BY-SA 4.0",2026-08-05,2026-08-14
exigent,"緊急の。切迫した。 / 要求の過酷な。","Japanese Wiktionary",https://ja.wiktionary.org/wiki/exigent,"CC BY-SA 4.0",2026-08-05,2026-08-14
existential,"存在の。実在の。 / 経験に基づいた。 / 実存の。実存主義の。","Japanese Wiktionary",https://ja.wiktionary.org/wiki/existential,"CC BY-SA 4.0",2026-08-05,2026-08-14
exoplanet,"太陽系外惑星。","Japanese Wiktionary",https://ja.wiktionary.org/wiki/exoplanet,"CC BY-SA 4.0",2026-08-05,2026-08-14
exoplanets,"exoplanetの複数形。","Japanese Wiktionary",https://ja.wiktionary.org/wiki/exoplanets,"CC BY-SA 4.0",2026-08-05,2026-08-14
expansive,"広大な。 / 社交的な、開放的な。 / 拡張の。","Japanese Wiktionary",https://ja.wiktionary.org/wiki/expansive,"CC BY-SA 4.0",2026-08-05,2026-08-14
expectant,"期待に満ちた / 待ちかまえている / 妊娠中の","Japanese Wiktionary",https://ja.wiktionary.org/wiki/expectant,"CC BY-SA 4.0",2026-08-05,2026-08-14
expectantly,"期待して / 待ちかまえて","Japanese Wiktionary",https://ja.wiktionary.org/wiki/expectantly,"CC BY-SA 4.0",2026-08-05,2026-08-14
expectedly,"期待して、予想どおりに。","Japanese Wiktionary",https://ja.wiktionary.org/wiki/expectedly,"CC BY-SA 4.0",2026-08-05,2026-08-14
expeditionary,"遠征の。","Japanese Wiktionary",https://ja.wiktionary.org/wiki/expeditionary,"CC BY-SA 4.0",2026-08-05,2026-08-14
expeditious,"迅速な。","Japanese Wiktionary",https://ja.wiktionary.org/wiki/expeditious,"CC BY-SA 4.0",2026-08-05,2026-08-14
expeditiously,"迅速に。","Japanese Wiktionary",https://ja.wiktionary.org/wiki/expeditiously,"CC BY-SA 4.0",2026-08-05,2026-08-14
expensive,"（値段が）高い、高価な","Japanese Wiktionary",https://ja.wiktionary.org/wiki/expensive,"CC BY-SA 4.0",2026-08-05,2026-08-14
expensively,"高価に。","Japanese Wiktionary",https://ja.wiktionary.org/wiki/expensively,"CC BY-SA 4.0",2026-08-05,2026-08-14
experimental,"実験的な / 試験的な / 実験に基づく","Japanese Wiktionary",https://ja.wiktionary.org/wiki/experimental,"CC BY-SA 4.0",2026-08-05,2026-08-14
experimentally,"実験的に / 試験的に / 実験に基づいて","Japanese Wiktionary",https://ja.wiktionary.org/wiki/experimentally,"CC BY-SA 4.0",2026-08-05,2026-08-14
expertly,"上手に。巧みに。専門的に。","Japanese Wiktionary",https://ja.wiktionary.org/wiki/expertly,"CC BY-SA 4.0",2026-08-05,2026-08-14
explanatory,"説明のための。 / 説明する気になる。","Japanese Wiktionary",https://ja.wiktionary.org/wiki/explanatory,"CC BY-SA 4.0",2026-08-05,2026-08-14
explicable,"（現象が）割り切れる。説明がつく。","Japanese Wiktionary",https://ja.wiktionary.org/wiki/explicable,"CC BY-SA 4.0",2026-08-05,2026-08-14
explicative,"説明のための","Japanese Wiktionary",https://ja.wiktionary.org/wiki/explicative,"CC BY-SA 4.0",2026-08-05,2026-08-14
explicit,"明確な、明快な、はっきりした / 率直な、露骨な、あからさまな","Japanese Wiktionary",https://ja.wiktionary.org/wiki/explicit,"CC BY-SA 4.0",2026-08-05,2026-08-14
explicitly,"明確に、率直に。","Japanese Wiktionary",https://ja.wiktionary.org/wiki/explicitly,"CC BY-SA 4.0",2026-08-05,2026-08-14
exploitability,"搾取可能性。","Japanese Wiktionary",https://ja.wiktionary.org/wiki/exploitability,"CC BY-SA 4.0",2026-08-05,2026-08-14
exploitable,"利用できる、活用できる。 / 開発できる。 / 搾取できる。 / 利用しうる人・物。","Japanese Wiktionary",https://ja.wiktionary.org/wiki/exploitable,"CC BY-SA 4.0",2026-08-05,2026-08-14
exploitative,"搾取的な。 / 資源開発の。","Japanese Wiktionary",https://ja.wiktionary.org/wiki/exploitative,"CC BY-SA 4.0",2026-08-05,2026-08-14
explosively,"爆発的に、急激に","Japanese Wiktionary",https://ja.wiktionary.org/wiki/explosively,"CC BY-SA 4.0",2026-08-05,2026-08-14
exponentially,"急激に","Japanese Wiktionary",https://ja.wiktionary.org/wiki/exponentially,"CC BY-SA 4.0",2026-08-05,2026-08-14
exportable,"輸出できる。輸出向きの。 / 輸出できる物。","Japanese Wiktionary",https://ja.wiktionary.org/wiki/exportable,"CC BY-SA 4.0",2026-08-05,2026-08-14
expresse,"expressの旧綴り。","Japanese Wiktionary",https://ja.wiktionary.org/wiki/expresse,"CC BY-SA 4.0",2026-08-05,2026-08-14
expressionless,"無表情な。","Japanese Wiktionary",https://ja.wiktionary.org/wiki/expressionless,"CC BY-SA 4.0",2026-08-05,2026-08-14
expressive,"表す、表現する。 / 表現豊かな、意味ありげな。 / 表情豊かな。 / 表出型。","Japanese Wiktionary",https://ja.wiktionary.org/wiki/expressive,"CC BY-SA 4.0",2026-08-05,2026-08-14
expressively,"表現豊かに、意味ありげに。","Japanese Wiktionary",https://ja.wiktionary.org/wiki/expressively,"CC BY-SA 4.0",2026-08-05,2026-08-14
expressly,"明確に、はっきりと / わざわざ","Japanese Wiktionary",https://ja.wiktionary.org/wiki/expressly,"CC BY-SA 4.0",2026-08-05,2026-08-14
expresso,"espressoの異綴。","Japanese Wiktionary",https://ja.wiktionary.org/wiki/expresso,"CC BY-SA 4.0",2026-08-05,2026-08-14
expungement,"（犯罪記録の）抹消。","Japanese Wiktionary",https://ja.wiktionary.org/wiki/expungement,"CC BY-SA 4.0",2026-08-05,2026-08-14
extant,"現存している。残存する。","Japanese Wiktionary",https://ja.wiktionary.org/wiki/extant,"CC BY-SA 4.0",2026-08-05,2026-08-14
extasy,"ecstasyの旧綴り","Japanese Wiktionary",https://ja.wiktionary.org/wiki/extasy,"CC BY-SA 4.0",2026-08-05,2026-08-14
extemporaneous,"（スピーチなどが）即席の、打っ付け本番の","Japanese Wiktionary",https://ja.wiktionary.org/wiki/extemporaneous,"CC BY-SA 4.0",2026-08-05,2026-08-14
extempore,"即席の、即興の / 即席で、即興で / 即席のもの","Japanese Wiktionary",https://ja.wiktionary.org/wiki/extempore,"CC BY-SA 4.0",2026-08-05,2026-08-14
extensible,"伸ばせる。延長できる。 / 広げることができる。拡大できる。","Japanese Wiktionary",https://ja.wiktionary.org/wiki/extensible,"CC BY-SA 4.0",2026-08-05,2026-08-14
extensive,"広い、広大な / （知識など）詳しい","Japanese Wiktionary",https://ja.wiktionary.org/wiki/extensive,"CC BY-SA 4.0",2026-08-05,2026-08-14
extensively,"広く、広範に、大規模に。","Japanese Wiktionary",https://ja.wiktionary.org/wiki/extensively,"CC BY-SA 4.0",2026-08-05,2026-08-14
externally,"外部から。対外的に。外面的に","Japanese Wiktionary",https://ja.wiktionary.org/wiki/externally,"CC BY-SA 4.0",2026-08-05,2026-08-14
externe,"通学生。通勤医師。","Japanese Wiktionary",https://ja.wiktionary.org/wiki/externe,"CC BY-SA 4.0",2026-08-05,2026-08-14
externes,"externeの複数形。","Japanese Wiktionary",https://ja.wiktionary.org/wiki/externes,"CC BY-SA 4.0",2026-08-05,2026-08-14
extinct,"絶滅した、死に絶えた / 廃止された、消滅した、失効した / 活力を失った、希望が消えた、死火山の","Japanese Wiktionary",https://ja.wiktionary.org/wiki/extinct,"CC BY-SA 4.0",2026-08-05,2026-08-14
extortionate,"（値段や要求が）法外な。途方もない。 / 強要的な。","Japanese Wiktionary",https://ja.wiktionary.org/wiki/extortionate,"CC BY-SA 4.0",2026-08-05,2026-08-14
extrabudgetary,"予算外の。","Japanese Wiktionary",https://ja.wiktionary.org/wiki/extrabudgetary,"CC BY-SA 4.0",2026-08-05,2026-08-14
extragalactic,"銀河系外の。 / 銀河外の。","Japanese Wiktionary",https://ja.wiktionary.org/wiki/extragalactic,"CC BY-SA 4.0",2026-08-05,2026-08-14
extraordinarily,"途方もなく / 非常に / 異常に","Japanese Wiktionary",https://ja.wiktionary.org/wiki/extraordinarily,"CC BY-SA 4.0",2026-08-05,2026-08-14
extrasolar,"太陽系外の。 / 地球以外の太陽系の。","Japanese Wiktionary",https://ja.wiktionary.org/wiki/extrasolar,"CC BY-SA 4.0",2026-08-05,2026-08-14
extravagant,"浪費する、金遣いの荒い / 過度の、常軌を逸した","Japanese Wiktionary",https://ja.wiktionary.org/wiki/extravagant,"CC BY-SA 4.0",2026-08-05,2026-08-14
extravagantly,"浪費して、贅沢に / 途方もなく","Japanese Wiktionary",https://ja.wiktionary.org/wiki/extravagantly,"CC BY-SA 4.0",2026-08-05,2026-08-14
extremely,"極めて。 / 極端に。","Japanese Wiktionary",https://ja.wiktionary.org/wiki/extremely,"CC BY-SA 4.0",2026-08-05,2026-08-14
exultant,"歓喜した、有頂天の。","Japanese Wiktionary",https://ja.wiktionary.org/wiki/exultant,"CC BY-SA 4.0",2026-08-05,2026-08-14
eyeless,"目のない","Japanese Wiktionary",https://ja.wiktionary.org/wiki/eyeless,"CC BY-SA 4.0",2026-08-05,2026-08-14
eyewear,"眼鏡","Japanese Wiktionary",https://ja.wiktionary.org/wiki/eyewear,"CC BY-SA 4.0",2026-08-05,2026-08-14
fabricant,"製作者。製造業者。","Japanese Wiktionary",https://ja.wiktionary.org/wiki/fabricant,"CC BY-SA 4.0",2026-08-05,2026-08-14
fabricants,"fabricantの複数形。","Japanese Wiktionary",https://ja.wiktionary.org/wiki/fabricants,"CC BY-SA 4.0",2026-08-05,2026-08-14
fabulous,"寓話の、寓話に関する。 / 驚異的な、信じられない。 / 虚構の。 / 嘘だとわかる、信用できない。 / すばらしい。 / ゲイの、ゲイに関する。 / なよなよした。 / おしゃれな。","Japanese Wiktionary",https://ja.wiktionary.org/wiki/fabulous,"CC BY-SA 4.0",2026-08-05,2026-08-14
facebook,"顔写真付きの書籍名簿および電子名簿。 / 学生がお互いを知ることができるように新学期に大学などから配布される出版物。 / ソーシャル・ネットワーキング・サービス「フェイスブック」を利用する。 / 「フェイスブック」を通じて、メッセージを送信したり、コメントを残したりする。","Japanese Wiktionary",https://ja.wiktionary.org/wiki/facebook,"CC BY-SA 4.0",2026-08-05,2026-08-14
faceless,"無名の / 個性のない","Japanese Wiktionary",https://ja.wiktionary.org/wiki/faceless,"CC BY-SA 4.0",2026-08-05,2026-08-14
facetious,"滑稽な、おどけた。(特に、軽薄もしくは場違いなユーモアである様子を示す)","Japanese Wiktionary",https://ja.wiktionary.org/wiki/facetious,"CC BY-SA 4.0",2026-08-05,2026-08-14
facetiously,"滑稽に","Japanese Wiktionary",https://ja.wiktionary.org/wiki/facetiously,"CC BY-SA 4.0",2026-08-05,2026-08-14
facile,"容易な、たやすく得られる。 / 達者な、軽快な。","Japanese Wiktionary",https://ja.wiktionary.org/wiki/facile,"CC BY-SA 4.0",2026-08-05,2026-08-14
factual,"事実の。事実に基づく。","Japanese Wiktionary",https://ja.wiktionary.org/wiki/factual,"CC BY-SA 4.0",2026-08-05,2026-08-14
factually,"事実上。事実に基づいて。","Japanese Wiktionary",https://ja.wiktionary.org/wiki/factually,"CC BY-SA 4.0",2026-08-05,2026-08-14
fadeaway,"消失。 / フェイドアウェイ。","Japanese Wiktionary",https://ja.wiktionary.org/wiki/fadeaway,"CC BY-SA 4.0",2026-08-05,2026-08-14
faintly,"微かに。弱弱しく。","Japanese Wiktionary",https://ja.wiktionary.org/wiki/faintly,"CC BY-SA 4.0",2026-08-05,2026-08-14
faired,"""fair"" の過去形・過去分詞形。","Japanese Wiktionary",https://ja.wiktionary.org/wiki/faired,"CC BY-SA 4.0",2026-08-05,2026-08-14
fairly,"公正に。 / 都合がよい、適するように。 / 正直に、正当に。 / やさしく。 / 大体、幾分。かなり、相当に。まずまず、まあまあ。","Japanese Wiktionary",https://ja.wiktionary.org/wiki/fairly,"CC BY-SA 4.0",2026-08-05,2026-08-14
faithfully,"忠実に、正確に、そのまま、貞淑に、誠実に。 / 敬具。","Japanese Wiktionary",https://ja.wiktionary.org/wiki/faithfully,"CC BY-SA 4.0",2026-08-05,2026-08-14
fallacious,"誤った。虚偽の。","Japanese Wiktionary",https://ja.wiktionary.org/wiki/fallacious,"CC BY-SA 4.0",2026-08-05,2026-08-14
fallible,"誤りを犯しやすい。当てにならない。","Japanese Wiktionary",https://ja.wiktionary.org/wiki/fallible,"CC BY-SA 4.0",2026-08-05,2026-08-14
falsely,"誤って。 / 偽って。 / 不正に。","Japanese Wiktionary",https://ja.wiktionary.org/wiki/falsely,"CC BY-SA 4.0",2026-08-05,2026-08-14
falsifiability,"反証可能性。","Japanese Wiktionary",https://ja.wiktionary.org/wiki/falsifiability,"CC BY-SA 4.0",2026-08-05,2026-08-14
falsifiable,"反証可能な。","Japanese Wiktionary",https://ja.wiktionary.org/wiki/falsifiable,"CC BY-SA 4.0",2026-08-05,2026-08-14
famed,"有名な / 名高い","Japanese Wiktionary",https://ja.wiktionary.org/wiki/famed,"CC BY-SA 4.0",2026-08-05,2026-08-14
familial,"家族の、親族の。","Japanese Wiktionary",https://ja.wiktionary.org/wiki/familial,"CC BY-SA 4.0",2026-08-05,2026-08-14
familiarly,"親しく。馴れ馴れしく。 / 通例。俗に。","Japanese Wiktionary",https://ja.wiktionary.org/wiki/familiarly,"CC BY-SA 4.0",2026-08-05,2026-08-14
famous,"良い面で有名な、名高い、著名な","Japanese Wiktionary",https://ja.wiktionary.org/wiki/famous,"CC BY-SA 4.0",2026-08-05,2026-08-14
famously,"名高く / 非常に","Japanese Wiktionary",https://ja.wiktionary.org/wiki/famously,"CC BY-SA 4.0",2026-08-05,2026-08-14
fantastic,"素晴らしい、素敵な。 / (量・額が)非常に大きい。法外な。とんでもない。 / (考えが)現実離れした。ばかげた。(imaginaryより現実離れしていることを強調) / (通例限定)空想的な奇想天外な。 / (通例限定)様変わりな。おかしな。怪奇な。","Japanese Wiktionary",https://ja.wiktionary.org/wiki/fantastic,"CC BY-SA 4.0",2026-08-05,2026-08-14
faraway,"遠く離れた、遠方の。 / （表情などが）夢見るような。","Japanese Wiktionary",https://ja.wiktionary.org/wiki/faraway,"CC BY-SA 4.0",2026-08-05,2026-08-14
farcical,"馬鹿げた。滑稽な。茶番じみた。笑劇の。","Japanese Wiktionary",https://ja.wiktionary.org/wiki/farcical,"CC BY-SA 4.0",2026-08-05,2026-08-14
faren,"（まれ）""fare"" の過去分詞。","Japanese Wiktionary",https://ja.wiktionary.org/wiki/faren,"CC BY-SA 4.0",2026-08-05,2026-08-14
fashionably,"流行を追って","Japanese Wiktionary",https://ja.wiktionary.org/wiki/fashionably,"CC BY-SA 4.0",2026-08-05,2026-08-14
fastidious,"几帳面な、潔癖症の。 / 好みにうるさい。","Japanese Wiktionary",https://ja.wiktionary.org/wiki/fastidious,"CC BY-SA 4.0",2026-08-05,2026-08-14
fastidiously,"几帳面に。","Japanese Wiktionary",https://ja.wiktionary.org/wiki/fastidiously,"CC BY-SA 4.0",2026-08-05,2026-08-14
fatal,"決定的な、運命を決する。 / 死に至る、死亡者を出す、致死的な、潰滅的な。","Japanese Wiktionary",https://ja.wiktionary.org/wiki/fatal,"CC BY-SA 4.0",2026-08-05,2026-08-14
fatalistic,"運命論の、諦観した","Japanese Wiktionary",https://ja.wiktionary.org/wiki/fatalistic,"CC BY-SA 4.0",2026-08-05,2026-08-14
fatally,"致命的に。 / 運命的に、宿命的に。","Japanese Wiktionary",https://ja.wiktionary.org/wiki/fatally,"CC BY-SA 4.0",2026-08-05,2026-08-14
fateful,"運命を決する、重大な / 致命的な / 不吉な","Japanese Wiktionary",https://ja.wiktionary.org/wiki/fateful,"CC BY-SA 4.0",2026-08-05,2026-08-14
fatherless,"父のない。","Japanese Wiktionary",https://ja.wiktionary.org/wiki/fatherless,"CC BY-SA 4.0",2026-08-05,2026-08-14
fatherly,"父親のような、父親らしい。","Japanese Wiktionary",https://ja.wiktionary.org/wiki/fatherly,"CC BY-SA 4.0",2026-08-05,2026-08-14
fatted,"fatの過去形・過去分詞。 / 太らされた。","Japanese Wiktionary",https://ja.wiktionary.org/wiki/fatted,"CC BY-SA 4.0",2026-08-05,2026-08-14
fattie,"fattyの異綴。","Japanese Wiktionary",https://ja.wiktionary.org/wiki/fattie,"CC BY-SA 4.0",2026-08-05,2026-08-14
faultless,"欠点のない。完全な。完璧な。","Japanese Wiktionary",https://ja.wiktionary.org/wiki/faultless,"CC BY-SA 4.0",2026-08-05,2026-08-14
faultlessly,"完璧に。","Japanese Wiktionary",https://ja.wiktionary.org/wiki/faultlessly,"CC BY-SA 4.0",2026-08-05,2026-08-14
faulty,"不完全な、欠点のある、欠陥のある。 / 罪がある。","Japanese Wiktionary",https://ja.wiktionary.org/wiki/faulty,"CC BY-SA 4.0",2026-08-05,2026-08-14
fav,"faveの異綴。","Japanese Wiktionary",https://ja.wiktionary.org/wiki/fav,"CC BY-SA 4.0",2026-08-05,2026-08-14
fava,"空豆。","Japanese Wiktionary",https://ja.wiktionary.org/wiki/fava,"CC BY-SA 4.0",2026-08-05,2026-08-14
faving,"faveの現在分詞。 / favの現在分詞。","Japanese Wiktionary",https://ja.wiktionary.org/wiki/faving,"CC BY-SA 4.0",2026-08-05,2026-08-14
favorable,"好意的な、承諾の。 / 有利な。 / 適した、都合のよい。 / 順調な。幸先のよい。","Japanese Wiktionary",https://ja.wiktionary.org/wiki/favorable,"CC BY-SA 4.0",2026-08-05,2026-08-14
favorably,"好意的に。 / 有利に。都合よく。","Japanese Wiktionary",https://ja.wiktionary.org/wiki/favorably,"CC BY-SA 4.0",2026-08-05,2026-08-14
favourable,"好意的な。承諾の。 / 有利な。 / 適した。都合のよい。 / 順調な。幸先のよい。","Japanese Wiktionary",https://ja.wiktionary.org/wiki/favourable,"CC BY-SA 4.0",2026-08-05,2026-08-14
favourably,"好意的に。 / 有利に。都合よく。","Japanese Wiktionary",https://ja.wiktionary.org/wiki/favourably,"CC BY-SA 4.0",2026-08-05,2026-08-14
favs,"favの複数形。 / favの直説法現在第三人称単数形。","Japanese Wiktionary",https://ja.wiktionary.org/wiki/favs,"CC BY-SA 4.0",2026-08-05,2026-08-14
fearful,"恐ろしい。 / 恐れて。 / 心配して。 / 大変な。 / 劣悪な。","Japanese Wiktionary",https://ja.wiktionary.org/wiki/fearful,"CC BY-SA 4.0",2026-08-05,2026-08-14
fearfully,"恐る恐る。 / 甚だしく。","Japanese Wiktionary",https://ja.wiktionary.org/wiki/fearfully,"CC BY-SA 4.0",2026-08-05,2026-08-14
fearless,"大胆な。 / 勇敢な、恐れ知らずの。","Japanese Wiktionary",https://ja.wiktionary.org/wiki/fearless,"CC BY-SA 4.0",2026-08-05,2026-08-14
fearlessly,"恐れずに。 / 大胆に。","Japanese Wiktionary",https://ja.wiktionary.org/wiki/fearlessly,"CC BY-SA 4.0",2026-08-05,2026-08-14
featureless,"特色のない","Japanese Wiktionary",https://ja.wiktionary.org/wiki/featureless,"CC BY-SA 4.0",2026-08-05,2026-08-14
febrile,"熱のある、発熱の、熱病の。","Japanese Wiktionary",https://ja.wiktionary.org/wiki/febrile,"CC BY-SA 4.0",2026-08-05,2026-08-14
fecund,"肥えた。肥沃な。多産の。 / 想像力豊かな。","Japanese Wiktionary",https://ja.wiktionary.org/wiki/fecund,"CC BY-SA 4.0",2026-08-05,2026-08-14
feelingly,"感情をこめて","Japanese Wiktionary",https://ja.wiktionary.org/wiki/feelingly,"CC BY-SA 4.0",2026-08-05,2026-08-14
felicitous,"（表現などが）適切な、巧みな","Japanese Wiktionary",https://ja.wiktionary.org/wiki/felicitous,"CC BY-SA 4.0",2026-08-05,2026-08-14
fennec,"フェネック","Japanese Wiktionary",https://ja.wiktionary.org/wiki/fennec,"CC BY-SA 4.0",2026-08-05,2026-08-14
ferie,"休暇","Japanese Wiktionary",https://ja.wiktionary.org/wiki/ferie,"CC BY-SA 4.0",2026-08-05,2026-08-14
fermionic,"フェルミ粒子の。","Japanese Wiktionary",https://ja.wiktionary.org/wiki/fermionic,"CC BY-SA 4.0",2026-08-05,2026-08-14
ferocious,"獰猛な。残忍な。凶暴な。 / 猛烈な。","Japanese Wiktionary",https://ja.wiktionary.org/wiki/ferocious,"CC BY-SA 4.0",2026-08-05,2026-08-14
ferociously,"獰猛に。残忍に。凶暴に。 / 猛烈に。","Japanese Wiktionary",https://ja.wiktionary.org/wiki/ferociously,"CC BY-SA 4.0",2026-08-05,2026-08-14
ferric,"鉄の。","Japanese Wiktionary",https://ja.wiktionary.org/wiki/ferric,"CC BY-SA 4.0",2026-08-05,2026-08-14
ferromagnetic,"強磁性の。","Japanese Wiktionary",https://ja.wiktionary.org/wiki/ferromagnetic,"CC BY-SA 4.0",2026-08-05,2026-08-14
fertile,"（土地が）肥えた、肥沃な。 / （議論や態度が）生産的な、有益な。 / 多産な、繁殖力の有る。 / 受精した。 / 創造力に富んだ。","Japanese Wiktionary",https://ja.wiktionary.org/wiki/fertile,"CC BY-SA 4.0",2026-08-05,2026-08-14
fervent,"熱心な、熱烈な。 / 燃える。","Japanese Wiktionary",https://ja.wiktionary.org/wiki/fervent,"CC BY-SA 4.0",2026-08-05,2026-08-14
fervently,"熱心に、熱烈に。","Japanese Wiktionary",https://ja.wiktionary.org/wiki/fervently,"CC BY-SA 4.0",2026-08-05,2026-08-14
fervid,"熱烈な","Japanese Wiktionary",https://ja.wiktionary.org/wiki/fervid,"CC BY-SA 4.0",2026-08-05,2026-08-14
festal,"祝祭の、祭日の","Japanese Wiktionary",https://ja.wiktionary.org/wiki/festal,"CC BY-SA 4.0",2026-08-05,2026-08-14
festive,"楽しい、愉快な。 / 祭りにふさわしい、祝祭の。","Japanese Wiktionary",https://ja.wiktionary.org/wiki/festive,"CC BY-SA 4.0",2026-08-05,2026-08-14
festively,"陽気に","Japanese Wiktionary",https://ja.wiktionary.org/wiki/festively,"CC BY-SA 4.0",2026-08-05,2026-08-14
feta,"フェタチーズ。","Japanese Wiktionary",https://ja.wiktionary.org/wiki/feta,"CC BY-SA 4.0",2026-08-05,2026-08-14
fetal,"胎児の","Japanese Wiktionary",https://ja.wiktionary.org/wiki/fetal,"CC BY-SA 4.0",2026-08-05,2026-08-14
feudal,"封建時代の、封建制度の。","Japanese Wiktionary",https://ja.wiktionary.org/wiki/feudal,"CC BY-SA 4.0",2026-08-05,2026-08-14
feverish,"熱のある / 興奮した","Japanese Wiktionary",https://ja.wiktionary.org/wiki/feverish,"CC BY-SA 4.0",2026-08-05,2026-08-14
feverishly,"熱狂して","Japanese Wiktionary",https://ja.wiktionary.org/wiki/feverishly,"CC BY-SA 4.0",2026-08-05,2026-08-14
fickle,"気紛れな、移り気な。 / （天候などが）変わりやすい。 / 騙す、御世辞を言う。 / 困らせる。","Japanese Wiktionary",https://ja.wiktionary.org/wiki/fickle,"CC BY-SA 4.0",2026-08-05,2026-08-14
fickling,"fickleの現在分詞。","Japanese Wiktionary",https://ja.wiktionary.org/wiki/fickling,"CC BY-SA 4.0",2026-08-05,2026-08-14
fictional,"架空の、フィクションの。","Japanese Wiktionary",https://ja.wiktionary.org/wiki/fictional,"CC BY-SA 4.0",2026-08-05,2026-08-14
fictionary,"架空の。 / たほいや。 / 内容などが怪しい辞書。","Japanese Wiktionary",https://ja.wiktionary.org/wiki/fictionary,"CC BY-SA 4.0",2026-08-05,2026-08-14
fidgety,"そわそわする、落ち着きのない。","Japanese Wiktionary",https://ja.wiktionary.org/wiki/fidgety,"CC BY-SA 4.0",2026-08-05,2026-08-14
fiendish,"悪魔のような、残忍な、冷酷な。 / 困難な。","Japanese Wiktionary",https://ja.wiktionary.org/wiki/fiendish,"CC BY-SA 4.0",2026-08-05,2026-08-14
fiendishly,"悪魔のように、残忍に。 / 極めて。","Japanese Wiktionary",https://ja.wiktionary.org/wiki/fiendishly,"CC BY-SA 4.0",2026-08-05,2026-08-14
fiercely,"荒々しく、野蛮に。 / 猛烈に。 / 威嚇的に。","Japanese Wiktionary",https://ja.wiktionary.org/wiki/fiercely,"CC BY-SA 4.0",2026-08-05,2026-08-14
fifthly,"五番目に。第五に。","Japanese Wiktionary",https://ja.wiktionary.org/wiki/fifthly,"CC BY-SA 4.0",2026-08-05,2026-08-14
filtre,"filterの廃用。","Japanese Wiktionary",https://ja.wiktionary.org/wiki/filtre,"CC BY-SA 4.0",2026-08-05,2026-08-14
filtres,"filtreの複数形。 / filtreの直説法現在第三人称単数形。","Japanese Wiktionary",https://ja.wiktionary.org/wiki/filtres,"CC BY-SA 4.0",2026-08-05,2026-08-14
finally,"結局。ついに。やっと。 / 終いに。最後に。 / 最終的に。完全に。","Japanese Wiktionary",https://ja.wiktionary.org/wiki/finally,"CC BY-SA 4.0",2026-08-05,2026-08-14
financial,"財政の / 金融の / 財界の","Japanese Wiktionary",https://ja.wiktionary.org/wiki/financial,"CC BY-SA 4.0",2026-08-05,2026-08-14
financially,"財政上","Japanese Wiktionary",https://ja.wiktionary.org/wiki/financially,"CC BY-SA 4.0",2026-08-05,2026-08-14
finito,"終わった、完了した。","Japanese Wiktionary",https://ja.wiktionary.org/wiki/finito,"CC BY-SA 4.0",2026-08-05,2026-08-14
firmly,"堅く、断固として。","Japanese Wiktionary",https://ja.wiktionary.org/wiki/firmly,"CC BY-SA 4.0",2026-08-05,2026-08-14
firsthand,"直接聞いた、直の。","Japanese Wiktionary",https://ja.wiktionary.org/wiki/firsthand,"CC BY-SA 4.0",2026-08-05,2026-08-14
firstly,"最初に。初めに。まず第一に。","Japanese Wiktionary",https://ja.wiktionary.org/wiki/firstly,"CC BY-SA 4.0",2026-08-05,2026-08-14
fisk,"走り回る。 / （インターネットなどで論点ごとに）批評する。","Japanese Wiktionary",https://ja.wiktionary.org/wiki/fisk,"CC BY-SA 4.0",2026-08-05,2026-08-14
fissured,"fissureの過去形・過去分詞。 / ひびの入った、亀裂の入った。","Japanese Wiktionary",https://ja.wiktionary.org/wiki/fissured,"CC BY-SA 4.0",2026-08-05,2026-08-14
fisted,"（複合語で）～な拳の。 / fistの過去形・過去分詞。","Japanese Wiktionary",https://ja.wiktionary.org/wiki/fisted,"CC BY-SA 4.0",2026-08-05,2026-08-14
fistings,"fistingの複数形。","Japanese Wiktionary",https://ja.wiktionary.org/wiki/fistings,"CC BY-SA 4.0",2026-08-05,2026-08-14
fitful,"発作的な。断続的な。気紛れな。","Japanese Wiktionary",https://ja.wiktionary.org/wiki/fitful,"CC BY-SA 4.0",2026-08-05,2026-08-14
fitfully,"発作的に。断続的に。","Japanese Wiktionary",https://ja.wiktionary.org/wiki/fitfully,"CC BY-SA 4.0",2026-08-05,2026-08-14
fixedly,"固定して。 / じっと。 / 確固として。","Japanese Wiktionary",https://ja.wiktionary.org/wiki/fixedly,"CC BY-SA 4.0",2026-08-05,2026-08-14
flagrant,"目に余る、破廉恥な。 / 燃え上がる。","Japanese Wiktionary",https://ja.wiktionary.org/wiki/flagrant,"CC BY-SA 4.0",2026-08-05,2026-08-14
flameproof,"耐炎性の","Japanese Wiktionary",https://ja.wiktionary.org/wiki/flameproof,"CC BY-SA 4.0",2026-08-05,2026-08-14
flammable,"燃えやすい。","Japanese Wiktionary",https://ja.wiktionary.org/wiki/flammable,"CC BY-SA 4.0",2026-08-05,2026-08-14
flatly,"平らに。平坦に。水平に。 / 完全に。 / きっぱりと。断固として。","Japanese Wiktionary",https://ja.wiktionary.org/wiki/flatly,"CC BY-SA 4.0",2026-08-05,2026-08-14
flatted,"flatの過去形・過去分詞。","Japanese Wiktionary",https://ja.wiktionary.org/wiki/flatted,"CC BY-SA 4.0",2026-08-05,2026-08-14
flatulent,"鼓腸性の。 / 空虚な。空疎な。","Japanese Wiktionary",https://ja.wiktionary.org/wiki/flatulent,"CC BY-SA 4.0",2026-08-05,2026-08-14
flavas,"flavaの複数形。","Japanese Wiktionary",https://ja.wiktionary.org/wiki/flavas,"CC BY-SA 4.0",2026-08-05,2026-08-14
flavored,"flavouredの異綴。 / flavorの過去形・過去分詞。","Japanese Wiktionary",https://ja.wiktionary.org/wiki/flavored,"CC BY-SA 4.0",2026-08-05,2026-08-14
flavorless,"風味の無い。","Japanese Wiktionary",https://ja.wiktionary.org/wiki/flavorless,"CC BY-SA 4.0",2026-08-05,2026-08-14
flawed,"傷のある。欠点のある。 / flawの過去形・過去分詞。","Japanese Wiktionary",https://ja.wiktionary.org/wiki/flawed,"CC BY-SA 4.0",2026-08-05,2026-08-14
flawless,"欠点のない。完璧な。","Japanese Wiktionary",https://ja.wiktionary.org/wiki/flawless,"CC BY-SA 4.0",2026-08-05,2026-08-14
flexible,"曲げやすい、しなやかな。 / （考え・計画などが）柔軟な、融通の利く。 / 曲げやすい素材。","Japanese Wiktionary",https://ja.wiktionary.org/wiki/flexible,"CC BY-SA 4.0",2026-08-05,2026-08-14
flexibles,"flexibleの複数形。","Japanese Wiktionary",https://ja.wiktionary.org/wiki/flexibles,"CC BY-SA 4.0",2026-08-05,2026-08-14
flexibly,"曲げやすく。柔軟に。","Japanese Wiktionary",https://ja.wiktionary.org/wiki/flexibly,"CC BY-SA 4.0",2026-08-05,2026-08-14
flexitime,"フレックスタイム。","Japanese Wiktionary",https://ja.wiktionary.org/wiki/flexitime,"CC BY-SA 4.0",2026-08-05,2026-08-14
flextime,"flexitimeの異綴。","Japanese Wiktionary",https://ja.wiktionary.org/wiki/flextime,"CC BY-SA 4.0",2026-08-05,2026-08-14
flippant,"軽薄な、軽率な、不真面目な。 / 素早い、機敏な、柔軟な。","Japanese Wiktionary",https://ja.wiktionary.org/wiki/flippant,"CC BY-SA 4.0",2026-08-05,2026-08-14
flirtatious,"浮気な、浮ついた、軽薄な。 / いちゃつく。","Japanese Wiktionary",https://ja.wiktionary.org/wiki/flirtatious,"CC BY-SA 4.0",2026-08-05,2026-08-14
flowery,"花の香りの / 花柄の","Japanese Wiktionary",https://ja.wiktionary.org/wiki/flowery,"CC BY-SA 4.0",2026-08-05,2026-08-14
fluent,"流暢な / 滑らかな","Japanese Wiktionary",https://ja.wiktionary.org/wiki/fluent,"CC BY-SA 4.0",2026-08-05,2026-08-14
fluently,"流暢に","Japanese Wiktionary",https://ja.wiktionary.org/wiki/fluently,"CC BY-SA 4.0",2026-08-05,2026-08-14
fluidised,"fluidiseの過去形・過去分詞","Japanese Wiktionary",https://ja.wiktionary.org/wiki/fluidised,"CC BY-SA 4.0",2026-08-05,2026-08-14
fluidized,"fluidizeの過去形・過去分詞 / 流動化した","Japanese Wiktionary",https://ja.wiktionary.org/wiki/fluidized,"CC BY-SA 4.0",2026-08-05,2026-08-14
fluorinated,"fluorinateの過去形・過去分詞。 / 弗化された。","Japanese Wiktionary",https://ja.wiktionary.org/wiki/fluorinated,"CC BY-SA 4.0",2026-08-05,2026-08-14
fluorination,"弗化。","Japanese Wiktionary",https://ja.wiktionary.org/wiki/fluorination,"CC BY-SA 4.0",2026-08-05,2026-08-14
fluoro,"蛍光灯。 / 蛍光色の。","Japanese Wiktionary",https://ja.wiktionary.org/wiki/fluoro,"CC BY-SA 4.0",2026-08-05,2026-08-14
fluvial,"川の","Japanese Wiktionary",https://ja.wiktionary.org/wiki/fluvial,"CC BY-SA 4.0",2026-08-05,2026-08-14
fn,"footnote（脚注）の略。","Japanese Wiktionary",https://ja.wiktionary.org/wiki/fn,"CC BY-SA 4.0",2026-08-05,2026-08-14
focal,"焦点の。","Japanese Wiktionary",https://ja.wiktionary.org/wiki/focal,"CC BY-SA 4.0",2026-08-05,2026-08-14
fogo,"hogoの異形。","Japanese Wiktionary",https://ja.wiktionary.org/wiki/fogo,"CC BY-SA 4.0",2026-08-05,2026-08-14
folkloric,"民間伝承の。","Japanese Wiktionary",https://ja.wiktionary.org/wiki/folkloric,"CC BY-SA 4.0",2026-08-05,2026-08-14
foolhardy,"無謀な。無茶な。無鉄砲な。","Japanese Wiktionary",https://ja.wiktionary.org/wiki/foolhardy,"CC BY-SA 4.0",2026-08-05,2026-08-14
foolish,"（判断力的に）ばかな。 / 愚かな。 / 間抜けな。 / 思慮のない。","Japanese Wiktionary",https://ja.wiktionary.org/wiki/foolish,"CC BY-SA 4.0",2026-08-05,2026-08-14
foolishly,"愚かに","Japanese Wiktionary",https://ja.wiktionary.org/wiki/foolishly,"CC BY-SA 4.0",2026-08-05,2026-08-14
footnoting,"""footnote"" の動名詞形又は現在分詞形。","Japanese Wiktionary",https://ja.wiktionary.org/wiki/footnoting,"CC BY-SA 4.0",2026-08-05,2026-08-14
for,"（理由）故に、なぜならば。 / （非標準）（目的）するために / （方向）～へ、～に向けて。 / ～のために。に向けて。の利益になるように。 / ～の目的で。に用いて。の用途で。 / ～に賛同して(対義語against). / ～の理由で / ～を治すために。改善・対応のために。 / 時間・期間の長さを示す。～のあいだ。～間。 / を通して。 / to不定詞の主語。 / の代わりに。代理で。 / の代替物として。 / と引き換えに。に応じて。 / を目指して。求めて。得ようと。 / としては。にとっては。のわりには。を考慮すると。 / とみなして。 / （通常""for all""の形で）にもかかわらず。したのに。 / を欲しがって。望んで。 / （""for a start""などの形で）第一。そもそも。 / にちなんで。 / を待ち受けて。になりそうで。 / のうち。 / 〜イニングで。","Japanese Wiktionary",https://ja.wiktionary.org/wiki/for,"CC BY-SA 4.0",2026-08-05,2026-08-14
forbad,"forbidの過去形","Japanese Wiktionary",https://ja.wiktionary.org/wiki/forbad,"CC BY-SA 4.0",2026-08-05,2026-08-14
forceful,"力強い。強力な。 / 説得力のある。","Japanese Wiktionary",https://ja.wiktionary.org/wiki/forceful,"CC BY-SA 4.0",2026-08-05,2026-08-14
forcefully,"力強く。","Japanese Wiktionary",https://ja.wiktionary.org/wiki/forcefully,"CC BY-SA 4.0",2026-08-05,2026-08-14
forcible,"力づくの。強制的な。 / 力強い。強力な。効果的な。 / 説得力のある。","Japanese Wiktionary",https://ja.wiktionary.org/wiki/forcible,"CC BY-SA 4.0",2026-08-05,2026-08-14
forcibly,"力づくで。強制的に。","Japanese Wiktionary",https://ja.wiktionary.org/wiki/forcibly,"CC BY-SA 4.0",2026-08-05,2026-08-14
foreign,"外国の。 / 外来の。 / 異文化の。","Japanese Wiktionary",https://ja.wiktionary.org/wiki/foreign,"CC BY-SA 4.0",2026-08-05,2026-08-14
foremost,"主要な。 / 先頭の、真っ先の、最高位の。 / 真っ先に。 / 抜きん出て。","Japanese Wiktionary",https://ja.wiktionary.org/wiki/foremost,"CC BY-SA 4.0",2026-08-05,2026-08-14
forestation,"植林、造林。","Japanese Wiktionary",https://ja.wiktionary.org/wiki/forestation,"CC BY-SA 4.0",2026-08-05,2026-08-14
forested,"樹木に覆われた。 / forestの過去形・過去分詞。","Japanese Wiktionary",https://ja.wiktionary.org/wiki/forested,"CC BY-SA 4.0",2026-08-05,2026-08-14
forever,"永遠に、永久、絶えず。 / 長い間。 / よく、頻繁に、しょっちゅう。 / 永遠、長い間。 / 訪れることのない想像上の時間。 / 永遠の、永久の。","Japanese Wiktionary",https://ja.wiktionary.org/wiki/forever,"CC BY-SA 4.0",2026-08-05,2026-08-14
forgetful,"忘れっぽい / 物忘れする","Japanese Wiktionary",https://ja.wiktionary.org/wiki/forgetful,"CC BY-SA 4.0",2026-08-05,2026-08-14
forgettable,"忘れられがちな。","Japanese Wiktionary",https://ja.wiktionary.org/wiki/forgettable,"CC BY-SA 4.0",2026-08-05,2026-08-14
forgivable,"許される。大目に見られる。","Japanese Wiktionary",https://ja.wiktionary.org/wiki/forgivable,"CC BY-SA 4.0",2026-08-05,2026-08-14
forlorn,"見捨てられた。寂れた。 / 孤独な。 / 見込みのない。虚しい。儚い。 / 決死的行動。 / 決死隊。 / forleseの過去分詞。","Japanese Wiktionary",https://ja.wiktionary.org/wiki/forlorn,"CC BY-SA 4.0",2026-08-05,2026-08-14
forlornly,"見捨てられて。寂れて。 / 孤独に。 / 虚しく。儚く。","Japanese Wiktionary",https://ja.wiktionary.org/wiki/forlornly,"CC BY-SA 4.0",2026-08-05,2026-08-14
formally,"正式に、公式に / 礼儀正しく、儀礼的に","Japanese Wiktionary",https://ja.wiktionary.org/wiki/formally,"CC BY-SA 4.0",2026-08-05,2026-08-14
formerly,"昔、以前、かつて。","Japanese Wiktionary",https://ja.wiktionary.org/wiki/formerly,"CC BY-SA 4.0",2026-08-05,2026-08-14
formidable,"恐ろしい、恐怖を催す。 / （恐怖感を感じるほど）多数の、大量の、大規模な。 / とても、敵わない 、手に負えそうにない。","Japanese Wiktionary",https://ja.wiktionary.org/wiki/formidable,"CC BY-SA 4.0",2026-08-05,2026-08-14
formless,"明確な、あるいは一定の形を持たない；無形の / 不格好な","Japanese Wiktionary",https://ja.wiktionary.org/wiki/formless,"CC BY-SA 4.0",2026-08-05,2026-08-14
forn,"前に。以前に。","Japanese Wiktionary",https://ja.wiktionary.org/wiki/forn,"CC BY-SA 4.0",2026-08-05,2026-08-14
forster,"foresterの廃語","Japanese Wiktionary",https://ja.wiktionary.org/wiki/forster,"CC BY-SA 4.0",2026-08-05,2026-08-14
forthcoming,"来るべき。今度の。 / （援助などが）すぐ手に入る。間に。 / 積極的な。 / 愛想のいい。 / （考えなどが）現れること。 / forthcomeの現在分詞。","Japanese Wiktionary",https://ja.wiktionary.org/wiki/forthcoming,"CC BY-SA 4.0",2026-08-05,2026-08-14
forthright,"率直な、単刀直入の、忌憚ない。","Japanese Wiktionary",https://ja.wiktionary.org/wiki/forthright,"CC BY-SA 4.0",2026-08-05,2026-08-14
forthwith,"直ぐに","Japanese Wiktionary",https://ja.wiktionary.org/wiki/forthwith,"CC BY-SA 4.0",2026-08-05,2026-08-14
fortis,"硬音の。","Japanese Wiktionary",https://ja.wiktionary.org/wiki/fortis,"CC BY-SA 4.0",2026-08-05,2026-08-14
fortnightly,"2週間に1回の。 / 2週間に1回。 / 隔週刊の新聞・雑誌。","Japanese Wiktionary",https://ja.wiktionary.org/wiki/fortnightly,"CC BY-SA 4.0",2026-08-05,2026-08-14
fortuitous,"偶然の、思いがけない。 / 幸運な。","Japanese Wiktionary",https://ja.wiktionary.org/wiki/fortuitous,"CC BY-SA 4.0",2026-08-05,2026-08-14
fortuitously,"偶然、思いがけず。","Japanese Wiktionary",https://ja.wiktionary.org/wiki/fortuitously,"CC BY-SA 4.0",2026-08-05,2026-08-14
fortunate,"幸運な。 / 幸運を齎す。","Japanese Wiktionary",https://ja.wiktionary.org/wiki/fortunate,"CC BY-SA 4.0",2026-08-05,2026-08-14
fortunately,"幸運にも","Japanese Wiktionary",https://ja.wiktionary.org/wiki/fortunately,"CC BY-SA 4.0",2026-08-05,2026-08-14
foto,"写真","Japanese Wiktionary",https://ja.wiktionary.org/wiki/foto,"CC BY-SA 4.0",2026-08-05,2026-08-14
foully,"不快に。不正に。下品に。","Japanese Wiktionary",https://ja.wiktionary.org/wiki/foully,"CC BY-SA 4.0",2026-08-05,2026-08-14
fourthly,"（理由などを列挙する際に）4番目に。","Japanese Wiktionary",https://ja.wiktionary.org/wiki/fourthly,"CC BY-SA 4.0",2026-08-05,2026-08-14
fourty,"fortyの誤記。","Japanese Wiktionary",https://ja.wiktionary.org/wiki/fourty,"CC BY-SA 4.0",2026-08-05,2026-08-14
fragile,"壊れやすい。脆い。 / （体質的に）弱い。","Japanese Wiktionary",https://ja.wiktionary.org/wiki/fragile,"CC BY-SA 4.0",2026-08-05,2026-08-14
fragmentary,"断片的な。破片の。 / 砕屑性の。","Japanese Wiktionary",https://ja.wiktionary.org/wiki/fragmentary,"CC BY-SA 4.0",2026-08-05,2026-08-14
fragrant,"香りの良い。芳しい。","Japanese Wiktionary",https://ja.wiktionary.org/wiki/fragrant,"CC BY-SA 4.0",2026-08-05,2026-08-14
frankly,"率直に / 率直に言って","Japanese Wiktionary",https://ja.wiktionary.org/wiki/frankly,"CC BY-SA 4.0",2026-08-05,2026-08-14
fraternal,"兄弟の。兄弟方の。","Japanese Wiktionary",https://ja.wiktionary.org/wiki/fraternal,"CC BY-SA 4.0",2026-08-05,2026-08-14
fratricidal,"兄弟殺しの。姉妹殺しの。","Japanese Wiktionary",https://ja.wiktionary.org/wiki/fratricidal,"CC BY-SA 4.0",2026-08-05,2026-08-14
fraudulent,"詐欺の、詐欺をする","Japanese Wiktionary",https://ja.wiktionary.org/wiki/fraudulent,"CC BY-SA 4.0",2026-08-05,2026-08-14
fraudulently,"不正に、騙して","Japanese Wiktionary",https://ja.wiktionary.org/wiki/fraudulently,"CC BY-SA 4.0",2026-08-05,2026-08-14
freely,"自由に、勝手に / 気前よく / 素直に","Japanese Wiktionary",https://ja.wiktionary.org/wiki/freely,"CC BY-SA 4.0",2026-08-05,2026-08-14
frem,"fremdの異綴。","Japanese Wiktionary",https://ja.wiktionary.org/wiki/frem,"CC BY-SA 4.0",2026-08-05,2026-08-14
frenetic,"熱狂した。狂乱した。 / 熱狂者。","Japanese Wiktionary",https://ja.wiktionary.org/wiki/frenetic,"CC BY-SA 4.0",2026-08-05,2026-08-14
frequentation,"頻繁な訪問。","Japanese Wiktionary",https://ja.wiktionary.org/wiki/frequentation,"CC BY-SA 4.0",2026-08-05,2026-08-14
frequently,"屡。しょっちゅう。よく。頻繁に。","Japanese Wiktionary",https://ja.wiktionary.org/wiki/frequently,"CC BY-SA 4.0",2026-08-05,2026-08-14
freshly,"新たに。 / 最近。","Japanese Wiktionary",https://ja.wiktionary.org/wiki/freshly,"CC BY-SA 4.0",2026-08-05,2026-08-14
friended,"""friend"" の過去形・過去分詞形。","Japanese Wiktionary",https://ja.wiktionary.org/wiki/friended,"CC BY-SA 4.0",2026-08-05,2026-08-14
frighteningly,"恐ろしいほど。ぎょっとするほど。","Japanese Wiktionary",https://ja.wiktionary.org/wiki/frighteningly,"CC BY-SA 4.0",2026-08-05,2026-08-14
frightful,"恐ろしい。ぞっとするような。 / 嫌な。不愉快な。","Japanese Wiktionary",https://ja.wiktionary.org/wiki/frightful,"CC BY-SA 4.0",2026-08-05,2026-08-14
frightfully,"恐ろしく。 / 非常に。","Japanese Wiktionary",https://ja.wiktionary.org/wiki/frightfully,"CC BY-SA 4.0",2026-08-05,2026-08-14
frigid,"極寒の。 / 冷淡な。 / 不感症の。","Japanese Wiktionary",https://ja.wiktionary.org/wiki/frigid,"CC BY-SA 4.0",2026-08-05,2026-08-14
frilled,"フリルの付いた。 / frillの過去形・過去分詞。","Japanese Wiktionary",https://ja.wiktionary.org/wiki/frilled,"CC BY-SA 4.0",2026-08-05,2026-08-14
frivolous,"軽薄な、不真面目な、無為な。 / 取るに足らない、つまらない。","Japanese Wiktionary",https://ja.wiktionary.org/wiki/frivolous,"CC BY-SA 4.0",2026-08-05,2026-08-14
frivolously,"軽薄に、不真面目に。","Japanese Wiktionary",https://ja.wiktionary.org/wiki/frivolously,"CC BY-SA 4.0",2026-08-05,2026-08-14
frolicsome,"陽気な、はしゃいだ。","Japanese Wiktionary",https://ja.wiktionary.org/wiki/frolicsome,"CC BY-SA 4.0",2026-08-05,2026-08-14
from,"（起源）～から、（運動等の起点・始点）～から / （分離等の対象）～から","Japanese Wiktionary",https://ja.wiktionary.org/wiki/from,"CC BY-SA 4.0",2026-08-05,2026-08-14
frostbitten,"凍傷になった / frostbiteの過去分詞","Japanese Wiktionary",https://ja.wiktionary.org/wiki/frostbitten,"CC BY-SA 4.0",2026-08-05,2026-08-14
fructose,"フルクトース、果糖。","Japanese Wiktionary",https://ja.wiktionary.org/wiki/fructose,"CC BY-SA 4.0",2026-08-05,2026-08-14
frugal,"質素な。つましい。倹約する。","Japanese Wiktionary",https://ja.wiktionary.org/wiki/frugal,"CC BY-SA 4.0",2026-08-05,2026-08-14
fruitful,"豊作をもたらす、肥沃な / 有益な、実り多い","Japanese Wiktionary",https://ja.wiktionary.org/wiki/fruitful,"CC BY-SA 4.0",2026-08-05,2026-08-14
fruitfully,"有益に、実り多く","Japanese Wiktionary",https://ja.wiktionary.org/wiki/fruitfully,"CC BY-SA 4.0",2026-08-05,2026-08-14
fruitless,"無益な、成果のあがらない / 不毛の","Japanese Wiktionary",https://ja.wiktionary.org/wiki/fruitless,"CC BY-SA 4.0",2026-08-05,2026-08-14
fruitlessly,"実を結ばずに","Japanese Wiktionary",https://ja.wiktionary.org/wiki/fruitlessly,"CC BY-SA 4.0",2026-08-05,2026-08-14
fueled,"fuelの過去形・過去分詞。","Japanese Wiktionary",https://ja.wiktionary.org/wiki/fueled,"CC BY-SA 4.0",2026-08-05,2026-08-14
fulling,"""full"" の動名詞形又は現在分詞形。","Japanese Wiktionary",https://ja.wiktionary.org/wiki/fulling,"CC BY-SA 4.0",2026-08-05,2026-08-14
fulls,"""full"" の三人称単数現在形。","Japanese Wiktionary",https://ja.wiktionary.org/wiki/fulls,"CC BY-SA 4.0",2026-08-05,2026-08-14
fully,"完全に / 十分に / たっぷり","Japanese Wiktionary",https://ja.wiktionary.org/wiki/fully,"CC BY-SA 4.0",2026-08-05,2026-08-14
fulminant,"爆鳴性の。 / 劇症の。電撃性の。","Japanese Wiktionary",https://ja.wiktionary.org/wiki/fulminant,"CC BY-SA 4.0",2026-08-05,2026-08-14
fundamentally,"根本的に、基本的に、そもそも。 / 本来。","Japanese Wiktionary",https://ja.wiktionary.org/wiki/fundamentally,"CC BY-SA 4.0",2026-08-05,2026-08-14
funerary,"葬儀の、埋葬の","Japanese Wiktionary",https://ja.wiktionary.org/wiki/funerary,"CC BY-SA 4.0",2026-08-05,2026-08-14
funereal,"葬式の、葬式にふさわしい。 / しめやかな。","Japanese Wiktionary",https://ja.wiktionary.org/wiki/funereal,"CC BY-SA 4.0",2026-08-05,2026-08-14
fungicidal,"殺菌の、殺菌性の。 / 殺菌剤。","Japanese Wiktionary",https://ja.wiktionary.org/wiki/fungicidal,"CC BY-SA 4.0",2026-08-05,2026-08-14
fungo,"ノックした打球。 / ノックバット。","Japanese Wiktionary",https://ja.wiktionary.org/wiki/fungo,"CC BY-SA 4.0",2026-08-05,2026-08-14
funneled,"funnelの過去形・過去分詞。","Japanese Wiktionary",https://ja.wiktionary.org/wiki/funneled,"CC BY-SA 4.0",2026-08-05,2026-08-14
funneling,"funnelの現在分詞。","Japanese Wiktionary",https://ja.wiktionary.org/wiki/funneling,"CC BY-SA 4.0",2026-08-05,2026-08-14
furin,"風鈴。","Japanese Wiktionary",https://ja.wiktionary.org/wiki/furin,"CC BY-SA 4.0",2026-08-05,2026-08-14
furioso,"フリオーソの。 / 狂人。","Japanese Wiktionary",https://ja.wiktionary.org/wiki/furioso,"CC BY-SA 4.0",2026-08-05,2026-08-14
furious,"激怒した。","Japanese Wiktionary",https://ja.wiktionary.org/wiki/furious,"CC BY-SA 4.0",2026-08-05,2026-08-14
furiously,"激怒して。 / 猛烈に。","Japanese Wiktionary",https://ja.wiktionary.org/wiki/furiously,"CC BY-SA 4.0",2026-08-05,2026-08-14
furnitures,"furnitureの複数形。","Japanese Wiktionary",https://ja.wiktionary.org/wiki/furnitures,"CC BY-SA 4.0",2026-08-05,2026-08-14
furo,"（日本の）風呂。","Japanese Wiktionary",https://ja.wiktionary.org/wiki/furo,"CC BY-SA 4.0",2026-08-05,2026-08-14
furthermore,"（重要なことを付け加える時）その上。おまけに。","Japanese Wiktionary",https://ja.wiktionary.org/wiki/furthermore,"CC BY-SA 4.0",2026-08-05,2026-08-14
fut,"'sfootの異形。","Japanese Wiktionary",https://ja.wiktionary.org/wiki/fut,"CC BY-SA 4.0",2026-08-05,2026-08-14
futile,"無駄な、効果のない、下らない。","Japanese Wiktionary",https://ja.wiktionary.org/wiki/futile,"CC BY-SA 4.0",2026-08-05,2026-08-14
fuzzing,"""fuzz"" の動名詞形又は現在分詞形。 / ファジング。","Japanese Wiktionary",https://ja.wiktionary.org/wiki/fuzzing,"CC BY-SA 4.0",2026-08-05,2026-08-14
gadwall,"オカヨシガモ。","Japanese Wiktionary",https://ja.wiktionary.org/wiki/gadwall,"CC BY-SA 4.0",2026-08-05,2026-08-14
gahmen,"（シンガポール）政府","Japanese Wiktionary",https://ja.wiktionary.org/wiki/gahmen,"CC BY-SA 4.0",2026-08-05,2026-08-14
gainful,"利益になる。 / 有給の。","Japanese Wiktionary",https://ja.wiktionary.org/wiki/gainful,"CC BY-SA 4.0",2026-08-05,2026-08-14
gainfully,"有利に / 有給で","Japanese Wiktionary",https://ja.wiktionary.org/wiki/gainfully,"CC BY-SA 4.0",2026-08-05,2026-08-14
galactic,"銀河の。 / 巨大な。","Japanese Wiktionary",https://ja.wiktionary.org/wiki/galactic,"CC BY-SA 4.0",2026-08-05,2026-08-14
galaxias,"ガラクシアス属の魚。","Japanese Wiktionary",https://ja.wiktionary.org/wiki/galaxias,"CC BY-SA 4.0",2026-08-05,2026-08-14
gallantly,"勇敢にも。勇ましく。","Japanese Wiktionary",https://ja.wiktionary.org/wiki/gallantly,"CC BY-SA 4.0",2026-08-05,2026-08-14
gangue,"脈石。","Japanese Wiktionary",https://ja.wiktionary.org/wiki/gangue,"CC BY-SA 4.0",2026-08-05,2026-08-14
ganton,"gantangの異形。","Japanese Wiktionary",https://ja.wiktionary.org/wiki/ganton,"CC BY-SA 4.0",2026-08-05,2026-08-14
gapped,"割れ目のある。隙間のある。 / gapの過去形・過去分詞。","Japanese Wiktionary",https://ja.wiktionary.org/wiki/gapped,"CC BY-SA 4.0",2026-08-05,2026-08-14
garcon,"garçonの異綴。","Japanese Wiktionary",https://ja.wiktionary.org/wiki/garcon,"CC BY-SA 4.0",2026-08-05,2026-08-14
garcons,"garconの複数形。","Japanese Wiktionary",https://ja.wiktionary.org/wiki/garcons,"CC BY-SA 4.0",2026-08-05,2026-08-14
garda,"アイルランドの警察。","Japanese Wiktionary",https://ja.wiktionary.org/wiki/garda,"CC BY-SA 4.0",2026-08-05,2026-08-14
gargantuan,"(Gargantuan) ガルガンチュワの、彼の食欲の / 巨大な、膨大な、夥しい","Japanese Wiktionary",https://ja.wiktionary.org/wiki/gargantuan,"CC BY-SA 4.0",2026-08-05,2026-08-14
gastric,"胃の。","Japanese Wiktionary",https://ja.wiktionary.org/wiki/gastric,"CC BY-SA 4.0",2026-08-05,2026-08-14
gastritis,"胃炎。","Japanese Wiktionary",https://ja.wiktionary.org/wiki/gastritis,"CC BY-SA 4.0",2026-08-05,2026-08-14
geep,"ギープ。","Japanese Wiktionary",https://ja.wiktionary.org/wiki/geep,"CC BY-SA 4.0",2026-08-05,2026-08-14
gelati,"gelatoの複数形。 / ジェラート。","Japanese Wiktionary",https://ja.wiktionary.org/wiki/gelati,"CC BY-SA 4.0",2026-08-05,2026-08-14
gelato,"ジェラート、イタリア風アイスクリーム。","Japanese Wiktionary",https://ja.wiktionary.org/wiki/gelato,"CC BY-SA 4.0",2026-08-05,2026-08-14
gena,"頬。","Japanese Wiktionary",https://ja.wiktionary.org/wiki/gena,"CC BY-SA 4.0",2026-08-05,2026-08-14
generalisability,"generalizabilityの異綴。","Japanese Wiktionary",https://ja.wiktionary.org/wiki/generalisability,"CC BY-SA 4.0",2026-08-05,2026-08-14
generalisable,"generalizableの異綴。","Japanese Wiktionary",https://ja.wiktionary.org/wiki/generalisable,"CC BY-SA 4.0",2026-08-05,2026-08-14
generalizability,"一般化可能性。","Japanese Wiktionary",https://ja.wiktionary.org/wiki/generalizability,"CC BY-SA 4.0",2026-08-05,2026-08-14
generalizable,"一般化できる。","Japanese Wiktionary",https://ja.wiktionary.org/wiki/generalizable,"CC BY-SA 4.0",2026-08-05,2026-08-14
generally,"広く。汎く。通常。一般に。 / いつも、普段は。 / 一概に、精査なく。","Japanese Wiktionary",https://ja.wiktionary.org/wiki/generally,"CC BY-SA 4.0",2026-08-05,2026-08-14
generational,"世代の。","Japanese Wiktionary",https://ja.wiktionary.org/wiki/generational,"CC BY-SA 4.0",2026-08-05,2026-08-14
generative,"発生の。生殖力のある。 / 生成的な。","Japanese Wiktionary",https://ja.wiktionary.org/wiki/generative,"CC BY-SA 4.0",2026-08-05,2026-08-14
generous,"気前のよい。太っ腹な。惜しみなく与える。親切な。 / 寛大な。寛容な。心の広い。 / 豊富な。たっぷりとした。 / （ワインが）芳醇な香りのある。","Japanese Wiktionary",https://ja.wiktionary.org/wiki/generous,"CC BY-SA 4.0",2026-08-05,2026-08-14
generously,"気前よく / 寛大に / 豊富に","Japanese Wiktionary",https://ja.wiktionary.org/wiki/generously,"CC BY-SA 4.0",2026-08-05,2026-08-14
genetically,"遺伝子的に、遺伝学的に。","Japanese Wiktionary",https://ja.wiktionary.org/wiki/genetically,"CC BY-SA 4.0",2026-08-05,2026-08-14
genial,"愛想の良い。親切な。 / （気候などが）温暖な。温和な。快適な。 / 顎の。","Japanese Wiktionary",https://ja.wiktionary.org/wiki/genial,"CC BY-SA 4.0",2026-08-05,2026-08-14
genially,"愛想よく。親切に。温和に。","Japanese Wiktionary",https://ja.wiktionary.org/wiki/genially,"CC BY-SA 4.0",2026-08-05,2026-08-14
genii,"geniusの複数形。 / genieの複数形。","Japanese Wiktionary",https://ja.wiktionary.org/wiki/genii,"CC BY-SA 4.0",2026-08-05,2026-08-14
genio,"特定の気質の人。","Japanese Wiktionary",https://ja.wiktionary.org/wiki/genio,"CC BY-SA 4.0",2026-08-05,2026-08-14
genitourinary,"泌尿生殖器の。","Japanese Wiktionary",https://ja.wiktionary.org/wiki/genitourinary,"CC BY-SA 4.0",2026-08-05,2026-08-14
genocidal,"大虐殺の。","Japanese Wiktionary",https://ja.wiktionary.org/wiki/genocidal,"CC BY-SA 4.0",2026-08-05,2026-08-14
genotyping,"""genotype"" の動名詞形又は現在分詞形。","Japanese Wiktionary",https://ja.wiktionary.org/wiki/genotyping,"CC BY-SA 4.0",2026-08-05,2026-08-14
genteel,"上流階級の / 上品な / 上品ぶった","Japanese Wiktionary",https://ja.wiktionary.org/wiki/genteel,"CC BY-SA 4.0",2026-08-05,2026-08-14
gentlemanly,"紳士的な","Japanese Wiktionary",https://ja.wiktionary.org/wiki/gentlemanly,"CC BY-SA 4.0",2026-08-05,2026-08-14
gently,"優しく。 / 穏やかに。 / 徐々に。","Japanese Wiktionary",https://ja.wiktionary.org/wiki/gently,"CC BY-SA 4.0",2026-08-05,2026-08-14
genua,"genuの複数形。","Japanese Wiktionary",https://ja.wiktionary.org/wiki/genua,"CC BY-SA 4.0",2026-08-05,2026-08-14
genuine,"本物の。偽りのない。 / 誠実な。","Japanese Wiktionary",https://ja.wiktionary.org/wiki/genuine,"CC BY-SA 4.0",2026-08-05,2026-08-14
genuinely,"本当に。純粋に。","Japanese Wiktionary",https://ja.wiktionary.org/wiki/genuinely,"CC BY-SA 4.0",2026-08-05,2026-08-14
geocentric,"地球中心の。 / 天動説の。","Japanese Wiktionary",https://ja.wiktionary.org/wiki/geocentric,"CC BY-SA 4.0",2026-08-05,2026-08-14
geochemical,"地球化学の","Japanese Wiktionary",https://ja.wiktionary.org/wiki/geochemical,"CC BY-SA 4.0",2026-08-05,2026-08-14
geographic,"地理的な、地理学の。","Japanese Wiktionary",https://ja.wiktionary.org/wiki/geographic,"CC BY-SA 4.0",2026-08-05,2026-08-14
geographical,"地理的な、地理学の。","Japanese Wiktionary",https://ja.wiktionary.org/wiki/geographical,"CC BY-SA 4.0",2026-08-05,2026-08-14
geographically,"地理的に。","Japanese Wiktionary",https://ja.wiktionary.org/wiki/geographically,"CC BY-SA 4.0",2026-08-05,2026-08-14
geologic,"地質学の。","Japanese Wiktionary",https://ja.wiktionary.org/wiki/geologic,"CC BY-SA 4.0",2026-08-05,2026-08-14
geological,"地質学の。","Japanese Wiktionary",https://ja.wiktionary.org/wiki/geological,"CC BY-SA 4.0",2026-08-05,2026-08-14
geologically,"地質学的に。","Japanese Wiktionary",https://ja.wiktionary.org/wiki/geologically,"CC BY-SA 4.0",2026-08-05,2026-08-14
geometrical,"幾何学の / 幾何学的な","Japanese Wiktionary",https://ja.wiktionary.org/wiki/geometrical,"CC BY-SA 4.0",2026-08-05,2026-08-14
geometrically,"幾何学的に。 / 等比級数的に。","Japanese Wiktionary",https://ja.wiktionary.org/wiki/geometrically,"CC BY-SA 4.0",2026-08-05,2026-08-14
geosynchronous,"軌道が地球の自転と同期した。","Japanese Wiktionary",https://ja.wiktionary.org/wiki/geosynchronous,"CC BY-SA 4.0",2026-08-05,2026-08-14
geothermal,"地熱の","Japanese Wiktionary",https://ja.wiktionary.org/wiki/geothermal,"CC BY-SA 4.0",2026-08-05,2026-08-14
germicidal,"殺菌の。","Japanese Wiktionary",https://ja.wiktionary.org/wiki/germicidal,"CC BY-SA 4.0",2026-08-05,2026-08-14
ghoti,"fishの別表記 (とされる)。","Japanese Wiktionary",https://ja.wiktionary.org/wiki/ghoti,"CC BY-SA 4.0",2026-08-05,2026-08-14
gigantic,"巨大な。 / 巨人の。","Japanese Wiktionary",https://ja.wiktionary.org/wiki/gigantic,"CC BY-SA 4.0",2026-08-05,2026-08-14
gingerly,"注意深く、用心して。 / 注意深い。","Japanese Wiktionary",https://ja.wiktionary.org/wiki/gingerly,"CC BY-SA 4.0",2026-08-05,2026-08-14
gingivitis,"歯肉炎。歯齦炎。","Japanese Wiktionary",https://ja.wiktionary.org/wiki/gingivitis,"CC BY-SA 4.0",2026-08-05,2026-08-14
giron,"gyron の異表記・別形。","Japanese Wiktionary",https://ja.wiktionary.org/wiki/giron,"CC BY-SA 4.0",2026-08-05,2026-08-14
gismu,"語根。","Japanese Wiktionary",https://ja.wiktionary.org/wiki/gismu,"CC BY-SA 4.0",2026-08-05,2026-08-14
giusto,"ジュストの、正確な。 / ジュストで、正確に。","Japanese Wiktionary",https://ja.wiktionary.org/wiki/giusto,"CC BY-SA 4.0",2026-08-05,2026-08-14
glaciology,"雪氷学","Japanese Wiktionary",https://ja.wiktionary.org/wiki/glaciology,"CC BY-SA 4.0",2026-08-05,2026-08-14
gladly,"嬉しそうに。 / 喜んで。","Japanese Wiktionary",https://ja.wiktionary.org/wiki/gladly,"CC BY-SA 4.0",2026-08-05,2026-08-14
glads,"""glad"" の三人称単数現在形。","Japanese Wiktionary",https://ja.wiktionary.org/wiki/glads,"CC BY-SA 4.0",2026-08-05,2026-08-14
glandular,"腺の。","Japanese Wiktionary",https://ja.wiktionary.org/wiki/glandular,"CC BY-SA 4.0",2026-08-05,2026-08-14
glaringly,"甚だしく、明らかに。","Japanese Wiktionary",https://ja.wiktionary.org/wiki/glaringly,"CC BY-SA 4.0",2026-08-05,2026-08-14
glassed,"""glass"" の過去形・過去分詞形。","Japanese Wiktionary",https://ja.wiktionary.org/wiki/glassed,"CC BY-SA 4.0",2026-08-05,2026-08-14
glassing,"""glass"" の動名詞形又は現在分詞形。","Japanese Wiktionary",https://ja.wiktionary.org/wiki/glassing,"CC BY-SA 4.0",2026-08-05,2026-08-14
global,"球の。球形の、球状の。 / 地球の。地球に関する。 / 地球規模の。全世界に跨がる。 / グローバル変数の。 / 全体的な / グローバル識別子。","Japanese Wiktionary",https://ja.wiktionary.org/wiki/global,"CC BY-SA 4.0",2026-08-05,2026-08-14
globalising,"""globalise"" の動名詞形又は現在分詞形。","Japanese Wiktionary",https://ja.wiktionary.org/wiki/globalising,"CC BY-SA 4.0",2026-08-05,2026-08-14
globally,"世界的に / 全体的に","Japanese Wiktionary",https://ja.wiktionary.org/wiki/globally,"CC BY-SA 4.0",2026-08-05,2026-08-14
globals,"""global"" の複数形","Japanese Wiktionary",https://ja.wiktionary.org/wiki/globals,"CC BY-SA 4.0",2026-08-05,2026-08-14
glomeruli,"glomerulusの複数形。","Japanese Wiktionary",https://ja.wiktionary.org/wiki/glomeruli,"CC BY-SA 4.0",2026-08-05,2026-08-14
gloomily,"暗く。 / 陰気に。","Japanese Wiktionary",https://ja.wiktionary.org/wiki/gloomily,"CC BY-SA 4.0",2026-08-05,2026-08-14
glorious,"栄光ある。 / 輝かしい。 / 素晴らしい。 / 華麗な。","Japanese Wiktionary",https://ja.wiktionary.org/wiki/glorious,"CC BY-SA 4.0",2026-08-05,2026-08-14
gloriously,"輝かしく。 / 立派に。 / 愉快に。","Japanese Wiktionary",https://ja.wiktionary.org/wiki/gloriously,"CC BY-SA 4.0",2026-08-05,2026-08-14
glottis,"声門。","Japanese Wiktionary",https://ja.wiktionary.org/wiki/glottis,"CC BY-SA 4.0",2026-08-05,2026-08-14
gloved,"""glove"" の過去形・過去分詞。","Japanese Wiktionary",https://ja.wiktionary.org/wiki/gloved,"CC BY-SA 4.0",2026-08-05,2026-08-14
glucosamine,"グルコサミン。","Japanese Wiktionary",https://ja.wiktionary.org/wiki/glucosamine,"CC BY-SA 4.0",2026-08-05,2026-08-14
glutathione,"グルタチオン。","Japanese Wiktionary",https://ja.wiktionary.org/wiki/glutathione,"CC BY-SA 4.0",2026-08-05,2026-08-14
gluteal,"臀部の。 / 臀筋。","Japanese Wiktionary",https://ja.wiktionary.org/wiki/gluteal,"CC BY-SA 4.0",2026-08-05,2026-08-14
gluttonous,"大食いの、食い意地の張った。 / 貪欲な。","Japanese Wiktionary",https://ja.wiktionary.org/wiki/gluttonous,"CC BY-SA 4.0",2026-08-05,2026-08-14
gnar,"歯を剥いて唸る。","Japanese Wiktionary",https://ja.wiktionary.org/wiki/gnar,"CC BY-SA 4.0",2026-08-05,2026-08-14
gnarly,"節だらけの、でこぼこした、ごつごつした。 / 凄い、すばらしい。 / 危険な、困難な。 / 酷い。","Japanese Wiktionary",https://ja.wiktionary.org/wiki/gnarly,"CC BY-SA 4.0",2026-08-05,2026-08-14
gnew,"（方言）""gnaw"" の過去形。","Japanese Wiktionary",https://ja.wiktionary.org/wiki/gnew,"CC BY-SA 4.0",2026-08-05,2026-08-14
golden,"金の、金製の。 / 金色の。 / 高価な、貴重な。 / 繁栄した、隆盛を極めた。 / 有望な。 / 人気のある。","Japanese Wiktionary",https://ja.wiktionary.org/wiki/golden,"CC BY-SA 4.0",2026-08-05,2026-08-14
golpe,"《紋章》紫の小円形 (roundel purpure)","Japanese Wiktionary",https://ja.wiktionary.org/wiki/golpe,"CC BY-SA 4.0",2026-08-05,2026-08-14
gon,"グラード / gondola carの略","Japanese Wiktionary",https://ja.wiktionary.org/wiki/gon,"CC BY-SA 4.0",2026-08-05,2026-08-14
goodly,"よい。 / かなりな量・程度の。 / よく。 / すばらしく。","Japanese Wiktionary",https://ja.wiktionary.org/wiki/goodly,"CC BY-SA 4.0",2026-08-05,2026-08-14
googled,"googleの過去形・過去分詞。","Japanese Wiktionary",https://ja.wiktionary.org/wiki/googled,"CC BY-SA 4.0",2026-08-05,2026-08-14
googling,"googleの動名詞又は現在分詞。","Japanese Wiktionary",https://ja.wiktionary.org/wiki/googling,"CC BY-SA 4.0",2026-08-05,2026-08-14
gorgeous,"豪華な、壮麗な / 美しい、華やかな、素晴らしい / 旨い、美味しい、美味である","Japanese Wiktionary",https://ja.wiktionary.org/wiki/gorgeous,"CC BY-SA 4.0",2026-08-05,2026-08-14
gotta,"...しなければいけない。","Japanese Wiktionary",https://ja.wiktionary.org/wiki/gotta,"CC BY-SA 4.0",2026-08-05,2026-08-14
gowned,"ガウンを着た。 / gownの過去形・過去分詞。","Japanese Wiktionary",https://ja.wiktionary.org/wiki/gowned,"CC BY-SA 4.0",2026-08-05,2026-08-14
grabby,"欲深い。 / 人目を引く。魅力的な。","Japanese Wiktionary",https://ja.wiktionary.org/wiki/grabby,"CC BY-SA 4.0",2026-08-05,2026-08-14
graceful,"雅やかな、優雅な、優美な、上品な、しとやかな。 / （態度などが）潔い。","Japanese Wiktionary",https://ja.wiktionary.org/wiki/graceful,"CC BY-SA 4.0",2026-08-05,2026-08-14
gracefully,"優雅に、上品に","Japanese Wiktionary",https://ja.wiktionary.org/wiki/gracefully,"CC BY-SA 4.0",2026-08-05,2026-08-14
graceless,"品のない、粗野な、無作法な","Japanese Wiktionary",https://ja.wiktionary.org/wiki/graceless,"CC BY-SA 4.0",2026-08-05,2026-08-14
gracias,"ありがとう。","Japanese Wiktionary",https://ja.wiktionary.org/wiki/gracias,"CC BY-SA 4.0",2026-08-05,2026-08-14
gracious,"親切な、寛大な、礼儀正しい。 / （神などが）慈悲深い。 / 上品な、優雅な。 / （驚き・落胆などを表す）えっ、おや。","Japanese Wiktionary",https://ja.wiktionary.org/wiki/gracious,"CC BY-SA 4.0",2026-08-05,2026-08-14
graciously,"寛大に、礼儀正しく","Japanese Wiktionary",https://ja.wiktionary.org/wiki/graciously,"CC BY-SA 4.0",2026-08-05,2026-08-14
gradually,"徐徐に、次第に。","Japanese Wiktionary",https://ja.wiktionary.org/wiki/gradually,"CC BY-SA 4.0",2026-08-05,2026-08-14
graine,"grainの廃用。","Japanese Wiktionary",https://ja.wiktionary.org/wiki/graine,"CC BY-SA 4.0",2026-08-05,2026-08-14
grammatical,"文法的に正しい。 / 文法の。","Japanese Wiktionary",https://ja.wiktionary.org/wiki/grammatical,"CC BY-SA 4.0",2026-08-05,2026-08-14
grammaticality,"文法的なこと。文法に適っていること。","Japanese Wiktionary",https://ja.wiktionary.org/wiki/grammaticality,"CC BY-SA 4.0",2026-08-05,2026-08-14
grammatically,"文法上。文法的に。文法に適って。","Japanese Wiktionary",https://ja.wiktionary.org/wiki/grammatically,"CC BY-SA 4.0",2026-08-05,2026-08-14
grana,"granumの複数形。","Japanese Wiktionary",https://ja.wiktionary.org/wiki/grana,"CC BY-SA 4.0",2026-08-05,2026-08-14
granda,"祖父。","Japanese Wiktionary",https://ja.wiktionary.org/wiki/granda,"CC BY-SA 4.0",2026-08-05,2026-08-14
grandfathered,"""grandfather"" の過去形・過去分詞形。","Japanese Wiktionary",https://ja.wiktionary.org/wiki/grandfathered,"CC BY-SA 4.0",2026-08-05,2026-08-14
grandfathering,"""grandfather"" の動名詞形又は現在分詞形。","Japanese Wiktionary",https://ja.wiktionary.org/wiki/grandfathering,"CC BY-SA 4.0",2026-08-05,2026-08-14
grandiose,"壮大な。雄大な。 / 気取った。大袈裟な。","Japanese Wiktionary",https://ja.wiktionary.org/wiki/grandiose,"CC BY-SA 4.0",2026-08-05,2026-08-14
grane,"groan の廃れた綴り。","Japanese Wiktionary",https://ja.wiktionary.org/wiki/grane,"CC BY-SA 4.0",2026-08-05,2026-08-14
granum,"グラナ。 / 祖母。","Japanese Wiktionary",https://ja.wiktionary.org/wiki/granum,"CC BY-SA 4.0",2026-08-05,2026-08-14
grateful,"ありがたく思う、感謝する。","Japanese Wiktionary",https://ja.wiktionary.org/wiki/grateful,"CC BY-SA 4.0",2026-08-05,2026-08-14
gratefully,"感謝して","Japanese Wiktionary",https://ja.wiktionary.org/wiki/gratefully,"CC BY-SA 4.0",2026-08-05,2026-08-14
gratin,"グラタン。","Japanese Wiktionary",https://ja.wiktionary.org/wiki/gratin,"CC BY-SA 4.0",2026-08-05,2026-08-14
gratis,"無料の、ただの。","Japanese Wiktionary",https://ja.wiktionary.org/wiki/gratis,"CC BY-SA 4.0",2026-08-05,2026-08-14
gratuitous,"無料の、無償の、好意からの。 / いわれのない、理由のない、不当な。","Japanese Wiktionary",https://ja.wiktionary.org/wiki/gratuitous,"CC BY-SA 4.0",2026-08-05,2026-08-14
gratuitously,"無償で。 / 理由なく。","Japanese Wiktionary",https://ja.wiktionary.org/wiki/gratuitously,"CC BY-SA 4.0",2026-08-05,2026-08-14
graveled,"gravelの過去形・過去分詞。","Japanese Wiktionary",https://ja.wiktionary.org/wiki/graveled,"CC BY-SA 4.0",2026-08-05,2026-08-14
gravelly,"砂利で覆われた。 / 荒涼とした。","Japanese Wiktionary",https://ja.wiktionary.org/wiki/gravelly,"CC BY-SA 4.0",2026-08-05,2026-08-14
gravely,"厳かに、荘重に。 / 砂利で覆われた。","Japanese Wiktionary",https://ja.wiktionary.org/wiki/gravely,"CC BY-SA 4.0",2026-08-05,2026-08-14
gravid,"妊娠した","Japanese Wiktionary",https://ja.wiktionary.org/wiki/gravid,"CC BY-SA 4.0",2026-08-05,2026-08-14
gravitational,"重力の。引力の。","Japanese Wiktionary",https://ja.wiktionary.org/wiki/gravitational,"CC BY-SA 4.0",2026-08-05,2026-08-14
grayed,"grayの過去形・過去分詞。","Japanese Wiktionary",https://ja.wiktionary.org/wiki/grayed,"CC BY-SA 4.0",2026-08-05,2026-08-14
grayer,"""gray"" の比較級。 / grayする人。","Japanese Wiktionary",https://ja.wiktionary.org/wiki/grayer,"CC BY-SA 4.0",2026-08-05,2026-08-14
grayhound,"greyhoundの異形。","Japanese Wiktionary",https://ja.wiktionary.org/wiki/grayhound,"CC BY-SA 4.0",2026-08-05,2026-08-14
greatly,"大いに。 / 非常に。","Japanese Wiktionary",https://ja.wiktionary.org/wiki/greatly,"CC BY-SA 4.0",2026-08-05,2026-08-14
greedily,"貪欲に。","Japanese Wiktionary",https://ja.wiktionary.org/wiki/greedily,"CC BY-SA 4.0",2026-08-05,2026-08-14
greenish,"緑がかった、緑色を帯びた。","Japanese Wiktionary",https://ja.wiktionary.org/wiki/greenish,"CC BY-SA 4.0",2026-08-05,2026-08-14
grego,"グレゴ。","Japanese Wiktionary",https://ja.wiktionary.org/wiki/grego,"CC BY-SA 4.0",2026-08-05,2026-08-14
grievous,"酷い、堪え難い。 / 重大な、深刻な、激しい。","Japanese Wiktionary",https://ja.wiktionary.org/wiki/grievous,"CC BY-SA 4.0",2026-08-05,2026-08-14
grievously,"酷く、甚だしく","Japanese Wiktionary",https://ja.wiktionary.org/wiki/grievously,"CC BY-SA 4.0",2026-08-05,2026-08-14
grob,"grubの異形。","Japanese Wiktionary",https://ja.wiktionary.org/wiki/grob,"CC BY-SA 4.0",2026-08-05,2026-08-14
grom,"(サーフィン, スノーボード, スキムボード, 俗語) 若いサーファー、ウェイクスケーター、ウェイクボーダー、スノーボーダー、スキムボーダー、スケートボーダー、カイトボーダー","Japanese Wiktionary",https://ja.wiktionary.org/wiki/grom,"CC BY-SA 4.0",2026-08-05,2026-08-14
groundless,"根拠のない、理由のない、事実無根の。","Japanese Wiktionary",https://ja.wiktionary.org/wiki/groundless,"CC BY-SA 4.0",2026-08-05,2026-08-14
groupe,"groupの廃用。","Japanese Wiktionary",https://ja.wiktionary.org/wiki/groupe,"CC BY-SA 4.0",2026-08-05,2026-08-14
groveling,"grovelの現在分詞。 / grovellingの異形。","Japanese Wiktionary",https://ja.wiktionary.org/wiki/groveling,"CC BY-SA 4.0",2026-08-05,2026-08-14
grudgingly,"いやいやながら。","Japanese Wiktionary",https://ja.wiktionary.org/wiki/grudgingly,"CC BY-SA 4.0",2026-08-05,2026-08-14
guana,"(俗語) イグアナ","Japanese Wiktionary",https://ja.wiktionary.org/wiki/guana,"CC BY-SA 4.0",2026-08-05,2026-08-14
guardedly,"用心深く。慎重に。","Japanese Wiktionary",https://ja.wiktionary.org/wiki/guardedly,"CC BY-SA 4.0",2026-08-05,2026-08-14
guepard,"チーター。","Japanese Wiktionary",https://ja.wiktionary.org/wiki/guepard,"CC BY-SA 4.0",2026-08-05,2026-08-14
guileless,"誠実な。実直な。正直な。あどけない。","Japanese Wiktionary",https://ja.wiktionary.org/wiki/guileless,"CC BY-SA 4.0",2026-08-05,2026-08-14
guiltily,"罪悪感をもって。 / 罪や悪事を犯して。","Japanese Wiktionary",https://ja.wiktionary.org/wiki/guiltily,"CC BY-SA 4.0",2026-08-05,2026-08-14
guiltless,"罪の無い、潔白な。 / 経験の無い。","Japanese Wiktionary",https://ja.wiktionary.org/wiki/guiltless,"CC BY-SA 4.0",2026-08-05,2026-08-14
gullible,"騙されやすい。","Japanese Wiktionary",https://ja.wiktionary.org/wiki/gullible,"CC BY-SA 4.0",2026-08-05,2026-08-14
gusty,"（風が）激しい。突風の吹く。","Japanese Wiktionary",https://ja.wiktionary.org/wiki/gusty,"CC BY-SA 4.0",2026-08-05,2026-08-14
gymnasia,"""gymnasium"" の複数形。","Japanese Wiktionary",https://ja.wiktionary.org/wiki/gymnasia,"CC BY-SA 4.0",2026-08-05,2026-08-14
gyoza,"餃子。","Japanese Wiktionary",https://ja.wiktionary.org/wiki/gyoza,"CC BY-SA 4.0",2026-08-05,2026-08-14
habitable,"住むのに適した。","Japanese Wiktionary",https://ja.wiktionary.org/wiki/habitable,"CC BY-SA 4.0",2026-08-05,2026-08-14
habited,"""habit"" の過去形・過去分詞形。","Japanese Wiktionary",https://ja.wiktionary.org/wiki/habited,"CC BY-SA 4.0",2026-08-05,2026-08-14
habiting,"""habit"" の動名詞形又は現在分詞形。","Japanese Wiktionary",https://ja.wiktionary.org/wiki/habiting,"CC BY-SA 4.0",2026-08-05,2026-08-14
habitual,"習慣的な。いつもの。 / 常習的な。 / 常習者。 / 習慣的に行われる何かを示す構造。","Japanese Wiktionary",https://ja.wiktionary.org/wiki/habitual,"CC BY-SA 4.0",2026-08-05,2026-08-14
habitually,"習慣的に、習慣として。 / いつも。 / 定期的に。","Japanese Wiktionary",https://ja.wiktionary.org/wiki/habitually,"CC BY-SA 4.0",2026-08-05,2026-08-14
hackneyed,"陳腐な。ありふれた。 / hackneyの過去形・過去分詞。","Japanese Wiktionary",https://ja.wiktionary.org/wiki/hackneyed,"CC BY-SA 4.0",2026-08-05,2026-08-14
hae,"haveの異形。","Japanese Wiktionary",https://ja.wiktionary.org/wiki/hae,"CC BY-SA 4.0",2026-08-05,2026-08-14
hafta,"(口語) ～しなければならない（have to; be required to; must）。","Japanese Wiktionary",https://ja.wiktionary.org/wiki/hafta,"CC BY-SA 4.0",2026-08-05,2026-08-14
hairless,"毛の無い。無毛の。","Japanese Wiktionary",https://ja.wiktionary.org/wiki/hairless,"CC BY-SA 4.0",2026-08-05,2026-08-14
hakama,"袴。","Japanese Wiktionary",https://ja.wiktionary.org/wiki/hakama,"CC BY-SA 4.0",2026-08-05,2026-08-14
halfway,"途中で / 中間で / 中途半端に / 不十分に / （口語）まあまあ / 途中にある / 中間の / 不完全な / 中途半端な","Japanese Wiktionary",https://ja.wiktionary.org/wiki/halfway,"CC BY-SA 4.0",2026-08-05,2026-08-14
halogenated,"halogenateの過去形・過去分詞。 / ハロゲン化された。","Japanese Wiktionary",https://ja.wiktionary.org/wiki/halogenated,"CC BY-SA 4.0",2026-08-05,2026-08-14
handmade,"手製の、手作りの。 / 手製のもの。","Japanese Wiktionary",https://ja.wiktionary.org/wiki/handmade,"CC BY-SA 4.0",2026-08-05,2026-08-14
handmades,"handmadeの複数形。","Japanese Wiktionary",https://ja.wiktionary.org/wiki/handmades,"CC BY-SA 4.0",2026-08-05,2026-08-14
handsomely,"立派に、見事に、相当に / （海事）注意深く","Japanese Wiktionary",https://ja.wiktionary.org/wiki/handsomely,"CC BY-SA 4.0",2026-08-05,2026-08-14
handwrite,"手書きする。","Japanese Wiktionary",https://ja.wiktionary.org/wiki/handwrite,"CC BY-SA 4.0",2026-08-05,2026-08-14
handwritten,"手書きの。 / handwriteの過去分詞。","Japanese Wiktionary",https://ja.wiktionary.org/wiki/handwritten,"CC BY-SA 4.0",2026-08-05,2026-08-14
haphazard,"無計画な、でたらめの、行き当たりばったりの。 / 偶然。","Japanese Wiktionary",https://ja.wiktionary.org/wiki/haphazard,"CC BY-SA 4.0",2026-08-05,2026-08-14
haphazardly,"無計画に、でたらめに、行き当たりばったりに。","Japanese Wiktionary",https://ja.wiktionary.org/wiki/haphazardly,"CC BY-SA 4.0",2026-08-05,2026-08-14
happi,"法被。","Japanese Wiktionary",https://ja.wiktionary.org/wiki/happi,"CC BY-SA 4.0",2026-08-05,2026-08-14
happily,"幸福に。 / 幸運なことに。 / 喜んで。 / 楽しく。","Japanese Wiktionary",https://ja.wiktionary.org/wiki/happily,"CC BY-SA 4.0",2026-08-05,2026-08-14
harbored,"（米）""harbor"" の過去形・過去分詞。","Japanese Wiktionary",https://ja.wiktionary.org/wiki/harbored,"CC BY-SA 4.0",2026-08-05,2026-08-14
harboring,"（米）""harbor"" の動名詞又は現在分詞。","Japanese Wiktionary",https://ja.wiktionary.org/wiki/harboring,"CC BY-SA 4.0",2026-08-05,2026-08-14
hardboiled,"hard-boiledの異綴。 / hardboilの過去形・過去分詞。","Japanese Wiktionary",https://ja.wiktionary.org/wiki/hardboiled,"CC BY-SA 4.0",2026-08-05,2026-08-14
hardies,"hardyの複数形。","Japanese Wiktionary",https://ja.wiktionary.org/wiki/hardies,"CC BY-SA 4.0",2026-08-05,2026-08-14
hardly,"殆ど～ない","Japanese Wiktionary",https://ja.wiktionary.org/wiki/hardly,"CC BY-SA 4.0",2026-08-05,2026-08-14
hardwearing,"hard-wearingの異綴。","Japanese Wiktionary",https://ja.wiktionary.org/wiki/hardwearing,"CC BY-SA 4.0",2026-08-05,2026-08-14
hardworking,"勤勉な","Japanese Wiktionary",https://ja.wiktionary.org/wiki/hardworking,"CC BY-SA 4.0",2026-08-05,2026-08-14
harmful,"有害な。","Japanese Wiktionary",https://ja.wiktionary.org/wiki/harmful,"CC BY-SA 4.0",2026-08-05,2026-08-14
harmfully,"有害に。","Japanese Wiktionary",https://ja.wiktionary.org/wiki/harmfully,"CC BY-SA 4.0",2026-08-05,2026-08-14
harmless,"無害な、無毒な。","Japanese Wiktionary",https://ja.wiktionary.org/wiki/harmless,"CC BY-SA 4.0",2026-08-05,2026-08-14
harmlessly,"無害に","Japanese Wiktionary",https://ja.wiktionary.org/wiki/harmlessly,"CC BY-SA 4.0",2026-08-05,2026-08-14
harmlessness,"無害","Japanese Wiktionary",https://ja.wiktionary.org/wiki/harmlessness,"CC BY-SA 4.0",2026-08-05,2026-08-14
harmonious,"調和した。 / 仲の良い。友好的な。 / （音などが）耳に快い。","Japanese Wiktionary",https://ja.wiktionary.org/wiki/harmonious,"CC BY-SA 4.0",2026-08-05,2026-08-14
harmoniously,"調和して。協調して。 / 仲良く。","Japanese Wiktionary",https://ja.wiktionary.org/wiki/harmoniously,"CC BY-SA 4.0",2026-08-05,2026-08-14
harshly,"厳しく。 / 目障りに、耳障りに。","Japanese Wiktionary",https://ja.wiktionary.org/wiki/harshly,"CC BY-SA 4.0",2026-08-05,2026-08-14
hase,"hazeの廃用。","Japanese Wiktionary",https://ja.wiktionary.org/wiki/hase,"CC BY-SA 4.0",2026-08-05,2026-08-14
hasta,"has to（～しなければならない）の口語表現。 / (口語) さよなら","Japanese Wiktionary",https://ja.wiktionary.org/wiki/hasta,"CC BY-SA 4.0",2026-08-05,2026-08-14
hastily,"急いで。 / すぐに。","Japanese Wiktionary",https://ja.wiktionary.org/wiki/hastily,"CC BY-SA 4.0",2026-08-05,2026-08-14
hateful,"嫌な、不愉快な。 / 憎しみに満ちた。","Japanese Wiktionary",https://ja.wiktionary.org/wiki/hateful,"CC BY-SA 4.0",2026-08-05,2026-08-14
hath,"（古語）haveの三人称単数現在形","Japanese Wiktionary",https://ja.wiktionary.org/wiki/hath,"CC BY-SA 4.0",2026-08-05,2026-08-14
haughtily,"高慢に、横柄に","Japanese Wiktionary",https://ja.wiktionary.org/wiki/haughtily,"CC BY-SA 4.0",2026-08-05,2026-08-14
hauntingly,"印象深く、忘れ難く。","Japanese Wiktionary",https://ja.wiktionary.org/wiki/hauntingly,"CC BY-SA 4.0",2026-08-05,2026-08-14
hav,"haveの非公式の綴り。","Japanese Wiktionary",https://ja.wiktionary.org/wiki/hav,"CC BY-SA 4.0",2026-08-05,2026-08-14
hayfever,"hay feverの異表記。","Japanese Wiktionary",https://ja.wiktionary.org/wiki/hayfever,"CC BY-SA 4.0",2026-08-05,2026-08-14
hazardous,"危険な。 / 有害な。 / 起こらないことはない、起こる可能性のある。","Japanese Wiktionary",https://ja.wiktionary.org/wiki/hazardous,"CC BY-SA 4.0",2026-08-05,2026-08-14
headbutt,"頭突き。 / 頭突きをする。","Japanese Wiktionary",https://ja.wiktionary.org/wiki/headbutt,"CC BY-SA 4.0",2026-08-05,2026-08-14
headlong,"真っ逆さまに、頭から先に / 向こう見ずに、一目散に / 真っ逆さまの / 向こう見ずな、一目散の / 真っ逆さまに落とす","Japanese Wiktionary",https://ja.wiktionary.org/wiki/headlong,"CC BY-SA 4.0",2026-08-05,2026-08-14
headstrong,"頑固な、強情な、わがままな。","Japanese Wiktionary",https://ja.wiktionary.org/wiki/headstrong,"CC BY-SA 4.0",2026-08-05,2026-08-14
headwear,"被り物。","Japanese Wiktionary",https://ja.wiktionary.org/wiki/headwear,"CC BY-SA 4.0",2026-08-05,2026-08-14
healthful,"健全な / 健康に良い","Japanese Wiktionary",https://ja.wiktionary.org/wiki/healthful,"CC BY-SA 4.0",2026-08-05,2026-08-14
healthily,"健康で。","Japanese Wiktionary",https://ja.wiktionary.org/wiki/healthily,"CC BY-SA 4.0",2026-08-05,2026-08-14
heartbreaking,"胸が張り裂けるような。悲痛な。","Japanese Wiktionary",https://ja.wiktionary.org/wiki/heartbreaking,"CC BY-SA 4.0",2026-08-05,2026-08-14
heartfelt,"心からの。","Japanese Wiktionary",https://ja.wiktionary.org/wiki/heartfelt,"CC BY-SA 4.0",2026-08-05,2026-08-14
heartily,"心から。","Japanese Wiktionary",https://ja.wiktionary.org/wiki/heartily,"CC BY-SA 4.0",2026-08-05,2026-08-14
heartrending,"胸を引き裂くような、悲痛な、せつない","Japanese Wiktionary",https://ja.wiktionary.org/wiki/heartrending,"CC BY-SA 4.0",2026-08-05,2026-08-14
heatedly,"興奮して","Japanese Wiktionary",https://ja.wiktionary.org/wiki/heatedly,"CC BY-SA 4.0",2026-08-05,2026-08-14
heavenly,"天の / 神の / 天国の / すばらしい","Japanese Wiktionary",https://ja.wiktionary.org/wiki/heavenly,"CC BY-SA 4.0",2026-08-05,2026-08-14
heavily,"大量に。 / 激しく。 / とても。 / 非常に。 / 厚く。 / （眠り）深く。 / 重そうに。","Japanese Wiktionary",https://ja.wiktionary.org/wiki/heavily,"CC BY-SA 4.0",2026-08-05,2026-08-14
hectic,"（熱などが）消耗性の。 / 大忙しの。てんてこまいの。 / 消耗熱。 / 消耗熱紅潮。","Japanese Wiktionary",https://ja.wiktionary.org/wiki/hectic,"CC BY-SA 4.0",2026-08-05,2026-08-14
heedless,"注意を払わない。","Japanese Wiktionary",https://ja.wiktionary.org/wiki/heedless,"CC BY-SA 4.0",2026-08-05,2026-08-14
helicobacter,"螺旋菌、螺旋状菌。","Japanese Wiktionary",https://ja.wiktionary.org/wiki/helicobacter,"CC BY-SA 4.0",2026-08-05,2026-08-14
heliocentric,"太陽中心の。 / 天動説の。","Japanese Wiktionary",https://ja.wiktionary.org/wiki/heliocentric,"CC BY-SA 4.0",2026-08-05,2026-08-14
hellish,"地獄の、地獄のような。 / 最悪の、非常に不快な。","Japanese Wiktionary",https://ja.wiktionary.org/wiki/hellish,"CC BY-SA 4.0",2026-08-05,2026-08-14
helpful,"役に立つ、有用な、有益な。","Japanese Wiktionary",https://ja.wiktionary.org/wiki/helpful,"CC BY-SA 4.0",2026-08-05,2026-08-14
helpfully,"役に立つように","Japanese Wiktionary",https://ja.wiktionary.org/wiki/helpfully,"CC BY-SA 4.0",2026-08-05,2026-08-14
helpless,"無力な。 / なすすべのない。 / 頼るもののない。","Japanese Wiktionary",https://ja.wiktionary.org/wiki/helpless,"CC BY-SA 4.0",2026-08-05,2026-08-14
helplessly,"どうしようもなく。 / 力なく。 / 頼るものなく。","Japanese Wiktionary",https://ja.wiktionary.org/wiki/helplessly,"CC BY-SA 4.0",2026-08-05,2026-08-14
hemispherical,"半球状の、半球形の。","Japanese Wiktionary",https://ja.wiktionary.org/wiki/hemispherical,"CC BY-SA 4.0",2026-08-05,2026-08-14
hence,"従って、それゆえに。 / 今後、今から。","Japanese Wiktionary",https://ja.wiktionary.org/wiki/hence,"CC BY-SA 4.0",2026-08-05,2026-08-14
henceforth,"今後は、これからは。","Japanese Wiktionary",https://ja.wiktionary.org/wiki/henceforth,"CC BY-SA 4.0",2026-08-05,2026-08-14
henceforward,"今後は、これからは。","Japanese Wiktionary",https://ja.wiktionary.org/wiki/henceforward,"CC BY-SA 4.0",2026-08-05,2026-08-14
hentai,"エロアニメ、エロ漫画。","Japanese Wiktionary",https://ja.wiktionary.org/wiki/hentai,"CC BY-SA 4.0",2026-08-05,2026-08-14
heptathlon,"七種競技。","Japanese Wiktionary",https://ja.wiktionary.org/wiki/heptathlon,"CC BY-SA 4.0",2026-08-05,2026-08-14
heraldic,"紋章官 (herald) の / 紋章（学）の、紋章に特有の","Japanese Wiktionary",https://ja.wiktionary.org/wiki/heraldic,"CC BY-SA 4.0",2026-08-05,2026-08-14
herbivorous,"草食の。","Japanese Wiktionary",https://ja.wiktionary.org/wiki/herbivorous,"CC BY-SA 4.0",2026-08-05,2026-08-14
hereby,"近くに（nearby）。 / これによって、この結果、（翻訳調）ここに。","Japanese Wiktionary",https://ja.wiktionary.org/wiki/hereby,"CC BY-SA 4.0",2026-08-05,2026-08-14
hereditarily,"遺伝的に。 / 相続権によって。","Japanese Wiktionary",https://ja.wiktionary.org/wiki/hereditarily,"CC BY-SA 4.0",2026-08-05,2026-08-14
hereditary,"世襲の。親譲りの。代代の。 / （病気などが）遺伝性の。遺伝的な。 / 遺伝的な。 / 世襲の統治者。","Japanese Wiktionary",https://ja.wiktionary.org/wiki/hereditary,"CC BY-SA 4.0",2026-08-05,2026-08-14
herein,"この中で、この内部で、ここにおいては。","Japanese Wiktionary",https://ja.wiktionary.org/wiki/herein,"CC BY-SA 4.0",2026-08-05,2026-08-14
hereinafter,"（規約・契約文書等で）以下。","Japanese Wiktionary",https://ja.wiktionary.org/wiki/hereinafter,"CC BY-SA 4.0",2026-08-05,2026-08-14
heretical,"異端の、異分子の。 / 異説を唱える。","Japanese Wiktionary",https://ja.wiktionary.org/wiki/heretical,"CC BY-SA 4.0",2026-08-05,2026-08-14
heretofore,"これまで。今まで。","Japanese Wiktionary",https://ja.wiktionary.org/wiki/heretofore,"CC BY-SA 4.0",2026-08-05,2026-08-14
heroe,"heroの廃用。","Japanese Wiktionary",https://ja.wiktionary.org/wiki/heroe,"CC BY-SA 4.0",2026-08-05,2026-08-14
heroically,"英雄のように。英雄的に。勇敢に。","Japanese Wiktionary",https://ja.wiktionary.org/wiki/heroically,"CC BY-SA 4.0",2026-08-05,2026-08-14
hers,"彼女の物","Japanese Wiktionary",https://ja.wiktionary.org/wiki/hers,"CC BY-SA 4.0",2026-08-05,2026-08-14
herself,"she の再帰形、三人称単数の人称代名詞。男性に対しては himself を用いる。 / （動詞や前置詞の目的語として）彼女自身。 / she を強調する。","Japanese Wiktionary",https://ja.wiktionary.org/wiki/herself,"CC BY-SA 4.0",2026-08-05,2026-08-14
hesitant,"躊躇した。","Japanese Wiktionary",https://ja.wiktionary.org/wiki/hesitant,"CC BY-SA 4.0",2026-08-05,2026-08-14
hesitantly,"躊躇して。","Japanese Wiktionary",https://ja.wiktionary.org/wiki/hesitantly,"CC BY-SA 4.0",2026-08-05,2026-08-14
heterochromatin,"ヘテロクロマチン、異質染色質。","Japanese Wiktionary",https://ja.wiktionary.org/wiki/heterochromatin,"CC BY-SA 4.0",2026-08-05,2026-08-14
hexadecane,"ヘキサデカン。","Japanese Wiktionary",https://ja.wiktionary.org/wiki/hexadecane,"CC BY-SA 4.0",2026-08-05,2026-08-14
hexadecimal,"十六進法、十六進数。 / 十六進法の、十六進数の。","Japanese Wiktionary",https://ja.wiktionary.org/wiki/hexadecimal,"CC BY-SA 4.0",2026-08-05,2026-08-14
hideous,"嫌な、醜い。 / ぞっとするような。","Japanese Wiktionary",https://ja.wiktionary.org/wiki/hideous,"CC BY-SA 4.0",2026-08-05,2026-08-14
hideously,"ぞっとするほど。","Japanese Wiktionary",https://ja.wiktionary.org/wiki/hideously,"CC BY-SA 4.0",2026-08-05,2026-08-14
highly,"高度に。 / 非常に。 / 大いに。 / 高価に。 / 高い地位に。","Japanese Wiktionary",https://ja.wiktionary.org/wiki/highly,"CC BY-SA 4.0",2026-08-05,2026-08-14
highspeed,"high-speedの異表記。","Japanese Wiktionary",https://ja.wiktionary.org/wiki/highspeed,"CC BY-SA 4.0",2026-08-05,2026-08-14
hikikomori,"（現象）引き籠もり。 / 引き籠もりの人。","Japanese Wiktionary",https://ja.wiktionary.org/wiki/hikikomori,"CC BY-SA 4.0",2026-08-05,2026-08-14
hilarious,"非常に面白い。","Japanese Wiktionary",https://ja.wiktionary.org/wiki/hilarious,"CC BY-SA 4.0",2026-08-05,2026-08-14
hilted,"柄のある。 / （複合語で）柄が〜の。 / hiltの過去形・過去分詞。","Japanese Wiktionary",https://ja.wiktionary.org/wiki/hilted,"CC BY-SA 4.0",2026-08-05,2026-08-14
himself,"he の再帰形、三人称単数の人称代名詞。女性に対しては herself を用いる。 / （動詞や前置詞の目的語として）彼自身。 / he を強調する。","Japanese Wiktionary",https://ja.wiktionary.org/wiki/himself,"CC BY-SA 4.0",2026-08-05,2026-08-14
hiragana,"平仮名。","Japanese Wiktionary",https://ja.wiktionary.org/wiki/hiragana,"CC BY-SA 4.0",2026-08-05,2026-08-14
historic,"歴史的に重要な / 歴史に残る / 有史の","Japanese Wiktionary",https://ja.wiktionary.org/wiki/historic,"CC BY-SA 4.0",2026-08-05,2026-08-14
historical,"歴史の / 歴史上実在した","Japanese Wiktionary",https://ja.wiktionary.org/wiki/historical,"CC BY-SA 4.0",2026-08-05,2026-08-14
historically,"歴史上 / 歴史的に","Japanese Wiktionary",https://ja.wiktionary.org/wiki/historically,"CC BY-SA 4.0",2026-08-05,2026-08-14
hither,"ここへ、こちらへ。 / こちら側の。","Japanese Wiktionary",https://ja.wiktionary.org/wiki/hither,"CC BY-SA 4.0",2026-08-05,2026-08-14
hitherto,"今迄。これまで。","Japanese Wiktionary",https://ja.wiktionary.org/wiki/hitherto,"CC BY-SA 4.0",2026-08-05,2026-08-14
hiya,"（口語）出会いの時の挨拶。やあ。","Japanese Wiktionary",https://ja.wiktionary.org/wiki/hiya,"CC BY-SA 4.0",2026-08-05,2026-08-14
hjem,"（ニューカッスル方言）家","Japanese Wiktionary",https://ja.wiktionary.org/wiki/hjem,"CC BY-SA 4.0",2026-08-05,2026-08-14
holddown,"締め具。 / （支出などの）抑制。","Japanese Wiktionary",https://ja.wiktionary.org/wiki/holddown,"CC BY-SA 4.0",2026-08-05,2026-08-14
holey,"穴のある。","Japanese Wiktionary",https://ja.wiktionary.org/wiki/holey,"CC BY-SA 4.0",2026-08-05,2026-08-14
holistic,"全体論の。 / ホリスティックの。","Japanese Wiktionary",https://ja.wiktionary.org/wiki/holistic,"CC BY-SA 4.0",2026-08-05,2026-08-14
homeschooling,"ホームスクーリング。","Japanese Wiktionary",https://ja.wiktionary.org/wiki/homeschooling,"CC BY-SA 4.0",2026-08-05,2026-08-14
homestay,"ホームステイ。","Japanese Wiktionary",https://ja.wiktionary.org/wiki/homestay,"CC BY-SA 4.0",2026-08-05,2026-08-14
homestays,"homestayの複数形。","Japanese Wiktionary",https://ja.wiktionary.org/wiki/homestays,"CC BY-SA 4.0",2026-08-05,2026-08-14
homeward,"家に向かって。家路について。 / 家に向かう。帰途の。","Japanese Wiktionary",https://ja.wiktionary.org/wiki/homeward,"CC BY-SA 4.0",2026-08-05,2026-08-14
homicidal,"殺人の。殺人癖のある。","Japanese Wiktionary",https://ja.wiktionary.org/wiki/homicidal,"CC BY-SA 4.0",2026-08-05,2026-08-14
honest,"正直な、誠実な / 正当な / 純正な","Japanese Wiktionary",https://ja.wiktionary.org/wiki/honest,"CC BY-SA 4.0",2026-08-05,2026-08-14
honestie,"honestyの旧綴り。","Japanese Wiktionary",https://ja.wiktionary.org/wiki/honestie,"CC BY-SA 4.0",2026-08-05,2026-08-14
honestly,"正直に、実直に、包み隠さず。 / 正直なところ。 / （軽い怒りやいら立ちを含んで）まったく、まったくもう。","Japanese Wiktionary",https://ja.wiktionary.org/wiki/honestly,"CC BY-SA 4.0",2026-08-05,2026-08-14
honorable,"名誉ある。 / （道徳的に）偉い、立派な、尊敬に値する。 / 高貴な。","Japanese Wiktionary",https://ja.wiktionary.org/wiki/honorable,"CC BY-SA 4.0",2026-08-05,2026-08-14
honorably,"立派に。","Japanese Wiktionary",https://ja.wiktionary.org/wiki/honorably,"CC BY-SA 4.0",2026-08-05,2026-08-14
hooping,"hoopの現在分詞。","Japanese Wiktionary",https://ja.wiktionary.org/wiki/hooping,"CC BY-SA 4.0",2026-08-05,2026-08-14
hopefully,"希望を持って。期待して。[17世紀より] / 願わくば。[18世紀より]","Japanese Wiktionary",https://ja.wiktionary.org/wiki/hopefully,"CC BY-SA 4.0",2026-08-05,2026-08-14
hopeless,"絶望した / 絶望的な / 見込みのない","Japanese Wiktionary",https://ja.wiktionary.org/wiki/hopeless,"CC BY-SA 4.0",2026-08-05,2026-08-14
hopelessly,"望みがないことを感じながら。絶望しながら。諦めながら。 / （主に悪い状況に使って）ひどく。どうしようもないほどに。","Japanese Wiktionary",https://ja.wiktionary.org/wiki/hopelessly,"CC BY-SA 4.0",2026-08-05,2026-08-14
horizontally,"水平に、横に。","Japanese Wiktionary",https://ja.wiktionary.org/wiki/horizontally,"CC BY-SA 4.0",2026-08-05,2026-08-14
horloge,"horologeの異形。","Japanese Wiktionary",https://ja.wiktionary.org/wiki/horloge,"CC BY-SA 4.0",2026-08-05,2026-08-14
horloges,"horlogeの複数形。","Japanese Wiktionary",https://ja.wiktionary.org/wiki/horloges,"CC BY-SA 4.0",2026-08-05,2026-08-14
hornless,"角のない。","Japanese Wiktionary",https://ja.wiktionary.org/wiki/hornless,"CC BY-SA 4.0",2026-08-05,2026-08-14
horologium,"chronometer, clockに同じ。 / astronomical clockに同じ。 / horologionに同じ。","Japanese Wiktionary",https://ja.wiktionary.org/wiki/horologium,"CC BY-SA 4.0",2026-08-05,2026-08-14
horrendous,"恐ろしい。ぞっとする。 / 酷い。無茶苦茶な。","Japanese Wiktionary",https://ja.wiktionary.org/wiki/horrendous,"CC BY-SA 4.0",2026-08-05,2026-08-14
horrendously,"恐ろしく。","Japanese Wiktionary",https://ja.wiktionary.org/wiki/horrendously,"CC BY-SA 4.0",2026-08-05,2026-08-14
horrible,"恐ろしい。 / ひどい。 / 恐怖を引き起こすもの。","Japanese Wiktionary",https://ja.wiktionary.org/wiki/horrible,"CC BY-SA 4.0",2026-08-05,2026-08-14
horribly,"恐ろしく。 / 酷く。凄く。","Japanese Wiktionary",https://ja.wiktionary.org/wiki/horribly,"CC BY-SA 4.0",2026-08-05,2026-08-14
horrific,"恐ろしい。ぞっとするような。","Japanese Wiktionary",https://ja.wiktionary.org/wiki/horrific,"CC BY-SA 4.0",2026-08-05,2026-08-14
horrifically,"恐ろしく。","Japanese Wiktionary",https://ja.wiktionary.org/wiki/horrifically,"CC BY-SA 4.0",2026-08-05,2026-08-14
horrifyingly,"恐ろしいほど。","Japanese Wiktionary",https://ja.wiktionary.org/wiki/horrifyingly,"CC BY-SA 4.0",2026-08-05,2026-08-14
horticultural,"園芸（術、学）の。","Japanese Wiktionary",https://ja.wiktionary.org/wiki/horticultural,"CC BY-SA 4.0",2026-08-05,2026-08-14
hosp,"hospital（病院）の略。","Japanese Wiktionary",https://ja.wiktionary.org/wiki/hosp,"CC BY-SA 4.0",2026-08-05,2026-08-14
hospitable,"手厚くもてなす。 / （気候・環境などが）快適な。","Japanese Wiktionary",https://ja.wiktionary.org/wiki/hospitable,"CC BY-SA 4.0",2026-08-05,2026-08-14
hosteling,"""hostel"" の動名詞又は現在分詞。","Japanese Wiktionary",https://ja.wiktionary.org/wiki/hosteling,"CC BY-SA 4.0",2026-08-05,2026-08-14
hotly,"熱く / 怒って","Japanese Wiktionary",https://ja.wiktionary.org/wiki/hotly,"CC BY-SA 4.0",2026-08-05,2026-08-14
hourly,"1時間ごとの。 / 1時間ごと。","Japanese Wiktionary",https://ja.wiktionary.org/wiki/hourly,"CC BY-SA 4.0",2026-08-05,2026-08-14
housebroken,"（ペットが）用便の躾けをされた / housebreakの過去分詞","Japanese Wiktionary",https://ja.wiktionary.org/wiki/housebroken,"CC BY-SA 4.0",2026-08-05,2026-08-14
housewive,"家計をやり繰りする。","Japanese Wiktionary",https://ja.wiktionary.org/wiki/housewive,"CC BY-SA 4.0",2026-08-05,2026-08-14
hoverboard,"ホバーボード。","Japanese Wiktionary",https://ja.wiktionary.org/wiki/hoverboard,"CC BY-SA 4.0",2026-08-05,2026-08-14
how,"（程度）いくら、どのくらい。 / （方法）どのようにして。 / （感嘆文を作って）なんて。 / （方法）～の方法。","Japanese Wiktionary",https://ja.wiktionary.org/wiki/how,"CC BY-SA 4.0",2026-08-05,2026-08-14
however,"どんなに～でも / しかし、にもかかわらず / 一体どのようにして","Japanese Wiktionary",https://ja.wiktionary.org/wiki/however,"CC BY-SA 4.0",2026-08-05,2026-08-14
hugely,"非常に / 大いに","Japanese Wiktionary",https://ja.wiktionary.org/wiki/hugely,"CC BY-SA 4.0",2026-08-05,2026-08-14
huh,"（驚きや無関心）ふーん。 / （文末に置き同意を求めて）でしょう。そうでしょう。だよね。 / （米国）（聞こえなかった時）え？、何て？","Japanese Wiktionary",https://ja.wiktionary.org/wiki/huh,"CC BY-SA 4.0",2026-08-05,2026-08-14
humbly,"卑しく、謙虚に、謙遜して。","Japanese Wiktionary",https://ja.wiktionary.org/wiki/humbly,"CC BY-SA 4.0",2026-08-05,2026-08-14
humeral,"上腕骨の、肩の","Japanese Wiktionary",https://ja.wiktionary.org/wiki/humeral,"CC BY-SA 4.0",2026-08-05,2026-08-14
humid,"湿気の多い、湿度が高い。","Japanese Wiktionary",https://ja.wiktionary.org/wiki/humid,"CC BY-SA 4.0",2026-08-05,2026-08-14
humidification,"加湿。","Japanese Wiktionary",https://ja.wiktionary.org/wiki/humidification,"CC BY-SA 4.0",2026-08-05,2026-08-14
humorless,"ユーモアのない","Japanese Wiktionary",https://ja.wiktionary.org/wiki/humorless,"CC BY-SA 4.0",2026-08-05,2026-08-14
humorous,"おかしい、滑稽な、ユーモアのある。","Japanese Wiktionary",https://ja.wiktionary.org/wiki/humorous,"CC BY-SA 4.0",2026-08-05,2026-08-14
humorously,"滑稽に","Japanese Wiktionary",https://ja.wiktionary.org/wiki/humorously,"CC BY-SA 4.0",2026-08-05,2026-08-14
humourless,"humorlessの異綴。","Japanese Wiktionary",https://ja.wiktionary.org/wiki/humourless,"CC BY-SA 4.0",2026-08-05,2026-08-14
humourous,"humorousの異綴","Japanese Wiktionary",https://ja.wiktionary.org/wiki/humourous,"CC BY-SA 4.0",2026-08-05,2026-08-14
hungover,"二日酔いの。","Japanese Wiktionary",https://ja.wiktionary.org/wiki/hungover,"CC BY-SA 4.0",2026-08-05,2026-08-14
hungrily,"飢えて、がつがつと。 / 切望して。","Japanese Wiktionary",https://ja.wiktionary.org/wiki/hungrily,"CC BY-SA 4.0",2026-08-05,2026-08-14
hurlyburly,"大騒ぎ。騒動。喧噪。","Japanese Wiktionary",https://ja.wiktionary.org/wiki/hurlyburly,"CC BY-SA 4.0",2026-08-05,2026-08-14
hurriedly,"急いで。せかせかと。","Japanese Wiktionary",https://ja.wiktionary.org/wiki/hurriedly,"CC BY-SA 4.0",2026-08-05,2026-08-14
hurtful,"感情を傷つける","Japanese Wiktionary",https://ja.wiktionary.org/wiki/hurtful,"CC BY-SA 4.0",2026-08-05,2026-08-14
huskily,"ハスキーな声で。","Japanese Wiktionary",https://ja.wiktionary.org/wiki/huskily,"CC BY-SA 4.0",2026-08-05,2026-08-14
hydrochloric,"塩化水素の","Japanese Wiktionary",https://ja.wiktionary.org/wiki/hydrochloric,"CC BY-SA 4.0",2026-08-05,2026-08-14
hydrous,"含水の。","Japanese Wiktionary",https://ja.wiktionary.org/wiki/hydrous,"CC BY-SA 4.0",2026-08-05,2026-08-14
hyperbolic,"双曲線の、双曲面の、双曲の。 / 誇張法による。 / 大袈裟な、誇張された。","Japanese Wiktionary",https://ja.wiktionary.org/wiki/hyperbolic,"CC BY-SA 4.0",2026-08-05,2026-08-14
hyperlinked,"hyperlinkの過去形または過去分詞形。","Japanese Wiktionary",https://ja.wiktionary.org/wiki/hyperlinked,"CC BY-SA 4.0",2026-08-05,2026-08-14
hyperlinking,"hyperlinkの動名詞または現在分詞形。","Japanese Wiktionary",https://ja.wiktionary.org/wiki/hyperlinking,"CC BY-SA 4.0",2026-08-05,2026-08-14
hyperuricemia,"高尿酸血症。","Japanese Wiktionary",https://ja.wiktionary.org/wiki/hyperuricemia,"CC BY-SA 4.0",2026-08-05,2026-08-14
hypnotically,"催眠で。","Japanese Wiktionary",https://ja.wiktionary.org/wiki/hypnotically,"CC BY-SA 4.0",2026-08-05,2026-08-14
hypocritical,"偽善の、偽善的な、偽善者の。","Japanese Wiktionary",https://ja.wiktionary.org/wiki/hypocritical,"CC BY-SA 4.0",2026-08-05,2026-08-14
hypocritically,"""hypocritical"" の副詞形。","Japanese Wiktionary",https://ja.wiktionary.org/wiki/hypocritically,"CC BY-SA 4.0",2026-08-05,2026-08-14
hypothermic,"低体温症の。","Japanese Wiktionary",https://ja.wiktionary.org/wiki/hypothermic,"CC BY-SA 4.0",2026-08-05,2026-08-14
iatrogenic,"医原性の。","Japanese Wiktionary",https://ja.wiktionary.org/wiki/iatrogenic,"CC BY-SA 4.0",2026-08-05,2026-08-14
ibis,"鴇。","Japanese Wiktionary",https://ja.wiktionary.org/wiki/ibis,"CC BY-SA 4.0",2026-08-05,2026-08-14
icily,"冷たく。冷酷に。","Japanese Wiktionary",https://ja.wiktionary.org/wiki/icily,"CC BY-SA 4.0",2026-08-05,2026-08-14
ideally,"理想的に / 理想的には","Japanese Wiktionary",https://ja.wiktionary.org/wiki/ideally,"CC BY-SA 4.0",2026-08-05,2026-08-14
idem,"同上、同著者。","Japanese Wiktionary",https://ja.wiktionary.org/wiki/idem,"CC BY-SA 4.0",2026-08-05,2026-08-14
identical,"同一の。一致する。そっくりの。全く等しい。寸分たがわぬ。 / 交換できる。 / 恒等的な。 / 一卵性の。","Japanese Wiktionary",https://ja.wiktionary.org/wiki/identical,"CC BY-SA 4.0",2026-08-05,2026-08-14
identically,"同様に。 / 恒等である。","Japanese Wiktionary",https://ja.wiktionary.org/wiki/identically,"CC BY-SA 4.0",2026-08-05,2026-08-14
identifiable,"識別できる、同一視し得る。","Japanese Wiktionary",https://ja.wiktionary.org/wiki/identifiable,"CC BY-SA 4.0",2026-08-05,2026-08-14
ideographic,"表意文字の。","Japanese Wiktionary",https://ja.wiktionary.org/wiki/ideographic,"CC BY-SA 4.0",2026-08-05,2026-08-14
ideological,"イデオロギーの。 / 概念的な。","Japanese Wiktionary",https://ja.wiktionary.org/wiki/ideological,"CC BY-SA 4.0",2026-08-05,2026-08-14
ideologically,"イデオロギー上では。","Japanese Wiktionary",https://ja.wiktionary.org/wiki/ideologically,"CC BY-SA 4.0",2026-08-05,2026-08-14
idiomatic,"慣用的な、慣用表現の。 / 慣用表現の多い。 / 成句、慣用句。","Japanese Wiktionary",https://ja.wiktionary.org/wiki/idiomatic,"CC BY-SA 4.0",2026-08-05,2026-08-14
idiosyncratic,"特異な / 奇妙な","Japanese Wiktionary",https://ja.wiktionary.org/wiki/idiosyncratic,"CC BY-SA 4.0",2026-08-05,2026-08-14
idyllic,"牧歌的な。長閑な。 / 牧歌的な状況。","Japanese Wiktionary",https://ja.wiktionary.org/wiki/idyllic,"CC BY-SA 4.0",2026-08-05,2026-08-14
if,"もし～なら。副詞節を作る。if 節および主節の法は直説法または仮定法となる。 / たとえ～でも。副詞節を作る。if 節および主節の法は直説法または仮定法となる。 / ～かどうか。名詞節を作る。 / 仮定","Japanese Wiktionary",https://ja.wiktionary.org/wiki/if,"CC BY-SA 4.0",2026-08-05,2026-08-14
iffy,"怪しげな。疑わしい。 / 不確かな。あやふやな。","Japanese Wiktionary",https://ja.wiktionary.org/wiki/iffy,"CC BY-SA 4.0",2026-08-05,2026-08-14
igneous,"火のような。 / 火成の。","Japanese Wiktionary",https://ja.wiktionary.org/wiki/igneous,"CC BY-SA 4.0",2026-08-05,2026-08-14
ignoble,"平民の、普通の、平凡な。 / 下賤の、下品な、卑しい。","Japanese Wiktionary",https://ja.wiktionary.org/wiki/ignoble,"CC BY-SA 4.0",2026-08-05,2026-08-14
ignominious,"恥ずべき、不名誉な","Japanese Wiktionary",https://ja.wiktionary.org/wiki/ignominious,"CC BY-SA 4.0",2026-08-05,2026-08-14
ignominiously,"不名誉にも","Japanese Wiktionary",https://ja.wiktionary.org/wiki/ignominiously,"CC BY-SA 4.0",2026-08-05,2026-08-14
ilea,"ileumの複数形。","Japanese Wiktionary",https://ja.wiktionary.org/wiki/ilea,"CC BY-SA 4.0",2026-08-05,2026-08-14
iliac,"腸骨の。","Japanese Wiktionary",https://ja.wiktionary.org/wiki/iliac,"CC BY-SA 4.0",2026-08-05,2026-08-14
illegally,"不法に、違法に。","Japanese Wiktionary",https://ja.wiktionary.org/wiki/illegally,"CC BY-SA 4.0",2026-08-05,2026-08-14
illegible,"（字が）汚い。読みにくい。判読しにくい。","Japanese Wiktionary",https://ja.wiktionary.org/wiki/illegible,"CC BY-SA 4.0",2026-08-05,2026-08-14
illicitly,"不法に、不正に。","Japanese Wiktionary",https://ja.wiktionary.org/wiki/illicitly,"CC BY-SA 4.0",2026-08-05,2026-08-14
illogical,"非論理的な。不合理な。","Japanese Wiktionary",https://ja.wiktionary.org/wiki/illogical,"CC BY-SA 4.0",2026-08-05,2026-08-14
illogically,"非論理的に。不合理に。","Japanese Wiktionary",https://ja.wiktionary.org/wiki/illogically,"CC BY-SA 4.0",2026-08-05,2026-08-14
illusory,"幻想の。幻影の。架空の。","Japanese Wiktionary",https://ja.wiktionary.org/wiki/illusory,"CC BY-SA 4.0",2026-08-05,2026-08-14
illustrative,"実例となる、例証となる。","Japanese Wiktionary",https://ja.wiktionary.org/wiki/illustrative,"CC BY-SA 4.0",2026-08-05,2026-08-14
illustrious,"著名な。有名な。 / 堂々とした。輝かしい。名誉ある。 / 光り輝く。明白な。","Japanese Wiktionary",https://ja.wiktionary.org/wiki/illustrious,"CC BY-SA 4.0",2026-08-05,2026-08-14
ima,"Immaの異綴。","Japanese Wiktionary",https://ja.wiktionary.org/wiki/ima,"CC BY-SA 4.0",2026-08-05,2026-08-14
imaginable,"想像できる、考えられる。","Japanese Wiktionary",https://ja.wiktionary.org/wiki/imaginable,"CC BY-SA 4.0",2026-08-05,2026-08-14
imaginative,"想像の、想像力のある / 創意に富む、斬新な","Japanese Wiktionary",https://ja.wiktionary.org/wiki/imaginative,"CC BY-SA 4.0",2026-08-05,2026-08-14
imaginatively,"想像力豊かに","Japanese Wiktionary",https://ja.wiktionary.org/wiki/imaginatively,"CC BY-SA 4.0",2026-08-05,2026-08-14
imitative,"模倣的な、二番煎じの、まねる傾向を持つ。","Japanese Wiktionary",https://ja.wiktionary.org/wiki/imitative,"CC BY-SA 4.0",2026-08-05,2026-08-14
immaculate,"染みひとつない。清潔な。純潔な。欠点のない。 / 斑点のない。","Japanese Wiktionary",https://ja.wiktionary.org/wiki/immaculate,"CC BY-SA 4.0",2026-08-05,2026-08-14
immaculately,"染みひとつなく。清潔に。純潔に。無垢に。 / 完璧に。","Japanese Wiktionary",https://ja.wiktionary.org/wiki/immaculately,"CC BY-SA 4.0",2026-08-05,2026-08-14
immeasurable,"計り知れない、限りない、無限の / 計り知れないもの","Japanese Wiktionary",https://ja.wiktionary.org/wiki/immeasurable,"CC BY-SA 4.0",2026-08-05,2026-08-14
immeasurably,"計り知れないほど","Japanese Wiktionary",https://ja.wiktionary.org/wiki/immeasurably,"CC BY-SA 4.0",2026-08-05,2026-08-14
immediate,"即時の、即刻の、即座の。 / 当面の。 / 直接の。 / 近い、近接の。","Japanese Wiktionary",https://ja.wiktionary.org/wiki/immediate,"CC BY-SA 4.0",2026-08-05,2026-08-14
immediately,"直ぐに。 / 直接に。 / ～すると直ぐに。","Japanese Wiktionary",https://ja.wiktionary.org/wiki/immediately,"CC BY-SA 4.0",2026-08-05,2026-08-14
immense,"巨大な、莫大な。","Japanese Wiktionary",https://ja.wiktionary.org/wiki/immense,"CC BY-SA 4.0",2026-08-05,2026-08-14
immensely,"大変、かなり、とても。","Japanese Wiktionary",https://ja.wiktionary.org/wiki/immensely,"CC BY-SA 4.0",2026-08-05,2026-08-14
imminently,"差し迫って。切迫して。","Japanese Wiktionary",https://ja.wiktionary.org/wiki/imminently,"CC BY-SA 4.0",2026-08-05,2026-08-14
immoderate,"節度のない、過度の、法外な","Japanese Wiktionary",https://ja.wiktionary.org/wiki/immoderate,"CC BY-SA 4.0",2026-08-05,2026-08-14
immodest,"無遠慮な、厚かましい。","Japanese Wiktionary",https://ja.wiktionary.org/wiki/immodest,"CC BY-SA 4.0",2026-08-05,2026-08-14
immoral,"不道徳な。","Japanese Wiktionary",https://ja.wiktionary.org/wiki/immoral,"CC BY-SA 4.0",2026-08-05,2026-08-14
impartial,"公平な。公正な。中立の。偏らない。","Japanese Wiktionary",https://ja.wiktionary.org/wiki/impartial,"CC BY-SA 4.0",2026-08-05,2026-08-14
impartially,"公平に。","Japanese Wiktionary",https://ja.wiktionary.org/wiki/impartially,"CC BY-SA 4.0",2026-08-05,2026-08-14
impassable,"通行できない、渡れない","Japanese Wiktionary",https://ja.wiktionary.org/wiki/impassable,"CC BY-SA 4.0",2026-08-05,2026-08-14
impassion,"感激させる、興奮させる","Japanese Wiktionary",https://ja.wiktionary.org/wiki/impassion,"CC BY-SA 4.0",2026-08-05,2026-08-14
impassioned,"情熱の込もった。熱烈な。 / impassionの過去形・過去分詞。","Japanese Wiktionary",https://ja.wiktionary.org/wiki/impassioned,"CC BY-SA 4.0",2026-08-05,2026-08-14
impatient,"せっかちな。 / もどかしい。何かをしたくてうずうずしている。 / せかされて。性急な。いらついた。 / 耐えられない。","Japanese Wiktionary",https://ja.wiktionary.org/wiki/impatient,"CC BY-SA 4.0",2026-08-05,2026-08-14
impatiently,"性急に、あわてて。","Japanese Wiktionary",https://ja.wiktionary.org/wiki/impatiently,"CC BY-SA 4.0",2026-08-05,2026-08-14
impeccable,"完璧な、申し分ない。 / 無垢な。","Japanese Wiktionary",https://ja.wiktionary.org/wiki/impeccable,"CC BY-SA 4.0",2026-08-05,2026-08-14
impeccably,"完璧に、申し分なく。","Japanese Wiktionary",https://ja.wiktionary.org/wiki/impeccably,"CC BY-SA 4.0",2026-08-05,2026-08-14
imperceptible,"僅かな、気付かないほどの。 / 知覚できない。","Japanese Wiktionary",https://ja.wiktionary.org/wiki/imperceptible,"CC BY-SA 4.0",2026-08-05,2026-08-14
imperceptibly,"僅かに、気付かないほどに。 / 知らず知らず、いつの間にか。","Japanese Wiktionary",https://ja.wiktionary.org/wiki/imperceptibly,"CC BY-SA 4.0",2026-08-05,2026-08-14
imperfectly,"不完全に","Japanese Wiktionary",https://ja.wiktionary.org/wiki/imperfectly,"CC BY-SA 4.0",2026-08-05,2026-08-14
imperiled,"絶滅危惧の。 / imperilの過去形・過去分詞。","Japanese Wiktionary",https://ja.wiktionary.org/wiki/imperiled,"CC BY-SA 4.0",2026-08-05,2026-08-14
impersonal,"客観的な。一般的な。 / 人間味のない。 / 非人称の。","Japanese Wiktionary",https://ja.wiktionary.org/wiki/impersonal,"CC BY-SA 4.0",2026-08-05,2026-08-14
impersonally,"客観的に。一般的に。","Japanese Wiktionary",https://ja.wiktionary.org/wiki/impersonally,"CC BY-SA 4.0",2026-08-05,2026-08-14
impertinent,"生意気な、無礼な、無作法な。 / 生意気な人、無礼な人。","Japanese Wiktionary",https://ja.wiktionary.org/wiki/impertinent,"CC BY-SA 4.0",2026-08-05,2026-08-14
impetuous,"衝動的な。性急な。せっかちな。 / 激しい。猛烈な。","Japanese Wiktionary",https://ja.wiktionary.org/wiki/impetuous,"CC BY-SA 4.0",2026-08-05,2026-08-14
impetuously,"衝動的に。性急に。せっかちに。 / 激しく。猛烈に。","Japanese Wiktionary",https://ja.wiktionary.org/wiki/impetuously,"CC BY-SA 4.0",2026-08-05,2026-08-14
impious,"不信心な、不敬な、不遜な。","Japanese Wiktionary",https://ja.wiktionary.org/wiki/impious,"CC BY-SA 4.0",2026-08-05,2026-08-14
impish,"腕白な。悪戯好きな。","Japanese Wiktionary",https://ja.wiktionary.org/wiki/impish,"CC BY-SA 4.0",2026-08-05,2026-08-14
implausible,"信じがたい、ありそうにない","Japanese Wiktionary",https://ja.wiktionary.org/wiki/implausible,"CC BY-SA 4.0",2026-08-05,2026-08-14
implausibly,"信じがたく、ありそうになく","Japanese Wiktionary",https://ja.wiktionary.org/wiki/implausibly,"CC BY-SA 4.0",2026-08-05,2026-08-14
implicit,"暗黙の。 / 潜在する、内在する。 / 絶対の。","Japanese Wiktionary",https://ja.wiktionary.org/wiki/implicit,"CC BY-SA 4.0",2026-08-05,2026-08-14
implicitly,"暗に。暗黙のうちに。","Japanese Wiktionary",https://ja.wiktionary.org/wiki/implicitly,"CC BY-SA 4.0",2026-08-05,2026-08-14
impolite,"無礼な、失礼な、生意気な。","Japanese Wiktionary",https://ja.wiktionary.org/wiki/impolite,"CC BY-SA 4.0",2026-08-05,2026-08-14
important,"重要な。肝腎な。大事な。大切な。 / 横柄な。偉そうな。","Japanese Wiktionary",https://ja.wiktionary.org/wiki/important,"CC BY-SA 4.0",2026-08-05,2026-08-14
importantly,"重大に。 / 顕著に。","Japanese Wiktionary",https://ja.wiktionary.org/wiki/importantly,"CC BY-SA 4.0",2026-08-05,2026-08-14
importunate,"（要求が）しつこい。 / （人について）しつこく要求する。 / しつこくせがむ（importune）。","Japanese Wiktionary",https://ja.wiktionary.org/wiki/importunate,"CC BY-SA 4.0",2026-08-05,2026-08-14
impossibly,"不可能な程 / 途方もなく","Japanese Wiktionary",https://ja.wiktionary.org/wiki/impossibly,"CC BY-SA 4.0",2026-08-05,2026-08-14
impotent,"無力な。 / （男性が）性交不能の。インポテンツの。","Japanese Wiktionary",https://ja.wiktionary.org/wiki/impotent,"CC BY-SA 4.0",2026-08-05,2026-08-14
impracticable,"実行不可能な。 / 通行不能な。 / 手に負えない。 / 手に負えない人。","Japanese Wiktionary",https://ja.wiktionary.org/wiki/impracticable,"CC BY-SA 4.0",2026-08-05,2026-08-14
impractical,"実務能力のない。 / 現実的でない。実用的でない。","Japanese Wiktionary",https://ja.wiktionary.org/wiki/impractical,"CC BY-SA 4.0",2026-08-05,2026-08-14
imprecise,"不正確な。不明確な。曖昧な。","Japanese Wiktionary",https://ja.wiktionary.org/wiki/imprecise,"CC BY-SA 4.0",2026-08-05,2026-08-14
imprecisely,"不正確に。","Japanese Wiktionary",https://ja.wiktionary.org/wiki/imprecisely,"CC BY-SA 4.0",2026-08-05,2026-08-14
impresa,"（盾の）紋章。","Japanese Wiktionary",https://ja.wiktionary.org/wiki/impresa,"CC BY-SA 4.0",2026-08-05,2026-08-14
imprese,"（盾の）紋章。","Japanese Wiktionary",https://ja.wiktionary.org/wiki/imprese,"CC BY-SA 4.0",2026-08-05,2026-08-14
impressive,"強い印象を与える","Japanese Wiktionary",https://ja.wiktionary.org/wiki/impressive,"CC BY-SA 4.0",2026-08-05,2026-08-14
impressively,"印象的に","Japanese Wiktionary",https://ja.wiktionary.org/wiki/impressively,"CC BY-SA 4.0",2026-08-05,2026-08-14
impressum,"奥付。著作権利者情報。","Japanese Wiktionary",https://ja.wiktionary.org/wiki/impressum,"CC BY-SA 4.0",2026-08-05,2026-08-14
imprimis,"最初に。","Japanese Wiktionary",https://ja.wiktionary.org/wiki/imprimis,"CC BY-SA 4.0",2026-08-05,2026-08-14
improper,"そぐわない。相応しくない。不適切な。不適当な。 / 誤った。 / 無礼な。 / 約する。 / 無礼に振舞う。","Japanese Wiktionary",https://ja.wiktionary.org/wiki/improper,"CC BY-SA 4.0",2026-08-05,2026-08-14
improperly,"不適当に。 / 誤って。","Japanese Wiktionary",https://ja.wiktionary.org/wiki/improperly,"CC BY-SA 4.0",2026-08-05,2026-08-14
imprudent,"軽率な、無分別な。","Japanese Wiktionary",https://ja.wiktionary.org/wiki/imprudent,"CC BY-SA 4.0",2026-08-05,2026-08-14
imprudently,"軽率に。無分別に。","Japanese Wiktionary",https://ja.wiktionary.org/wiki/imprudently,"CC BY-SA 4.0",2026-08-05,2026-08-14
impudent,"厚かましい、ずうずうしい。","Japanese Wiktionary",https://ja.wiktionary.org/wiki/impudent,"CC BY-SA 4.0",2026-08-05,2026-08-14
impudently,"厚かましくも。ずうずうしく。","Japanese Wiktionary",https://ja.wiktionary.org/wiki/impudently,"CC BY-SA 4.0",2026-08-05,2026-08-14
impure,"不純物の混じった。 / 不純な。 / 不道徳な。","Japanese Wiktionary",https://ja.wiktionary.org/wiki/impure,"CC BY-SA 4.0",2026-08-05,2026-08-14
imputable,"（責任などを）負わせられる、帰することの出来る、起因する。","Japanese Wiktionary",https://ja.wiktionary.org/wiki/imputable,"CC BY-SA 4.0",2026-08-05,2026-08-14
inaccurate,"不正確な、誤った。","Japanese Wiktionary",https://ja.wiktionary.org/wiki/inaccurate,"CC BY-SA 4.0",2026-08-05,2026-08-14
inaccurately,"不正確に、誤って。","Japanese Wiktionary",https://ja.wiktionary.org/wiki/inaccurately,"CC BY-SA 4.0",2026-08-05,2026-08-14
inactive,"活動していない。休眠中の。（＊久暫を問わない） / 不活発な。活気が無い。鈍い。 / 怠惰な。行動的ではない。 / 機能していない。 / 退役した。 / 不活性の。 / 放射能がない。","Japanese Wiktionary",https://ja.wiktionary.org/wiki/inactive,"CC BY-SA 4.0",2026-08-05,2026-08-14
inadvertent,"不注意な。軽率な。慎重さを欠いた。","Japanese Wiktionary",https://ja.wiktionary.org/wiki/inadvertent,"CC BY-SA 4.0",2026-08-05,2026-08-14
inadvertently,"不注意に。うっかり。","Japanese Wiktionary",https://ja.wiktionary.org/wiki/inadvertently,"CC BY-SA 4.0",2026-08-05,2026-08-14
inadvisable,"勧められない。賢明でない。","Japanese Wiktionary",https://ja.wiktionary.org/wiki/inadvisable,"CC BY-SA 4.0",2026-08-05,2026-08-14
inane,"無意味な、くだらない。 / 空虚なもの。","Japanese Wiktionary",https://ja.wiktionary.org/wiki/inane,"CC BY-SA 4.0",2026-08-05,2026-08-14
inanely,"意味もなく","Japanese Wiktionary",https://ja.wiktionary.org/wiki/inanely,"CC BY-SA 4.0",2026-08-05,2026-08-14
inappropriate,"場違いな、相応しくない、そぐわない、不適切な、不相応な、妥当でない。","Japanese Wiktionary",https://ja.wiktionary.org/wiki/inappropriate,"CC BY-SA 4.0",2026-08-05,2026-08-14
inappropriately,"不適切に、不相応に、相応しくなく。","Japanese Wiktionary",https://ja.wiktionary.org/wiki/inappropriately,"CC BY-SA 4.0",2026-08-05,2026-08-14
inapt,"不適切な、ふさわしくない","Japanese Wiktionary",https://ja.wiktionary.org/wiki/inapt,"CC BY-SA 4.0",2026-08-05,2026-08-14
inari,"稲荷。","Japanese Wiktionary",https://ja.wiktionary.org/wiki/inari,"CC BY-SA 4.0",2026-08-05,2026-08-14
inasmuch,"（成句""inasmuch as""で）～であるから。","Japanese Wiktionary",https://ja.wiktionary.org/wiki/inasmuch,"CC BY-SA 4.0",2026-08-05,2026-08-14
inattentive,"不注意な、怠慢な","Japanese Wiktionary",https://ja.wiktionary.org/wiki/inattentive,"CC BY-SA 4.0",2026-08-05,2026-08-14
inaudible,"耳に聞こえない。聞き取れない。静かな。","Japanese Wiktionary",https://ja.wiktionary.org/wiki/inaudible,"CC BY-SA 4.0",2026-08-05,2026-08-14
inaudibly,"聞き取れないように、静かに。","Japanese Wiktionary",https://ja.wiktionary.org/wiki/inaudibly,"CC BY-SA 4.0",2026-08-05,2026-08-14
inauspicious,"不吉な、不運な、縁起の悪い。","Japanese Wiktionary",https://ja.wiktionary.org/wiki/inauspicious,"CC BY-SA 4.0",2026-08-05,2026-08-14
inborn,"生まれつきの。生来の。天性の。先天的な。","Japanese Wiktionary",https://ja.wiktionary.org/wiki/inborn,"CC BY-SA 4.0",2026-08-05,2026-08-14
inbound,"市内（国内）に向かう / アメリカ合衆国行きの / （バスケットボールで）コート内に戻す","Japanese Wiktionary",https://ja.wiktionary.org/wiki/inbound,"CC BY-SA 4.0",2026-08-05,2026-08-14
inbred,"生まれつきの、生来の。 / 近親交配の。 / inbreedの過去形・過去分詞。","Japanese Wiktionary",https://ja.wiktionary.org/wiki/inbred,"CC BY-SA 4.0",2026-08-05,2026-08-14
incalculable,"計れない、計算できない。 / 桁外れの、計り知れない、篦棒な、莫大な、ばかでかい。 / 予測が付かない。気紛れな。","Japanese Wiktionary",https://ja.wiktionary.org/wiki/incalculable,"CC BY-SA 4.0",2026-08-05,2026-08-14
incapable,"～できない。無理な。不能な。 / 無縁な。無関係な。ある物事を拒む。","Japanese Wiktionary",https://ja.wiktionary.org/wiki/incapable,"CC BY-SA 4.0",2026-08-05,2026-08-14
incautious,"不注意な","Japanese Wiktionary",https://ja.wiktionary.org/wiki/incautious,"CC BY-SA 4.0",2026-08-05,2026-08-14
incentivise,"incentivizeの異綴。[20世紀より]","Japanese Wiktionary",https://ja.wiktionary.org/wiki/incentivise,"CC BY-SA 4.0",2026-08-05,2026-08-14
incentivised,"incentiviseの過去形・過去分詞。","Japanese Wiktionary",https://ja.wiktionary.org/wiki/incentivised,"CC BY-SA 4.0",2026-08-05,2026-08-14
incentivize,"励ます、奨励する、動機を与える。","Japanese Wiktionary",https://ja.wiktionary.org/wiki/incentivize,"CC BY-SA 4.0",2026-08-05,2026-08-14
incentivized,"incentivizeの過去形・過去分詞。","Japanese Wiktionary",https://ja.wiktionary.org/wiki/incentivized,"CC BY-SA 4.0",2026-08-05,2026-08-14
incessant,"絶え間ない、間断のない。","Japanese Wiktionary",https://ja.wiktionary.org/wiki/incessant,"CC BY-SA 4.0",2026-08-05,2026-08-14
incessantly,"絶え間なく、ひっきりなしに。 / 即座に。","Japanese Wiktionary",https://ja.wiktionary.org/wiki/incessantly,"CC BY-SA 4.0",2026-08-05,2026-08-14
incestuous,"近親相姦の。 / （関係などが）親密な、排他的な。","Japanese Wiktionary",https://ja.wiktionary.org/wiki/incestuous,"CC BY-SA 4.0",2026-08-05,2026-08-14
inchoate,"始まったばかりの、初期の、不完全な。 / 混乱した。 / 未終結の。 / 始め。 / 始める。 / 引き起こす。 / 始まる。","Japanese Wiktionary",https://ja.wiktionary.org/wiki/inchoate,"CC BY-SA 4.0",2026-08-05,2026-08-14
incidentally,"付随的に / 偶然に / たまたま / ところで","Japanese Wiktionary",https://ja.wiktionary.org/wiki/incidentally,"CC BY-SA 4.0",2026-08-05,2026-08-14
incisive,"的確な。 / 痛烈な。辛辣な。 / 鋭敏な。 / 鋭い。鋭利な。 / 門歯の。","Japanese Wiktionary",https://ja.wiktionary.org/wiki/incisive,"CC BY-SA 4.0",2026-08-05,2026-08-14
inclusive,"全てを含んだ、包括的な。 / （範囲が）両端を含んだ。 / 包括の。 / 開かれた、開放的な。","Japanese Wiktionary",https://ja.wiktionary.org/wiki/inclusive,"CC BY-SA 4.0",2026-08-05,2026-08-14
inclusively,"包括的に。","Japanese Wiktionary",https://ja.wiktionary.org/wiki/inclusively,"CC BY-SA 4.0",2026-08-05,2026-08-14
inclusiveness,"包括性。","Japanese Wiktionary",https://ja.wiktionary.org/wiki/inclusiveness,"CC BY-SA 4.0",2026-08-05,2026-08-14
inclusivity,"包括性。","Japanese Wiktionary",https://ja.wiktionary.org/wiki/inclusivity,"CC BY-SA 4.0",2026-08-05,2026-08-14
incoherent,"辻褄の合わない、支離滅裂の、一貫しない。 / 纏まりのない、ばらばらの。","Japanese Wiktionary",https://ja.wiktionary.org/wiki/incoherent,"CC BY-SA 4.0",2026-08-05,2026-08-14
incoherently,"支離滅裂に。","Japanese Wiktionary",https://ja.wiktionary.org/wiki/incoherently,"CC BY-SA 4.0",2026-08-05,2026-08-14
incomparable,"比類のない、ずば抜けた / （まれ）比較できない","Japanese Wiktionary",https://ja.wiktionary.org/wiki/incomparable,"CC BY-SA 4.0",2026-08-05,2026-08-14
incomparably,"比較にならないほど、ずば抜けて","Japanese Wiktionary",https://ja.wiktionary.org/wiki/incomparably,"CC BY-SA 4.0",2026-08-05,2026-08-14
incomplete,"不十分な、不完全な、欠損している。 / 未完の、中途半端な、途中の。","Japanese Wiktionary",https://ja.wiktionary.org/wiki/incomplete,"CC BY-SA 4.0",2026-08-05,2026-08-14
incompletely,"不十分に、不完全に。 / 途中のまま、未完のまま。","Japanese Wiktionary",https://ja.wiktionary.org/wiki/incompletely,"CC BY-SA 4.0",2026-08-05,2026-08-14
incomprehensible,"不可解な / 理解できない","Japanese Wiktionary",https://ja.wiktionary.org/wiki/incomprehensible,"CC BY-SA 4.0",2026-08-05,2026-08-14
incomprehensibly,"不可解に。","Japanese Wiktionary",https://ja.wiktionary.org/wiki/incomprehensibly,"CC BY-SA 4.0",2026-08-05,2026-08-14
incongruous,"不釣り合いな、不調和な、一致しない、ちぐはぐな、場違いの、不適当な。","Japanese Wiktionary",https://ja.wiktionary.org/wiki/incongruous,"CC BY-SA 4.0",2026-08-05,2026-08-14
incongruously,"不釣り合いに、一致しないで、場違いに、不条理に。","Japanese Wiktionary",https://ja.wiktionary.org/wiki/incongruously,"CC BY-SA 4.0",2026-08-05,2026-08-14
inconnu,"インコニュー。","Japanese Wiktionary",https://ja.wiktionary.org/wiki/inconnu,"CC BY-SA 4.0",2026-08-05,2026-08-14
inconsequential,"取るに足らない、重要でない。 / 論理的でない。 / 取るに足らないもの。","Japanese Wiktionary",https://ja.wiktionary.org/wiki/inconsequential,"CC BY-SA 4.0",2026-08-05,2026-08-14
inconsiderable,"僅かな、取るに足りない。","Japanese Wiktionary",https://ja.wiktionary.org/wiki/inconsiderable,"CC BY-SA 4.0",2026-08-05,2026-08-14
inconsiderate,"思い遣りのない。","Japanese Wiktionary",https://ja.wiktionary.org/wiki/inconsiderate,"CC BY-SA 4.0",2026-08-05,2026-08-14
inconsistent,"一致しない、一貫していない、ちぐはぐの、矛盾した。 / 相容れない、調和しない、相性が悪い。","Japanese Wiktionary",https://ja.wiktionary.org/wiki/inconsistent,"CC BY-SA 4.0",2026-08-05,2026-08-14
inconstant,"気紛れな、変わりやすい。","Japanese Wiktionary",https://ja.wiktionary.org/wiki/inconstant,"CC BY-SA 4.0",2026-08-05,2026-08-14
incontinent,"(しばしば、ofを後置し) ～を我慢できない。 / 便意や尿意を抑えられない。 / 道徳的・性的な抑制力のない。 / 絶え間ない。 / (廃語) 自制が効かない人。","Japanese Wiktionary",https://ja.wiktionary.org/wiki/incontinent,"CC BY-SA 4.0",2026-08-05,2026-08-14
inconvenient,"厄介な。面倒な。不便な。都合の悪い。迷惑な。","Japanese Wiktionary",https://ja.wiktionary.org/wiki/inconvenient,"CC BY-SA 4.0",2026-08-05,2026-08-14
inconveniently,"不便に / 不都合に","Japanese Wiktionary",https://ja.wiktionary.org/wiki/inconveniently,"CC BY-SA 4.0",2026-08-05,2026-08-14
incorrectly,"間違って。 / 不適切に。","Japanese Wiktionary",https://ja.wiktionary.org/wiki/incorrectly,"CC BY-SA 4.0",2026-08-05,2026-08-14
increasingly,"段段、徐徐に、ますます、いよいよ。","Japanese Wiktionary",https://ja.wiktionary.org/wiki/increasingly,"CC BY-SA 4.0",2026-08-05,2026-08-14
incredible,"信じられない。 / 素晴らしい。","Japanese Wiktionary",https://ja.wiktionary.org/wiki/incredible,"CC BY-SA 4.0",2026-08-05,2026-08-14
incredibly,"信じられない程。 / 非常に。","Japanese Wiktionary",https://ja.wiktionary.org/wiki/incredibly,"CC BY-SA 4.0",2026-08-05,2026-08-14
incredulous,"容易にだまされない、疑い深い。 / 疑う様子を見せて、怪訝な。 / 信じがたい。","Japanese Wiktionary",https://ja.wiktionary.org/wiki/incredulous,"CC BY-SA 4.0",2026-08-05,2026-08-14
incredulously,"疑い深く、怪訝に。","Japanese Wiktionary",https://ja.wiktionary.org/wiki/incredulously,"CC BY-SA 4.0",2026-08-05,2026-08-14
incurably,"治せないほど。治療できないほど。","Japanese Wiktionary",https://ja.wiktionary.org/wiki/incurably,"CC BY-SA 4.0",2026-08-05,2026-08-14
indebted,"indebtの過去形・過去分詞。 / 恩を受けている。恩義がある。 / 借金がある。負債がある。","Japanese Wiktionary",https://ja.wiktionary.org/wiki/indebted,"CC BY-SA 4.0",2026-08-05,2026-08-14
indecent,"無作法な、下品な、卑猥な、淫らな。 / （量などが）不適当な。","Japanese Wiktionary",https://ja.wiktionary.org/wiki/indecent,"CC BY-SA 4.0",2026-08-05,2026-08-14
indecently,"無作法に、下品に、卑猥に、淫らに。","Japanese Wiktionary",https://ja.wiktionary.org/wiki/indecently,"CC BY-SA 4.0",2026-08-05,2026-08-14
indecisive,"優柔不断の。 / 決着のつかない。","Japanese Wiktionary",https://ja.wiktionary.org/wiki/indecisive,"CC BY-SA 4.0",2026-08-05,2026-08-14
indeed,"本当に。 / 実は。 / （譲歩）確かに。 / まさか、へえ。","Japanese Wiktionary",https://ja.wiktionary.org/wiki/indeed,"CC BY-SA 4.0",2026-08-05,2026-08-14
indefensible,"防御できない。 / 弁護の余地のない。正当化できない。","Japanese Wiktionary",https://ja.wiktionary.org/wiki/indefensible,"CC BY-SA 4.0",2026-08-05,2026-08-14
indefinite,"無期限の / 曖昧な、漠然とした / （文法）不定の","Japanese Wiktionary",https://ja.wiktionary.org/wiki/indefinite,"CC BY-SA 4.0",2026-08-05,2026-08-14
indefinitely,"永遠に、無期限に、無制限に、長期に亘って。 / 不明瞭に。","Japanese Wiktionary",https://ja.wiktionary.org/wiki/indefinitely,"CC BY-SA 4.0",2026-08-05,2026-08-14
indelible,"消えない、消せない。 / 忘れられない。","Japanese Wiktionary",https://ja.wiktionary.org/wiki/indelible,"CC BY-SA 4.0",2026-08-05,2026-08-14
indelibly,"消えないように。 / 忘れられずに。","Japanese Wiktionary",https://ja.wiktionary.org/wiki/indelibly,"CC BY-SA 4.0",2026-08-05,2026-08-14
independently,"自立して。 / 独立して。","Japanese Wiktionary",https://ja.wiktionary.org/wiki/independently,"CC BY-SA 4.0",2026-08-05,2026-08-14
indestructible,"壊せない。破壊できない。丈夫な。","Japanese Wiktionary",https://ja.wiktionary.org/wiki/indestructible,"CC BY-SA 4.0",2026-08-05,2026-08-14
indeterminable,"確定できない。確認できない。解決できない。 / 確定できないもの。","Japanese Wiktionary",https://ja.wiktionary.org/wiki/indeterminable,"CC BY-SA 4.0",2026-08-05,2026-08-14
indeterminate,"確定できない、不確定な。 / 漠然とした、明瞭でない。 / 不定の。 / 無限花序の。 / 変数。","Japanese Wiktionary",https://ja.wiktionary.org/wiki/indeterminate,"CC BY-SA 4.0",2026-08-05,2026-08-14
indice,"索引、目録。 / 表示、指示。","Japanese Wiktionary",https://ja.wiktionary.org/wiki/indice,"CC BY-SA 4.0",2026-08-05,2026-08-14
indictable,"起訴されるべき。","Japanese Wiktionary",https://ja.wiktionary.org/wiki/indictable,"CC BY-SA 4.0",2026-08-05,2026-08-14
indifferent,"公平な。公正な。偏見を持たない。 / 無関心な。冷淡な。よそよそしい。どこ吹く風の。 / どちらでもいい。賛成も反対もしない。 / 人並の。凡庸な。へたな。 / 質や量が大したことのない。 / 中性の。 / 無関心な人。 / まあまあ。ほどほどに。","Japanese Wiktionary",https://ja.wiktionary.org/wiki/indifferent,"CC BY-SA 4.0",2026-08-05,2026-08-14
indifferently,"無関心に。無頓着に。冷淡に。 / そこそこに。","Japanese Wiktionary",https://ja.wiktionary.org/wiki/indifferently,"CC BY-SA 4.0",2026-08-05,2026-08-14
indignant,"怒った。憤慨した。","Japanese Wiktionary",https://ja.wiktionary.org/wiki/indignant,"CC BY-SA 4.0",2026-08-05,2026-08-14
indignantly,"怒って。憤慨して。","Japanese Wiktionary",https://ja.wiktionary.org/wiki/indignantly,"CC BY-SA 4.0",2026-08-05,2026-08-14
indirect,"間接的な、他者を介した。 / 真っ直ぐでない、遠回りの。 / 遠回しの、婉曲的な。","Japanese Wiktionary",https://ja.wiktionary.org/wiki/indirect,"CC BY-SA 4.0",2026-08-05,2026-08-14
indirectly,"間接的に、遠回しに。","Japanese Wiktionary",https://ja.wiktionary.org/wiki/indirectly,"CC BY-SA 4.0",2026-08-05,2026-08-14
indiscreet,"(秘密を他人に漏らすなど) 分別がない、迂闊な、軽はずみな。","Japanese Wiktionary",https://ja.wiktionary.org/wiki/indiscreet,"CC BY-SA 4.0",2026-08-05,2026-08-14
indiscriminately,"無差別に。 / 見境なく。","Japanese Wiktionary",https://ja.wiktionary.org/wiki/indiscriminately,"CC BY-SA 4.0",2026-08-05,2026-08-14
indisputable,"議論の余地のない、明白な。","Japanese Wiktionary",https://ja.wiktionary.org/wiki/indisputable,"CC BY-SA 4.0",2026-08-05,2026-08-14
indisputably,"議論の余地なく、明白に。","Japanese Wiktionary",https://ja.wiktionary.org/wiki/indisputably,"CC BY-SA 4.0",2026-08-05,2026-08-14
indistinct,"ぼんやりとした / 不明瞭な","Japanese Wiktionary",https://ja.wiktionary.org/wiki/indistinct,"CC BY-SA 4.0",2026-08-05,2026-08-14
indistinctly,"ぼんやりと / 不明瞭に","Japanese Wiktionary",https://ja.wiktionary.org/wiki/indistinctly,"CC BY-SA 4.0",2026-08-05,2026-08-14
indolent,"怠惰な、無精な","Japanese Wiktionary",https://ja.wiktionary.org/wiki/indolent,"CC BY-SA 4.0",2026-08-05,2026-08-14
indubitably,"明らかに、確かに","Japanese Wiktionary",https://ja.wiktionary.org/wiki/indubitably,"CC BY-SA 4.0",2026-08-05,2026-08-14
indulgent,"寛大な。甘い。","Japanese Wiktionary",https://ja.wiktionary.org/wiki/indulgent,"CC BY-SA 4.0",2026-08-05,2026-08-14
indulgently,"寛大に。甘やかして。","Japanese Wiktionary",https://ja.wiktionary.org/wiki/indulgently,"CC BY-SA 4.0",2026-08-05,2026-08-14
industrial,"産業の、工業の。 / 産業に従事する。 / 産業が高度に発達した。 / 産業労働者。 / 工業製品 / 産業社債。","Japanese Wiktionary",https://ja.wiktionary.org/wiki/industrial,"CC BY-SA 4.0",2026-08-05,2026-08-14
industrially,"産業的に","Japanese Wiktionary",https://ja.wiktionary.org/wiki/industrially,"CC BY-SA 4.0",2026-08-05,2026-08-14
industrials,"industrialの複数形。","Japanese Wiktionary",https://ja.wiktionary.org/wiki/industrials,"CC BY-SA 4.0",2026-08-05,2026-08-14
industrious,"勤勉な、よく働く","Japanese Wiktionary",https://ja.wiktionary.org/wiki/industrious,"CC BY-SA 4.0",2026-08-05,2026-08-14
industriously,"勤勉に、せっせと","Japanese Wiktionary",https://ja.wiktionary.org/wiki/industriously,"CC BY-SA 4.0",2026-08-05,2026-08-14
inebriated,"酔っ払った。 / inebriateの過去形・過去分詞。","Japanese Wiktionary",https://ja.wiktionary.org/wiki/inebriated,"CC BY-SA 4.0",2026-08-05,2026-08-14
inedible,"有毒で食えない。有毒で食べられない。食べると危ない。（初めから食用ではない。食われる側が主語） / 腐っていて食えない。（元々は食用。食われる側が主語）","Japanese Wiktionary",https://ja.wiktionary.org/wiki/inedible,"CC BY-SA 4.0",2026-08-05,2026-08-14
ineffective,"効果の無い。無効な。無駄な。 / 無能な。無力な。","Japanese Wiktionary",https://ja.wiktionary.org/wiki/ineffective,"CC BY-SA 4.0",2026-08-05,2026-08-14
ineffectively,"効果的でなく。非効率的に。","Japanese Wiktionary",https://ja.wiktionary.org/wiki/ineffectively,"CC BY-SA 4.0",2026-08-05,2026-08-14
ineffectual,"効果のない。 / 無駄な。 / 無力な。無能な。","Japanese Wiktionary",https://ja.wiktionary.org/wiki/ineffectual,"CC BY-SA 4.0",2026-08-05,2026-08-14
ineffectually,"効果なく。無駄に。無力に。無能に。","Japanese Wiktionary",https://ja.wiktionary.org/wiki/ineffectually,"CC BY-SA 4.0",2026-08-05,2026-08-14
inefficient,"効率の悪い。 / 役に立たない。","Japanese Wiktionary",https://ja.wiktionary.org/wiki/inefficient,"CC BY-SA 4.0",2026-08-05,2026-08-14
inelegant,"優美でない、洗練されていない、野暮な、無粋な。","Japanese Wiktionary",https://ja.wiktionary.org/wiki/inelegant,"CC BY-SA 4.0",2026-08-05,2026-08-14
inept,"不向きな。不適な。不適切な。適性の無い。(才能や素質が) 弱い。苦手な。","Japanese Wiktionary",https://ja.wiktionary.org/wiki/inept,"CC BY-SA 4.0",2026-08-05,2026-08-14
inert,"不活性の、効力のない / 自動力のない / 怠けた、鈍い","Japanese Wiktionary",https://ja.wiktionary.org/wiki/inert,"CC BY-SA 4.0",2026-08-05,2026-08-14
inescapable,"（境遇や現象が）逃げられない。避けられない。逃走を阻む。不可避の。","Japanese Wiktionary",https://ja.wiktionary.org/wiki/inescapable,"CC BY-SA 4.0",2026-08-05,2026-08-14
inevitably,"避けられずに / 必ず、起こるべくして、必然的に","Japanese Wiktionary",https://ja.wiktionary.org/wiki/inevitably,"CC BY-SA 4.0",2026-08-05,2026-08-14
inexact,"不正確な。厳密でない。","Japanese Wiktionary",https://ja.wiktionary.org/wiki/inexact,"CC BY-SA 4.0",2026-08-05,2026-08-14
inexhaustible,"無尽蔵の。 / 疲れを知らない。","Japanese Wiktionary",https://ja.wiktionary.org/wiki/inexhaustible,"CC BY-SA 4.0",2026-08-05,2026-08-14
inexpensive,"（値段が）安い、低廉な、安価な、手頃な値段の、費用の掛からない。","Japanese Wiktionary",https://ja.wiktionary.org/wiki/inexpensive,"CC BY-SA 4.0",2026-08-05,2026-08-14
inexpert,"未熟な。下手な。 / 未熟者。","Japanese Wiktionary",https://ja.wiktionary.org/wiki/inexpert,"CC BY-SA 4.0",2026-08-05,2026-08-14
inexplicable,"（問題や構図を）割り切れない。説明がつかない。不可解な。","Japanese Wiktionary",https://ja.wiktionary.org/wiki/inexplicable,"CC BY-SA 4.0",2026-08-05,2026-08-14
inextinguishable,"消火できない。 / （感情が）抑えられない。","Japanese Wiktionary",https://ja.wiktionary.org/wiki/inextinguishable,"CC BY-SA 4.0",2026-08-05,2026-08-14
infallible,"誤りの無い、無謬の、無欠の、完い、完璧な。","Japanese Wiktionary",https://ja.wiktionary.org/wiki/infallible,"CC BY-SA 4.0",2026-08-05,2026-08-14
infamous,"悪名高い、不名誉な。 / 恥ずべき、卑劣な。","Japanese Wiktionary",https://ja.wiktionary.org/wiki/infamous,"CC BY-SA 4.0",2026-08-05,2026-08-14
infamously,"悪名高く、不名誉にも","Japanese Wiktionary",https://ja.wiktionary.org/wiki/infamously,"CC BY-SA 4.0",2026-08-05,2026-08-14
infante,"スペインやポルトガルの王位を継承しない王子、皇子","Japanese Wiktionary",https://ja.wiktionary.org/wiki/infante,"CC BY-SA 4.0",2026-08-05,2026-08-14
infantile,"小児の、小児に関する。 / 子供じみた、未熟な。","Japanese Wiktionary",https://ja.wiktionary.org/wiki/infantile,"CC BY-SA 4.0",2026-08-05,2026-08-14
infector,"感染を起こすもの。","Japanese Wiktionary",https://ja.wiktionary.org/wiki/infector,"CC BY-SA 4.0",2026-08-05,2026-08-14
inferential,"推論の。","Japanese Wiktionary",https://ja.wiktionary.org/wiki/inferential,"CC BY-SA 4.0",2026-08-05,2026-08-14
infertile,"（土地が）痩せた。不毛の。 / 生殖力のない。不妊の。","Japanese Wiktionary",https://ja.wiktionary.org/wiki/infertile,"CC BY-SA 4.0",2026-08-05,2026-08-14
infinitely,"無限に。果てしなく。 / はるかに。","Japanese Wiktionary",https://ja.wiktionary.org/wiki/infinitely,"CC BY-SA 4.0",2026-08-05,2026-08-14
infinitesimally,"微量に、微少に。","Japanese Wiktionary",https://ja.wiktionary.org/wiki/infinitesimally,"CC BY-SA 4.0",2026-08-05,2026-08-14
infinito,"インフィニート。無限に、終わりなく。","Japanese Wiktionary",https://ja.wiktionary.org/wiki/infinito,"CC BY-SA 4.0",2026-08-05,2026-08-14
infirm,"（体が）弱い。虚弱な。 / （意志などが）弱い。決断力のない。 / 堅固でない。 / 否定する。","Japanese Wiktionary",https://ja.wiktionary.org/wiki/infirm,"CC BY-SA 4.0",2026-08-05,2026-08-14
inflammable,"可燃性の。 / 引火しやすい。 / 怒りっぽい。 / 不燃性の。 / 可燃性物質。","Japanese Wiktionary",https://ja.wiktionary.org/wiki/inflammable,"CC BY-SA 4.0",2026-08-05,2026-08-14
inflammatories,"""inflammatory"" の複数形","Japanese Wiktionary",https://ja.wiktionary.org/wiki/inflammatories,"CC BY-SA 4.0",2026-08-05,2026-08-14
inflammatory,"炎症の。 / 炎上させる、扇情的な。 / 炎症の原因となる物質。","Japanese Wiktionary",https://ja.wiktionary.org/wiki/inflammatory,"CC BY-SA 4.0",2026-08-05,2026-08-14
influent,"支流。 / 影響種。優越種。 / 流入する。流れ込む。 / 影響を与える。","Japanese Wiktionary",https://ja.wiktionary.org/wiki/influent,"CC BY-SA 4.0",2026-08-05,2026-08-14
influential,"影響力のある。有力な。 / 影響力のある人。","Japanese Wiktionary",https://ja.wiktionary.org/wiki/influential,"CC BY-SA 4.0",2026-08-05,2026-08-14
influentials,"influentialの複数形。","Japanese Wiktionary",https://ja.wiktionary.org/wiki/influentials,"CC BY-SA 4.0",2026-08-05,2026-08-14
inforce,"enforceの廃用。","Japanese Wiktionary",https://ja.wiktionary.org/wiki/inforce,"CC BY-SA 4.0",2026-08-05,2026-08-14
inforced,"inforceの過去形・過去分詞。","Japanese Wiktionary",https://ja.wiktionary.org/wiki/inforced,"CC BY-SA 4.0",2026-08-05,2026-08-14
inforcement,"enforcementの旧綴り。","Japanese Wiktionary",https://ja.wiktionary.org/wiki/inforcement,"CC BY-SA 4.0",2026-08-05,2026-08-14
informally,"非公式に、形式張らずに","Japanese Wiktionary",https://ja.wiktionary.org/wiki/informally,"CC BY-SA 4.0",2026-08-05,2026-08-14
informative,"情報を提供する。 / 有益な。","Japanese Wiktionary",https://ja.wiktionary.org/wiki/informative,"CC BY-SA 4.0",2026-08-05,2026-08-14
infrequent,"稀な、滅多にない","Japanese Wiktionary",https://ja.wiktionary.org/wiki/infrequent,"CC BY-SA 4.0",2026-08-05,2026-08-14
infrequently,"稀に、珍しく","Japanese Wiktionary",https://ja.wiktionary.org/wiki/infrequently,"CC BY-SA 4.0",2026-08-05,2026-08-14
infringers,"infringerの複数形。","Japanese Wiktionary",https://ja.wiktionary.org/wiki/infringers,"CC BY-SA 4.0",2026-08-05,2026-08-14
ingenious,"独創的な。工夫に富む。 / 精巧な。巧妙な。 / 利口な。器用な。","Japanese Wiktionary",https://ja.wiktionary.org/wiki/ingenious,"CC BY-SA 4.0",2026-08-05,2026-08-14
ingeniously,"独創的に。巧みに。器用に。巧妙に。","Japanese Wiktionary",https://ja.wiktionary.org/wiki/ingeniously,"CC BY-SA 4.0",2026-08-05,2026-08-14
ingenuous,"世間知らずの、世事に疎い。 / 純真な、無邪気な。 / 単純な。 / 感情がすぐ顔に出る。 / 率直な。","Japanese Wiktionary",https://ja.wiktionary.org/wiki/ingenuous,"CC BY-SA 4.0",2026-08-05,2026-08-14
inharmonious,"調和の取れていない。不協和の。 / 不和の。","Japanese Wiktionary",https://ja.wiktionary.org/wiki/inharmonious,"CC BY-SA 4.0",2026-08-05,2026-08-14
inherent,"本来備わっている。生来の。固有の。","Japanese Wiktionary",https://ja.wiktionary.org/wiki/inherent,"CC BY-SA 4.0",2026-08-05,2026-08-14
inherently,"生まれつき。生来。本質的に。","Japanese Wiktionary",https://ja.wiktionary.org/wiki/inherently,"CC BY-SA 4.0",2026-08-05,2026-08-14
inhouse,"in-houseの異綴。","Japanese Wiktionary",https://ja.wiktionary.org/wiki/inhouse,"CC BY-SA 4.0",2026-08-05,2026-08-14
inhuman,"非人間的な、冷酷な、残忍な。 / 人間のものでない。超人的な。怪物のような。 / 人間が使えない、住めない。","Japanese Wiktionary",https://ja.wiktionary.org/wiki/inhuman,"CC BY-SA 4.0",2026-08-05,2026-08-14
inhumane,"inhumanの異形。","Japanese Wiktionary",https://ja.wiktionary.org/wiki/inhumane,"CC BY-SA 4.0",2026-08-05,2026-08-14
inimical,"好ましくない、有害な、損なう。 / 敵意のある。","Japanese Wiktionary",https://ja.wiktionary.org/wiki/inimical,"CC BY-SA 4.0",2026-08-05,2026-08-14
inimitable,"真似されることを許さない。独特の。無類の。","Japanese Wiktionary",https://ja.wiktionary.org/wiki/inimitable,"CC BY-SA 4.0",2026-08-05,2026-08-14
iniquitous,"不正な、不当な、不道徳な。","Japanese Wiktionary",https://ja.wiktionary.org/wiki/iniquitous,"CC BY-SA 4.0",2026-08-05,2026-08-14
initialed,"initialの過去形・過去分詞。","Japanese Wiktionary",https://ja.wiktionary.org/wiki/initialed,"CC BY-SA 4.0",2026-08-05,2026-08-14
initialing,"""initial"" の動名詞形又は現在分詞形。","Japanese Wiktionary",https://ja.wiktionary.org/wiki/initialing,"CC BY-SA 4.0",2026-08-05,2026-08-14
initially,"始めに。最初に。第一に。 / 始めは。最初は。当初は。","Japanese Wiktionary",https://ja.wiktionary.org/wiki/initially,"CC BY-SA 4.0",2026-08-05,2026-08-14
injuria,"権利侵害。","Japanese Wiktionary",https://ja.wiktionary.org/wiki/injuria,"CC BY-SA 4.0",2026-08-05,2026-08-14
injurious,"有害な、傷付ける。 / 無礼な、不当な、侮辱的な。","Japanese Wiktionary",https://ja.wiktionary.org/wiki/injurious,"CC BY-SA 4.0",2026-08-05,2026-08-14
inland,"沿岸から離れた。内陸の。奥地の。 / 国内の。 / 内陸。奥地。 / 内陸に。奥地に。","Japanese Wiktionary",https://ja.wiktionary.org/wiki/inland,"CC BY-SA 4.0",2026-08-05,2026-08-14
inlist,"enlistの旧綴り。","Japanese Wiktionary",https://ja.wiktionary.org/wiki/inlist,"CC BY-SA 4.0",2026-08-05,2026-08-14
innate,"生まれつきの。生来の。天性の。 / (植物学)（葯が）内着の。 / 生じさせる。","Japanese Wiktionary",https://ja.wiktionary.org/wiki/innate,"CC BY-SA 4.0",2026-08-05,2026-08-14
innately,"生まれつき。生来。","Japanese Wiktionary",https://ja.wiktionary.org/wiki/innately,"CC BY-SA 4.0",2026-08-05,2026-08-14
inner,"内部の、奥の / 内面的な","Japanese Wiktionary",https://ja.wiktionary.org/wiki/inner,"CC BY-SA 4.0",2026-08-05,2026-08-14
innocente,"innocentの14世紀から16世紀にかけての綴り。","Japanese Wiktionary",https://ja.wiktionary.org/wiki/innocente,"CC BY-SA 4.0",2026-08-05,2026-08-14
innocently,"無邪気に","Japanese Wiktionary",https://ja.wiktionary.org/wiki/innocently,"CC BY-SA 4.0",2026-08-05,2026-08-14
innocuous,"無害な、毒を含まない。 / 無害無益な、毒にも薬にもならない。 / 退屈な、つまらない、無味乾燥な、刺激しない。 / 無難な、当たり障りのない。","Japanese Wiktionary",https://ja.wiktionary.org/wiki/innocuous,"CC BY-SA 4.0",2026-08-05,2026-08-14
innovative,"革新的な / 画期的な / 独創的な","Japanese Wiktionary",https://ja.wiktionary.org/wiki/innovative,"CC BY-SA 4.0",2026-08-05,2026-08-14
innumerable,"無数の","Japanese Wiktionary",https://ja.wiktionary.org/wiki/innumerable,"CC BY-SA 4.0",2026-08-05,2026-08-14
inocula,"inoculumの複数形。","Japanese Wiktionary",https://ja.wiktionary.org/wiki/inocula,"CC BY-SA 4.0",2026-08-05,2026-08-14
inoffensive,"無難な。気に障らない。当たり障りのない。","Japanese Wiktionary",https://ja.wiktionary.org/wiki/inoffensive,"CC BY-SA 4.0",2026-08-05,2026-08-14
inopportune,"時機を失した、折の悪い","Japanese Wiktionary",https://ja.wiktionary.org/wiki/inopportune,"CC BY-SA 4.0",2026-08-05,2026-08-14
inquiringly,"知りたそうに。不審そうに。","Japanese Wiktionary",https://ja.wiktionary.org/wiki/inquiringly,"CC BY-SA 4.0",2026-08-05,2026-08-14
inquisitive,"知識欲のある、詮索好きな。","Japanese Wiktionary",https://ja.wiktionary.org/wiki/inquisitive,"CC BY-SA 4.0",2026-08-05,2026-08-14
inquisitively,"頻りに知りたがって。","Japanese Wiktionary",https://ja.wiktionary.org/wiki/inquisitively,"CC BY-SA 4.0",2026-08-05,2026-08-14
inquisitorial,"好奇心の強い。詮索好きな。 / 尋問する資格がある。 / 宗教裁判の。","Japanese Wiktionary",https://ja.wiktionary.org/wiki/inquisitorial,"CC BY-SA 4.0",2026-08-05,2026-08-14
insane,"（精神的に）異常な、気が狂った。 / 精神病患者の。 / 狂わせる、異常にさせる。 / 常識はずれの。","Japanese Wiktionary",https://ja.wiktionary.org/wiki/insane,"CC BY-SA 4.0",2026-08-05,2026-08-14
insecticidal,"殺虫剤の。","Japanese Wiktionary",https://ja.wiktionary.org/wiki/insecticidal,"CC BY-SA 4.0",2026-08-05,2026-08-14
insectivorous,"食虫の / (of a plant)食虫植物の","Japanese Wiktionary",https://ja.wiktionary.org/wiki/insectivorous,"CC BY-SA 4.0",2026-08-05,2026-08-14
insecure,"危ない、おぼつかない、不安な。","Japanese Wiktionary",https://ja.wiktionary.org/wiki/insecure,"CC BY-SA 4.0",2026-08-05,2026-08-14
insecurely,"危うく、不安定に / 自信がなく","Japanese Wiktionary",https://ja.wiktionary.org/wiki/insecurely,"CC BY-SA 4.0",2026-08-05,2026-08-14
insensitive,"平気な。鈍感な。無神経な。 / （刺激に対して）無感覚の。無反応の。 / 無関心な。","Japanese Wiktionary",https://ja.wiktionary.org/wiki/insensitive,"CC BY-SA 4.0",2026-08-05,2026-08-14
insidious,"悪だくみをした。陰湿な。陰険な。狡猾な。油断ならない。 / 罠の。陰謀の。 / 裏切りの。 / 潜行性の。","Japanese Wiktionary",https://ja.wiktionary.org/wiki/insidious,"CC BY-SA 4.0",2026-08-05,2026-08-14
insidiously,"悪だくみして、陰険に。","Japanese Wiktionary",https://ja.wiktionary.org/wiki/insidiously,"CC BY-SA 4.0",2026-08-05,2026-08-14
insightful,"洞察力のある。","Japanese Wiktionary",https://ja.wiktionary.org/wiki/insightful,"CC BY-SA 4.0",2026-08-05,2026-08-14
insightfully,"洞察力のある方法で。","Japanese Wiktionary",https://ja.wiktionary.org/wiki/insightfully,"CC BY-SA 4.0",2026-08-05,2026-08-14
insignificant,"無意味な / 些細な","Japanese Wiktionary",https://ja.wiktionary.org/wiki/insignificant,"CC BY-SA 4.0",2026-08-05,2026-08-14
insipid,"味の無い。風味の無い。 / 退屈な。平凡な。特徴のない。味気ない。","Japanese Wiktionary",https://ja.wiktionary.org/wiki/insipid,"CC BY-SA 4.0",2026-08-05,2026-08-14
insistent,"しつこい。執拗な。力説する。 / （音などが）ひっきりなしの。","Japanese Wiktionary",https://ja.wiktionary.org/wiki/insistent,"CC BY-SA 4.0",2026-08-05,2026-08-14
insistently,"しつこく。強情に。","Japanese Wiktionary",https://ja.wiktionary.org/wiki/insistently,"CC BY-SA 4.0",2026-08-05,2026-08-14
insolent,"横柄な。傲慢な。無礼な。 / 横柄な人。傲慢な人。無礼な人。","Japanese Wiktionary",https://ja.wiktionary.org/wiki/insolent,"CC BY-SA 4.0",2026-08-05,2026-08-14
insolently,"横柄に。傲慢に。無礼に。","Japanese Wiktionary",https://ja.wiktionary.org/wiki/insolently,"CC BY-SA 4.0",2026-08-05,2026-08-14
inspirational,"霊感を与える","Japanese Wiktionary",https://ja.wiktionary.org/wiki/inspirational,"CC BY-SA 4.0",2026-08-05,2026-08-14
inspiratory,"吸気の。吸入の。","Japanese Wiktionary",https://ja.wiktionary.org/wiki/inspiratory,"CC BY-SA 4.0",2026-08-05,2026-08-14
instantaneous,"即座の、瞬間的な。","Japanese Wiktionary",https://ja.wiktionary.org/wiki/instantaneous,"CC BY-SA 4.0",2026-08-05,2026-08-14
instantaneously,"即時に、即座に、瞬間的に。","Japanese Wiktionary",https://ja.wiktionary.org/wiki/instantaneously,"CC BY-SA 4.0",2026-08-05,2026-08-14
instantly,"直ちに、即座に。[16世紀より] / 執拗に。[15世紀より] / 同時に。 / ～すると直ちに。","Japanese Wiktionary",https://ja.wiktionary.org/wiki/instantly,"CC BY-SA 4.0",2026-08-05,2026-08-14
instead,"代わりとして。","Japanese Wiktionary",https://ja.wiktionary.org/wiki/instead,"CC BY-SA 4.0",2026-08-05,2026-08-14
instinctive,"本能的な / 直感的な","Japanese Wiktionary",https://ja.wiktionary.org/wiki/instinctive,"CC BY-SA 4.0",2026-08-05,2026-08-14
instructive,"教育的な、教訓的な、有益な。 / 具格。","Japanese Wiktionary",https://ja.wiktionary.org/wiki/instructive,"CC BY-SA 4.0",2026-08-05,2026-08-14
instrumented,"instrumentの過去形・過去分詞。","Japanese Wiktionary",https://ja.wiktionary.org/wiki/instrumented,"CC BY-SA 4.0",2026-08-05,2026-08-14
instrumenting,"instrumentの動名詞又は現在分詞。","Japanese Wiktionary",https://ja.wiktionary.org/wiki/instrumenting,"CC BY-SA 4.0",2026-08-05,2026-08-14
insubstantial,"内容のない。 / 不十分な。 / 脆い。","Japanese Wiktionary",https://ja.wiktionary.org/wiki/insubstantial,"CC BY-SA 4.0",2026-08-05,2026-08-14
insufferable,"耐えがたい、我慢できない。","Japanese Wiktionary",https://ja.wiktionary.org/wiki/insufferable,"CC BY-SA 4.0",2026-08-05,2026-08-14
insufferably,"耐えがたく。","Japanese Wiktionary",https://ja.wiktionary.org/wiki/insufferably,"CC BY-SA 4.0",2026-08-05,2026-08-14
insufficient,"不十分な、不足した。","Japanese Wiktionary",https://ja.wiktionary.org/wiki/insufficient,"CC BY-SA 4.0",2026-08-05,2026-08-14
insula,"（建物）インスラ。 / 島皮質。","Japanese Wiktionary",https://ja.wiktionary.org/wiki/insula,"CC BY-SA 4.0",2026-08-05,2026-08-14
insulae,"insulaの複数形","Japanese Wiktionary",https://ja.wiktionary.org/wiki/insulae,"CC BY-SA 4.0",2026-08-05,2026-08-14
insular,"島の。 / 島状の、島に似た。 / 島にある。 / （島のように）隔絶された。切り離された。孤立した。 / 心の狭い。偏狭な。島国根性の。","Japanese Wiktionary",https://ja.wiktionary.org/wiki/insular,"CC BY-SA 4.0",2026-08-05,2026-08-14
insultingly,"無礼に。","Japanese Wiktionary",https://ja.wiktionary.org/wiki/insultingly,"CC BY-SA 4.0",2026-08-05,2026-08-14
insuperable,"(問題などが) 克服できない、乗り越えられない。","Japanese Wiktionary",https://ja.wiktionary.org/wiki/insuperable,"CC BY-SA 4.0",2026-08-05,2026-08-14
insurmountable,"乗り越えられない、克服できない。","Japanese Wiktionary",https://ja.wiktionary.org/wiki/insurmountable,"CC BY-SA 4.0",2026-08-05,2026-08-14
intact,"無傷の、破損していない、完全な。 / 処女の。 / 去勢されていない。","Japanese Wiktionary",https://ja.wiktionary.org/wiki/intact,"CC BY-SA 4.0",2026-08-05,2026-08-14
intellectually,"知的に。","Japanese Wiktionary",https://ja.wiktionary.org/wiki/intellectually,"CC BY-SA 4.0",2026-08-05,2026-08-14
intelligent,"知能の高い","Japanese Wiktionary",https://ja.wiktionary.org/wiki/intelligent,"CC BY-SA 4.0",2026-08-05,2026-08-14
intelligently,"知的に / 聡明に","Japanese Wiktionary",https://ja.wiktionary.org/wiki/intelligently,"CC BY-SA 4.0",2026-08-05,2026-08-14
intelligible,"理解しやすい、解りやすい、意味が明瞭な。","Japanese Wiktionary",https://ja.wiktionary.org/wiki/intelligible,"CC BY-SA 4.0",2026-08-05,2026-08-14
intense,"激しい。 / 濃い。 / 情熱的な。","Japanese Wiktionary",https://ja.wiktionary.org/wiki/intense,"CC BY-SA 4.0",2026-08-05,2026-08-14
intensely,"激しく。","Japanese Wiktionary",https://ja.wiktionary.org/wiki/intensely,"CC BY-SA 4.0",2026-08-05,2026-08-14
intensively,"激しく。集中的に。","Japanese Wiktionary",https://ja.wiktionary.org/wiki/intensively,"CC BY-SA 4.0",2026-08-05,2026-08-14
intentional,"故意の。","Japanese Wiktionary",https://ja.wiktionary.org/wiki/intentional,"CC BY-SA 4.0",2026-08-05,2026-08-14
intentionally,"故意に。","Japanese Wiktionary",https://ja.wiktionary.org/wiki/intentionally,"CC BY-SA 4.0",2026-08-05,2026-08-14
intently,"熱心に。夢中で。","Japanese Wiktionary",https://ja.wiktionary.org/wiki/intently,"CC BY-SA 4.0",2026-08-05,2026-08-14
interactive,"相互作用の。 / 双方向の、インタラクティブの。 / 双方向性。","Japanese Wiktionary",https://ja.wiktionary.org/wiki/interactive,"CC BY-SA 4.0",2026-08-05,2026-08-14
interactives,"""interactive"" の複数形","Japanese Wiktionary",https://ja.wiktionary.org/wiki/interactives,"CC BY-SA 4.0",2026-08-05,2026-08-14
interactivity,"双方向機能。","Japanese Wiktionary",https://ja.wiktionary.org/wiki/interactivity,"CC BY-SA 4.0",2026-08-05,2026-08-14
intercessory,"仲裁の、仲介の。","Japanese Wiktionary",https://ja.wiktionary.org/wiki/intercessory,"CC BY-SA 4.0",2026-08-05,2026-08-14
intercollege,"大学間の、複数大学の。 / （サークルなどが）所属大学に関係なく加入できる。","Japanese Wiktionary",https://ja.wiktionary.org/wiki/intercollege,"CC BY-SA 4.0",2026-08-05,2026-08-14
intercontinental,"大陸間の。","Japanese Wiktionary",https://ja.wiktionary.org/wiki/intercontinental,"CC BY-SA 4.0",2026-08-05,2026-08-14
interdependent,"相互依存の。","Japanese Wiktionary",https://ja.wiktionary.org/wiki/interdependent,"CC BY-SA 4.0",2026-08-05,2026-08-14
interestingly,"面白く。興味深く。","Japanese Wiktionary",https://ja.wiktionary.org/wiki/interestingly,"CC BY-SA 4.0",2026-08-05,2026-08-14
intergalactic,"銀河間の。","Japanese Wiktionary",https://ja.wiktionary.org/wiki/intergalactic,"CC BY-SA 4.0",2026-08-05,2026-08-14
intergenerational,"世代間の。","Japanese Wiktionary",https://ja.wiktionary.org/wiki/intergenerational,"CC BY-SA 4.0",2026-08-05,2026-08-14
interminable,"止められない。止め処無い。終わらすことのできない。打ち切りのできない。","Japanese Wiktionary",https://ja.wiktionary.org/wiki/interminable,"CC BY-SA 4.0",2026-08-05,2026-08-14
intermittent,"断続的な、間欠的な。","Japanese Wiktionary",https://ja.wiktionary.org/wiki/intermittent,"CC BY-SA 4.0",2026-08-05,2026-08-14
intermittently,"断続的に、間欠的に。","Japanese Wiktionary",https://ja.wiktionary.org/wiki/intermittently,"CC BY-SA 4.0",2026-08-05,2026-08-14
internally,"内部に / 内面的に","Japanese Wiktionary",https://ja.wiktionary.org/wiki/internally,"CC BY-SA 4.0",2026-08-05,2026-08-14
internationally,"国際的に。","Japanese Wiktionary",https://ja.wiktionary.org/wiki/internationally,"CC BY-SA 4.0",2026-08-05,2026-08-14
internecine,"相殺的な。相互破壊的な。 / (集団などについて) 内部の。","Japanese Wiktionary",https://ja.wiktionary.org/wiki/internecine,"CC BY-SA 4.0",2026-08-05,2026-08-14
interplanetary,"複数の惑星の間の。","Japanese Wiktionary",https://ja.wiktionary.org/wiki/interplanetary,"CC BY-SA 4.0",2026-08-05,2026-08-14
interpretative,"説明の、解釈の。","Japanese Wiktionary",https://ja.wiktionary.org/wiki/interpretative,"CC BY-SA 4.0",2026-08-05,2026-08-14
interpretive,"interpretativeの異形。","Japanese Wiktionary",https://ja.wiktionary.org/wiki/interpretive,"CC BY-SA 4.0",2026-08-05,2026-08-14
interpretor,"interpreterの旧綴り。","Japanese Wiktionary",https://ja.wiktionary.org/wiki/interpretor,"CC BY-SA 4.0",2026-08-05,2026-08-14
interpretted,"interpretの過去形・過去分詞。","Japanese Wiktionary",https://ja.wiktionary.org/wiki/interpretted,"CC BY-SA 4.0",2026-08-05,2026-08-14
interstellar,"星間の。","Japanese Wiktionary",https://ja.wiktionary.org/wiki/interstellar,"CC BY-SA 4.0",2026-08-05,2026-08-14
interwiki,"異なるウィキ間の。 / 異なるウィキ間のリンク。 / 異なるウィキ間のリンクを作成する。","Japanese Wiktionary",https://ja.wiktionary.org/wiki/interwiki,"CC BY-SA 4.0",2026-08-05,2026-08-14
intestinal,"腸の","Japanese Wiktionary",https://ja.wiktionary.org/wiki/intestinal,"CC BY-SA 4.0",2026-08-05,2026-08-14
intimately,"親しく、親密に。","Japanese Wiktionary",https://ja.wiktionary.org/wiki/intimately,"CC BY-SA 4.0",2026-08-05,2026-08-14
into,"…の中へ（に）。…の中へ向かって。 / …の状態に。…の状態の中に置いて。 / …に強烈に興味を持つ。…に夢中になる。…のとりこになる。 / …で割る。","Japanese Wiktionary",https://ja.wiktionary.org/wiki/into,"CC BY-SA 4.0",2026-08-05,2026-08-14
intolerable,"耐えられない。我慢できない。堪らない。許容不可能な。過度の。 / (怒りで) 耐えられない。許せない。腹立たしい。許容できない。不愉快な。迷惑な。","Japanese Wiktionary",https://ja.wiktionary.org/wiki/intolerable,"CC BY-SA 4.0",2026-08-05,2026-08-14
intolerably,"耐えられないほど。我慢できないほど。","Japanese Wiktionary",https://ja.wiktionary.org/wiki/intolerably,"CC BY-SA 4.0",2026-08-05,2026-08-14
intolerant,"耐えられない。我慢できない。 / 不寛容な。狭量な。 / 狭量な人。","Japanese Wiktionary",https://ja.wiktionary.org/wiki/intolerant,"CC BY-SA 4.0",2026-08-05,2026-08-14
intrepid,"恐れを知らない、勇敢な。","Japanese Wiktionary",https://ja.wiktionary.org/wiki/intrepid,"CC BY-SA 4.0",2026-08-05,2026-08-14
intricately,"複雑に","Japanese Wiktionary",https://ja.wiktionary.org/wiki/intricately,"CC BY-SA 4.0",2026-08-05,2026-08-14
introductory,"導入の。紹介の。前置きの。 / 入門の。初歩の。 / 売り出しの。","Japanese Wiktionary",https://ja.wiktionary.org/wiki/introductory,"CC BY-SA 4.0",2026-08-05,2026-08-14
intrusively,"出しゃばって。","Japanese Wiktionary",https://ja.wiktionary.org/wiki/intrusively,"CC BY-SA 4.0",2026-08-05,2026-08-14
intuitive,"直観的な","Japanese Wiktionary",https://ja.wiktionary.org/wiki/intuitive,"CC BY-SA 4.0",2026-08-05,2026-08-14
intuitively,"直観的に","Japanese Wiktionary",https://ja.wiktionary.org/wiki/intuitively,"CC BY-SA 4.0",2026-08-05,2026-08-14
invaluable,"（～にとって）測り取れないほどきわめて貴重な。 / 価値のない。","Japanese Wiktionary",https://ja.wiktionary.org/wiki/invaluable,"CC BY-SA 4.0",2026-08-05,2026-08-14
invariably,"いつも、相変わらず。","Japanese Wiktionary",https://ja.wiktionary.org/wiki/invariably,"CC BY-SA 4.0",2026-08-05,2026-08-14
inventive,"発明の。発明に関する。 / 発明の才のある。創意に富む。","Japanese Wiktionary",https://ja.wiktionary.org/wiki/inventive,"CC BY-SA 4.0",2026-08-05,2026-08-14
investigative,"調査の / 研究の","Japanese Wiktionary",https://ja.wiktionary.org/wiki/investigative,"CC BY-SA 4.0",2026-08-05,2026-08-14
inveterate,"（現象や感情が）慢性の。根深い。抜き難い。長い年月によって凝り固まった。 / （人の持つ癖が）慢性の。常習の。","Japanese Wiktionary",https://ja.wiktionary.org/wiki/inveterate,"CC BY-SA 4.0",2026-08-05,2026-08-14
inviable,"（環境が）生存を拒む。生き辛い。（自身が）生命を保てない。生きられない。生き残れない。","Japanese Wiktionary",https://ja.wiktionary.org/wiki/inviable,"CC BY-SA 4.0",2026-08-05,2026-08-14
invidious,"妬みを買うような。 / 不公平な、差別的な。 / 嫉妬深い。 / 不愉快な。","Japanese Wiktionary",https://ja.wiktionary.org/wiki/invidious,"CC BY-SA 4.0",2026-08-05,2026-08-14
invincible,"無敵の人物、難攻不落の陣地。 / 倒せない、征服できない、無敵の、不敗の、難攻不落の","Japanese Wiktionary",https://ja.wiktionary.org/wiki/invincible,"CC BY-SA 4.0",2026-08-05,2026-08-14
invincibles,"invincibleの複数形","Japanese Wiktionary",https://ja.wiktionary.org/wiki/invincibles,"CC BY-SA 4.0",2026-08-05,2026-08-14
inviolability,"不可侵。神聖。 / 厳守。","Japanese Wiktionary",https://ja.wiktionary.org/wiki/inviolability,"CC BY-SA 4.0",2026-08-05,2026-08-14
inviolable,"(領域が) 侵せない。不可侵の。神聖な。 / (規則が) 破ってはならない。違反を許さない。厳守の。","Japanese Wiktionary",https://ja.wiktionary.org/wiki/inviolable,"CC BY-SA 4.0",2026-08-05,2026-08-14
inviscid,"粘性のない。","Japanese Wiktionary",https://ja.wiktionary.org/wiki/inviscid,"CC BY-SA 4.0",2026-08-05,2026-08-14
invisibly,"目に見えないように、隠れて","Japanese Wiktionary",https://ja.wiktionary.org/wiki/invisibly,"CC BY-SA 4.0",2026-08-05,2026-08-14
inviter,"招待主。","Japanese Wiktionary",https://ja.wiktionary.org/wiki/inviter,"CC BY-SA 4.0",2026-08-05,2026-08-14
inviters,"inviterの複数形。","Japanese Wiktionary",https://ja.wiktionary.org/wiki/inviters,"CC BY-SA 4.0",2026-08-05,2026-08-14
invitingly,"魅力的に。","Japanese Wiktionary",https://ja.wiktionary.org/wiki/invitingly,"CC BY-SA 4.0",2026-08-05,2026-08-14
involuntarily,"渋々。不本意に。意に反して。 / 無意識に。","Japanese Wiktionary",https://ja.wiktionary.org/wiki/involuntarily,"CC BY-SA 4.0",2026-08-05,2026-08-14
involuntary,"不本意な。強いられた。 / 無意識の。 / 不随意の。","Japanese Wiktionary",https://ja.wiktionary.org/wiki/involuntary,"CC BY-SA 4.0",2026-08-05,2026-08-14
ired,"""ire"" の過去形・過去分詞形。","Japanese Wiktionary",https://ja.wiktionary.org/wiki/ired,"CC BY-SA 4.0",2026-08-05,2026-08-14
iridescent,"虹色の。玉虫色の。","Japanese Wiktionary",https://ja.wiktionary.org/wiki/iridescent,"CC BY-SA 4.0",2026-08-05,2026-08-14
irksome,"いらいらさせる。退屈な。厄介な。","Japanese Wiktionary",https://ja.wiktionary.org/wiki/irksome,"CC BY-SA 4.0",2026-08-05,2026-08-14
iroko,"クワ科の樹木の一つ、イロコ。ミリキア・エクスケルサ（Milicia excelsa; シノニム: Chlorophora excelsa)。 / 語義1.から得られる木材。イロコ材。","Japanese Wiktionary",https://ja.wiktionary.org/wiki/iroko,"CC BY-SA 4.0",2026-08-05,2026-08-14
ironic,"皮肉な。 / 反語的な。","Japanese Wiktionary",https://ja.wiktionary.org/wiki/ironic,"CC BY-SA 4.0",2026-08-05,2026-08-14
ironical,"皮肉な。 / 反語的な。","Japanese Wiktionary",https://ja.wiktionary.org/wiki/ironical,"CC BY-SA 4.0",2026-08-05,2026-08-14
ironically,"皮肉なことに。 / 皮肉っぽく。 / 反語的に。","Japanese Wiktionary",https://ja.wiktionary.org/wiki/ironically,"CC BY-SA 4.0",2026-08-05,2026-08-14
irradiance,"射光。光輝。 / 放射照度。","Japanese Wiktionary",https://ja.wiktionary.org/wiki/irradiance,"CC BY-SA 4.0",2026-08-05,2026-08-14
irradiances,"irradianceの複数形。","Japanese Wiktionary",https://ja.wiktionary.org/wiki/irradiances,"CC BY-SA 4.0",2026-08-05,2026-08-14
irrationally,"不合理に、見境なく。","Japanese Wiktionary",https://ja.wiktionary.org/wiki/irrationally,"CC BY-SA 4.0",2026-08-05,2026-08-14
irrefutable,"言い返せない。反駁を許さない。論破できない。","Japanese Wiktionary",https://ja.wiktionary.org/wiki/irrefutable,"CC BY-SA 4.0",2026-08-05,2026-08-14
irregardless,"不注意な、無頓着な","Japanese Wiktionary",https://ja.wiktionary.org/wiki/irregardless,"CC BY-SA 4.0",2026-08-05,2026-08-14
irregularly,"不規則に。変則的に。","Japanese Wiktionary",https://ja.wiktionary.org/wiki/irregularly,"CC BY-SA 4.0",2026-08-05,2026-08-14
irrelevant,"無関係な。的外れな。見当違いの。","Japanese Wiktionary",https://ja.wiktionary.org/wiki/irrelevant,"CC BY-SA 4.0",2026-08-05,2026-08-14
irreligious,"無宗教の、不信心な。","Japanese Wiktionary",https://ja.wiktionary.org/wiki/irreligious,"CC BY-SA 4.0",2026-08-05,2026-08-14
irreplaceable,"かけがえの無い、取り替えられない。","Japanese Wiktionary",https://ja.wiktionary.org/wiki/irreplaceable,"CC BY-SA 4.0",2026-08-05,2026-08-14
irresistible,"（相手が）抗えない。逆らえない。抵抗を許さない。服従や平伏を強いる。","Japanese Wiktionary",https://ja.wiktionary.org/wiki/irresistible,"CC BY-SA 4.0",2026-08-05,2026-08-14
irresolute,"優柔不断の、決断力のない","Japanese Wiktionary",https://ja.wiktionary.org/wiki/irresolute,"CC BY-SA 4.0",2026-08-05,2026-08-14
irresponsible,"無責任な","Japanese Wiktionary",https://ja.wiktionary.org/wiki/irresponsible,"CC BY-SA 4.0",2026-08-05,2026-08-14
irresponsibly,"無責任に","Japanese Wiktionary",https://ja.wiktionary.org/wiki/irresponsibly,"CC BY-SA 4.0",2026-08-05,2026-08-14
irretrievable,"取り返しのつかない、回復できない。","Japanese Wiktionary",https://ja.wiktionary.org/wiki/irretrievable,"CC BY-SA 4.0",2026-08-05,2026-08-14
irretrievably,"取り返しのつかないほど、回復できないほど。","Japanese Wiktionary",https://ja.wiktionary.org/wiki/irretrievably,"CC BY-SA 4.0",2026-08-05,2026-08-14
irreverently,"不遜にも、不敬にも。","Japanese Wiktionary",https://ja.wiktionary.org/wiki/irreverently,"CC BY-SA 4.0",2026-08-05,2026-08-14
irrigable,"灌漑できる","Japanese Wiktionary",https://ja.wiktionary.org/wiki/irrigable,"CC BY-SA 4.0",2026-08-05,2026-08-14
irritable,"怒りっぽい。短気な。 / 過敏な。 / 炎症性の。","Japanese Wiktionary",https://ja.wiktionary.org/wiki/irritable,"CC BY-SA 4.0",2026-08-05,2026-08-14
isotopic,"同位体の。","Japanese Wiktionary",https://ja.wiktionary.org/wiki/isotopic,"CC BY-SA 4.0",2026-08-05,2026-08-14
itself,"それ自身。 / 前に現れた主語を示す。 / （主語の強調）","Japanese Wiktionary",https://ja.wiktionary.org/wiki/itself,"CC BY-SA 4.0",2026-08-05,2026-08-14
jacker,"(古語・廃語) 狩人、密猟者。","Japanese Wiktionary",https://ja.wiktionary.org/wiki/jacker,"CC BY-SA 4.0",2026-08-05,2026-08-14
jailbait,"成人男性が性的に魅力的であると見なす同意年齢未満の少女。ロリ。","Japanese Wiktionary",https://ja.wiktionary.org/wiki/jailbait,"CC BY-SA 4.0",2026-08-05,2026-08-14
janitorial,"管理人的な","Japanese Wiktionary",https://ja.wiktionary.org/wiki/janitorial,"CC BY-SA 4.0",2026-08-05,2026-08-14
jari,"zariの異形。","Japanese Wiktionary",https://ja.wiktionary.org/wiki/jari,"CC BY-SA 4.0",2026-08-05,2026-08-14
jav,"javelinの短縮語。","Japanese Wiktionary",https://ja.wiktionary.org/wiki/jav,"CC BY-SA 4.0",2026-08-05,2026-08-14
jealous,"妬んだ、嫉妬した / 嫉妬深い / 油断のない、用心する","Japanese Wiktionary",https://ja.wiktionary.org/wiki/jealous,"CC BY-SA 4.0",2026-08-05,2026-08-14
jealously,"妬んで、嫉妬して / 用心深く","Japanese Wiktionary",https://ja.wiktionary.org/wiki/jealously,"CC BY-SA 4.0",2026-08-05,2026-08-14
jeweled,"jewelledの異綴。 / jewelの過去形・過去分詞。","Japanese Wiktionary",https://ja.wiktionary.org/wiki/jeweled,"CC BY-SA 4.0",2026-08-05,2026-08-14
jobbing,"""job"" の動名詞形又は現在分詞形。","Japanese Wiktionary",https://ja.wiktionary.org/wiki/jobbing,"CC BY-SA 4.0",2026-08-05,2026-08-14
jocose,"滑稽な、おどけた、ふざけた","Japanese Wiktionary",https://ja.wiktionary.org/wiki/jocose,"CC BY-SA 4.0",2026-08-05,2026-08-14
jocular,"滑稽な、ひょうきんな、おかしな。","Japanese Wiktionary",https://ja.wiktionary.org/wiki/jocular,"CC BY-SA 4.0",2026-08-05,2026-08-14
jocund,"陽気な、愉快な","Japanese Wiktionary",https://ja.wiktionary.org/wiki/jocund,"CC BY-SA 4.0",2026-08-05,2026-08-14
jod,"yodhの異綴。","Japanese Wiktionary",https://ja.wiktionary.org/wiki/jod,"CC BY-SA 4.0",2026-08-05,2026-08-14
jodo,"杖道。 / 浄土。","Japanese Wiktionary",https://ja.wiktionary.org/wiki/jodo,"CC BY-SA 4.0",2026-08-05,2026-08-14
jointly,"共同で。合同で。連帯して。","Japanese Wiktionary",https://ja.wiktionary.org/wiki/jointly,"CC BY-SA 4.0",2026-08-05,2026-08-14
jokey,"jokyの異綴","Japanese Wiktionary",https://ja.wiktionary.org/wiki/jokey,"CC BY-SA 4.0",2026-08-05,2026-08-14
jokingly,"冗談に、ふざけて","Japanese Wiktionary",https://ja.wiktionary.org/wiki/jokingly,"CC BY-SA 4.0",2026-08-05,2026-08-14
journalistic,"ジャーナリズムの、報道の。 / ジャーナリストの、記者の。","Japanese Wiktionary",https://ja.wiktionary.org/wiki/journalistic,"CC BY-SA 4.0",2026-08-05,2026-08-14
jovial,"陽気な、快活な。","Japanese Wiktionary",https://ja.wiktionary.org/wiki/jovial,"CC BY-SA 4.0",2026-08-05,2026-08-14
jovially,"陽気に。 / 快活に。","Japanese Wiktionary",https://ja.wiktionary.org/wiki/jovially,"CC BY-SA 4.0",2026-08-05,2026-08-14
joyed,"joyの過去形・過去分詞。","Japanese Wiktionary",https://ja.wiktionary.org/wiki/joyed,"CC BY-SA 4.0",2026-08-05,2026-08-14
joyful,"嬉しい。 / 嬉しそうな。","Japanese Wiktionary",https://ja.wiktionary.org/wiki/joyful,"CC BY-SA 4.0",2026-08-05,2026-08-14
joyfull,"joyfulの廃用。","Japanese Wiktionary",https://ja.wiktionary.org/wiki/joyfull,"CC BY-SA 4.0",2026-08-05,2026-08-14
joyfully,"楽しそうに。","Japanese Wiktionary",https://ja.wiktionary.org/wiki/joyfully,"CC BY-SA 4.0",2026-08-05,2026-08-14
joyless,"楽しみのない。 / わびしい。","Japanese Wiktionary",https://ja.wiktionary.org/wiki/joyless,"CC BY-SA 4.0",2026-08-05,2026-08-14
joyous,"楽しい。","Japanese Wiktionary",https://ja.wiktionary.org/wiki/joyous,"CC BY-SA 4.0",2026-08-05,2026-08-14
joyously,"楽しく。","Japanese Wiktionary",https://ja.wiktionary.org/wiki/joyously,"CC BY-SA 4.0",2026-08-05,2026-08-14
jubilant,"歓喜に満ちた。","Japanese Wiktionary",https://ja.wiktionary.org/wiki/jubilant,"CC BY-SA 4.0",2026-08-05,2026-08-14
judicious,"判断力のある。分別のある。賢明な。","Japanese Wiktionary",https://ja.wiktionary.org/wiki/judicious,"CC BY-SA 4.0",2026-08-05,2026-08-14
judiciously,"思慮深く。賢明に。","Japanese Wiktionary",https://ja.wiktionary.org/wiki/judiciously,"CC BY-SA 4.0",2026-08-05,2026-08-14
junctional,"接合部の。","Japanese Wiktionary",https://ja.wiktionary.org/wiki/junctional,"CC BY-SA 4.0",2026-08-05,2026-08-14
juridical,"司法上の、裁判上の、法律上の。","Japanese Wiktionary",https://ja.wiktionary.org/wiki/juridical,"CC BY-SA 4.0",2026-08-05,2026-08-14
just,"正確な。 / （道徳的に）公正な。 / 単に、単純に。 / つい先ほど。 / ぎりぎりで。 / 完全に。","Japanese Wiktionary",https://ja.wiktionary.org/wiki/just,"CC BY-SA 4.0",2026-08-05,2026-08-14
juster,"""just"" の比較級。","Japanese Wiktionary",https://ja.wiktionary.org/wiki/juster,"CC BY-SA 4.0",2026-08-05,2026-08-14
justly,"公正に。 / 妥当に。 / 正確に。","Japanese Wiktionary",https://ja.wiktionary.org/wiki/justly,"CC BY-SA 4.0",2026-08-05,2026-08-14
juvenilia,"（複数形のみ）若い頃の作品","Japanese Wiktionary",https://ja.wiktionary.org/wiki/juvenilia,"CC BY-SA 4.0",2026-08-05,2026-08-14
kabaddi,"カバディ。","Japanese Wiktionary",https://ja.wiktionary.org/wiki/kabaddi,"CC BY-SA 4.0",2026-08-05,2026-08-14
kabuki,"歌舞伎。","Japanese Wiktionary",https://ja.wiktionary.org/wiki/kabuki,"CC BY-SA 4.0",2026-08-05,2026-08-14
kabuto,"兜。","Japanese Wiktionary",https://ja.wiktionary.org/wiki/kabuto,"CC BY-SA 4.0",2026-08-05,2026-08-14
kado,"華道。","Japanese Wiktionary",https://ja.wiktionary.org/wiki/kado,"CC BY-SA 4.0",2026-08-05,2026-08-14
kagura,"神楽。","Japanese Wiktionary",https://ja.wiktionary.org/wiki/kagura,"CC BY-SA 4.0",2026-08-05,2026-08-14
kaha,"proboscis monkeyに同じ。","Japanese Wiktionary",https://ja.wiktionary.org/wiki/kaha,"CC BY-SA 4.0",2026-08-05,2026-08-14
kai,"食べ物。","Japanese Wiktionary",https://ja.wiktionary.org/wiki/kai,"CC BY-SA 4.0",2026-08-05,2026-08-14
kaizen,"日本の企業における実務の一つであり、性能や生産性を高めるための継続的な改善を指す。 / （上から転じて）継続的な改善。","Japanese Wiktionary",https://ja.wiktionary.org/wiki/kaizen,"CC BY-SA 4.0",2026-08-05,2026-08-14
kaleidoscopic,"万華鏡のような","Japanese Wiktionary",https://ja.wiktionary.org/wiki/kaleidoscopic,"CC BY-SA 4.0",2026-08-05,2026-08-14
kales,"""kale"" の複数形","Japanese Wiktionary",https://ja.wiktionary.org/wiki/kales,"CC BY-SA 4.0",2026-08-05,2026-08-14
kame,"（地質学）氷礫丘、ケイム。","Japanese Wiktionary",https://ja.wiktionary.org/wiki/kame,"CC BY-SA 4.0",2026-08-05,2026-08-14
kames,"kameの複数形。","Japanese Wiktionary",https://ja.wiktionary.org/wiki/kames,"CC BY-SA 4.0",2026-08-05,2026-08-14
kanji,"日本の漢字。","Japanese Wiktionary",https://ja.wiktionary.org/wiki/kanji,"CC BY-SA 4.0",2026-08-05,2026-08-14
katakana,"片仮名。カタカナ。","Japanese Wiktionary",https://ja.wiktionary.org/wiki/katakana,"CC BY-SA 4.0",2026-08-05,2026-08-14
katana,"刀。日本刀。","Japanese Wiktionary",https://ja.wiktionary.org/wiki/katana,"CC BY-SA 4.0",2026-08-05,2026-08-14
katanas,"katanaの複数形。","Japanese Wiktionary",https://ja.wiktionary.org/wiki/katanas,"CC BY-SA 4.0",2026-08-05,2026-08-14
kawara,"瓦。","Japanese Wiktionary",https://ja.wiktionary.org/wiki/kawara,"CC BY-SA 4.0",2026-08-05,2026-08-14
keenly,"熱心に。 / 激しく。 / 敏感に。","Japanese Wiktionary",https://ja.wiktionary.org/wiki/keenly,"CC BY-SA 4.0",2026-08-05,2026-08-14
kendo,"剣道。","Japanese Wiktionary",https://ja.wiktionary.org/wiki/kendo,"CC BY-SA 4.0",2026-08-05,2026-08-14
kettlebell,"ケトルベル。","Japanese Wiktionary",https://ja.wiktionary.org/wiki/kettlebell,"CC BY-SA 4.0",2026-08-05,2026-08-14
kettlebells,"kettlebellの複数形。","Japanese Wiktionary",https://ja.wiktionary.org/wiki/kettlebells,"CC BY-SA 4.0",2026-08-05,2026-08-14
kickboxer,"キックボクサー","Japanese Wiktionary",https://ja.wiktionary.org/wiki/kickboxer,"CC BY-SA 4.0",2026-08-05,2026-08-14
kidnaped,"""kidnap"" の過去形・過去分詞形。","Japanese Wiktionary",https://ja.wiktionary.org/wiki/kidnaped,"CC BY-SA 4.0",2026-08-05,2026-08-14
kidnaping,"""kidnap"" の動名詞形又は現在分詞形。","Japanese Wiktionary",https://ja.wiktionary.org/wiki/kidnaping,"CC BY-SA 4.0",2026-08-05,2026-08-14
kimchi,"キムチ。 / (俗語, 民族差別)朝鮮人、韓国人。","Japanese Wiktionary",https://ja.wiktionary.org/wiki/kimchi,"CC BY-SA 4.0",2026-08-05,2026-08-14
kingly,"王にふさわしい。 / 王の。 / 王者らしい。","Japanese Wiktionary",https://ja.wiktionary.org/wiki/kingly,"CC BY-SA 4.0",2026-08-05,2026-08-14
kir,"キール。","Japanese Wiktionary",https://ja.wiktionary.org/wiki/kir,"CC BY-SA 4.0",2026-08-05,2026-08-14
kirs,"kirの複数形。","Japanese Wiktionary",https://ja.wiktionary.org/wiki/kirs,"CC BY-SA 4.0",2026-08-05,2026-08-14
kleren,"clairinの異綴。","Japanese Wiktionary",https://ja.wiktionary.org/wiki/kleren,"CC BY-SA 4.0",2026-08-05,2026-08-14
knive,"knifeの異形。","Japanese Wiktionary",https://ja.wiktionary.org/wiki/knive,"CC BY-SA 4.0",2026-08-05,2026-08-14
knowhow,"know-howの異綴。","Japanese Wiktionary",https://ja.wiktionary.org/wiki/knowhow,"CC BY-SA 4.0",2026-08-05,2026-08-14
knowingly,"分かったように。 / 故意に。","Japanese Wiktionary",https://ja.wiktionary.org/wiki/knowingly,"CC BY-SA 4.0",2026-08-05,2026-08-14
knowledgable,"knowledgeableの異綴。","Japanese Wiktionary",https://ja.wiktionary.org/wiki/knowledgable,"CC BY-SA 4.0",2026-08-05,2026-08-14
knowledgeable,"博識な。知性のある。聡明な。 / 博識な人。","Japanese Wiktionary",https://ja.wiktionary.org/wiki/knowledgeable,"CC BY-SA 4.0",2026-08-05,2026-08-14
knowledgeably,"博識に。知識が豊富で。","Japanese Wiktionary",https://ja.wiktionary.org/wiki/knowledgeably,"CC BY-SA 4.0",2026-08-05,2026-08-14
knowns,"""known"" の複数形","Japanese Wiktionary",https://ja.wiktionary.org/wiki/knowns,"CC BY-SA 4.0",2026-08-05,2026-08-14
knyfe,"knifeの廃用。","Japanese Wiktionary",https://ja.wiktionary.org/wiki/knyfe,"CC BY-SA 4.0",2026-08-05,2026-08-14
kokanee,"ヒメマス。","Japanese Wiktionary",https://ja.wiktionary.org/wiki/kokanee,"CC BY-SA 4.0",2026-08-05,2026-08-14
kokoro,"心。","Japanese Wiktionary",https://ja.wiktionary.org/wiki/kokoro,"CC BY-SA 4.0",2026-08-05,2026-08-14
kora,"西アフリカの弦楽器の一つ。コラ。","Japanese Wiktionary",https://ja.wiktionary.org/wiki/kora,"CC BY-SA 4.0",2026-08-05,2026-08-14
koranic,"Qur'anicの異綴。","Japanese Wiktionary",https://ja.wiktionary.org/wiki/koranic,"CC BY-SA 4.0",2026-08-05,2026-08-14
kukri,"ククリ。","Japanese Wiktionary",https://ja.wiktionary.org/wiki/kukri,"CC BY-SA 4.0",2026-08-05,2026-08-14
kumara,"さつまいも。","Japanese Wiktionary",https://ja.wiktionary.org/wiki/kumara,"CC BY-SA 4.0",2026-08-05,2026-08-14
kuri,"庫裏。","Japanese Wiktionary",https://ja.wiktionary.org/wiki/kuri,"CC BY-SA 4.0",2026-08-05,2026-08-14
kursi,"クルアーンを置く台。","Japanese Wiktionary",https://ja.wiktionary.org/wiki/kursi,"CC BY-SA 4.0",2026-08-05,2026-08-14
kya,"kiloyear ago（1000年前）の略。","Japanese Wiktionary",https://ja.wiktionary.org/wiki/kya,"CC BY-SA 4.0",2026-08-05,2026-08-14
kyr,"kiloyearの略。","Japanese Wiktionary",https://ja.wiktionary.org/wiki/kyr,"CC BY-SA 4.0",2026-08-05,2026-08-14
kyudo,"弓道。","Japanese Wiktionary",https://ja.wiktionary.org/wiki/kyudo,"CC BY-SA 4.0",2026-08-05,2026-08-14
labcoat,"lab coatの異綴。","Japanese Wiktionary",https://ja.wiktionary.org/wiki/labcoat,"CC BY-SA 4.0",2026-08-05,2026-08-14
labeling,"ラベル付け。 / 標識化。 / labelの現在分詞。","Japanese Wiktionary",https://ja.wiktionary.org/wiki/labeling,"CC BY-SA 4.0",2026-08-05,2026-08-14
labelings,"labelingの複数形。","Japanese Wiktionary",https://ja.wiktionary.org/wiki/labelings,"CC BY-SA 4.0",2026-08-05,2026-08-14
labia,"（左右対の）陰唇。","Japanese Wiktionary",https://ja.wiktionary.org/wiki/labia,"CC BY-SA 4.0",2026-08-05,2026-08-14
laboratorium,"実験室、研究所。","Japanese Wiktionary",https://ja.wiktionary.org/wiki/laboratorium,"CC BY-SA 4.0",2026-08-05,2026-08-14
laboring,"""labor"" の動名詞形又は現在分詞形。","Japanese Wiktionary",https://ja.wiktionary.org/wiki/laboring,"CC BY-SA 4.0",2026-08-05,2026-08-14
laborious,"骨の折れる、労力を要する。 / ぎこちない。 / 勤勉な、よく働く。","Japanese Wiktionary",https://ja.wiktionary.org/wiki/laborious,"CC BY-SA 4.0",2026-08-05,2026-08-14
laboriously,"苦労して、難儀して。","Japanese Wiktionary",https://ja.wiktionary.org/wiki/laboriously,"CC BY-SA 4.0",2026-08-05,2026-08-14
labyrinthine,"迷路のような。 / 内耳の。 / 入り組んだ。","Japanese Wiktionary",https://ja.wiktionary.org/wiki/labyrinthine,"CC BY-SA 4.0",2026-08-05,2026-08-14
lackadaisical,"意欲のない。無関心の。 / 怠惰な。","Japanese Wiktionary",https://ja.wiktionary.org/wiki/lackadaisical,"CC BY-SA 4.0",2026-08-05,2026-08-14
lackland,"土地を持っていない者。土地を失った者。","Japanese Wiktionary",https://ja.wiktionary.org/wiki/lackland,"CC BY-SA 4.0",2026-08-05,2026-08-14
lackluster,"精彩のない、（演技などが）パッとしない、冴えない。 / （目などが）どんよりとした。 / 活気のなさ、つやの欠如","Japanese Wiktionary",https://ja.wiktionary.org/wiki/lackluster,"CC BY-SA 4.0",2026-08-05,2026-08-14
lacrimal,"lachrymalの異綴","Japanese Wiktionary",https://ja.wiktionary.org/wiki/lacrimal,"CC BY-SA 4.0",2026-08-05,2026-08-14
lactational,"乳の分泌の。 / 授乳の。","Japanese Wiktionary",https://ja.wiktionary.org/wiki/lactational,"CC BY-SA 4.0",2026-08-05,2026-08-14
lactic,"乳の。","Japanese Wiktionary",https://ja.wiktionary.org/wiki/lactic,"CC BY-SA 4.0",2026-08-05,2026-08-14
lamentable,"悲しい、悲嘆した、嘆かわしい。","Japanese Wiktionary",https://ja.wiktionary.org/wiki/lamentable,"CC BY-SA 4.0",2026-08-05,2026-08-14
laminae,"laminaの複数形。","Japanese Wiktionary",https://ja.wiktionary.org/wiki/laminae,"CC BY-SA 4.0",2026-08-05,2026-08-14
laminar,"層流の。 / 薄板状の。薄層状の。","Japanese Wiktionary",https://ja.wiktionary.org/wiki/laminar,"CC BY-SA 4.0",2026-08-05,2026-08-14
lamping,"（狩り）ランピング。 / 輝く。煌めく。","Japanese Wiktionary",https://ja.wiktionary.org/wiki/lamping,"CC BY-SA 4.0",2026-08-05,2026-08-14
largely,"大きく。 / ほとんど、概ね。 / 広々と。 / 十分に。","Japanese Wiktionary",https://ja.wiktionary.org/wiki/largely,"CC BY-SA 4.0",2026-08-05,2026-08-14
lascivious,"好色な、淫らな、煽情的な。","Japanese Wiktionary",https://ja.wiktionary.org/wiki/lascivious,"CC BY-SA 4.0",2026-08-05,2026-08-14
lastly,"最後に、終りに","Japanese Wiktionary",https://ja.wiktionary.org/wiki/lastly,"CC BY-SA 4.0",2026-08-05,2026-08-14
latent,"表に出ていない、潜んでいる、隠れている、潜在的な。","Japanese Wiktionary",https://ja.wiktionary.org/wiki/latent,"CC BY-SA 4.0",2026-08-05,2026-08-14
latissimus,"latissimus dorsiの略。","Japanese Wiktionary",https://ja.wiktionary.org/wiki/latissimus,"CC BY-SA 4.0",2026-08-05,2026-08-14
latitudinal,"緯度の。","Japanese Wiktionary",https://ja.wiktionary.org/wiki/latitudinal,"CC BY-SA 4.0",2026-08-05,2026-08-14
latus,"脇腹、横腹。","Japanese Wiktionary",https://ja.wiktionary.org/wiki/latus,"CC BY-SA 4.0",2026-08-05,2026-08-14
laught,"laughの過去形・過去分詞。 / latchの過去形・過去分詞。","Japanese Wiktionary",https://ja.wiktionary.org/wiki/laught,"CC BY-SA 4.0",2026-08-05,2026-08-14
lavers,"laverの複数形。","Japanese Wiktionary",https://ja.wiktionary.org/wiki/lavers,"CC BY-SA 4.0",2026-08-05,2026-08-14
lavishly,"気前良く。","Japanese Wiktionary",https://ja.wiktionary.org/wiki/lavishly,"CC BY-SA 4.0",2026-08-05,2026-08-14
lavy,"気前がいい、寛大な。 / ウミバト（guillemot）。","Japanese Wiktionary",https://ja.wiktionary.org/wiki/lavy,"CC BY-SA 4.0",2026-08-05,2026-08-14
lawbook,"法律書。","Japanese Wiktionary",https://ja.wiktionary.org/wiki/lawbook,"CC BY-SA 4.0",2026-08-05,2026-08-14
lawful,"合法の。法律で認められた。 / 法律を遵守する。","Japanese Wiktionary",https://ja.wiktionary.org/wiki/lawful,"CC BY-SA 4.0",2026-08-05,2026-08-14
lawing,"""law"" の動名詞形又は現在分詞形。","Japanese Wiktionary",https://ja.wiktionary.org/wiki/lawing,"CC BY-SA 4.0",2026-08-05,2026-08-14
lawyering,"弁護士業。 / lawyerの現在分詞。","Japanese Wiktionary",https://ja.wiktionary.org/wiki/lawyering,"CC BY-SA 4.0",2026-08-05,2026-08-14
lawyerly,"弁護士のような。法律家のような。","Japanese Wiktionary",https://ja.wiktionary.org/wiki/lawyerly,"CC BY-SA 4.0",2026-08-05,2026-08-14
leafless,"葉のない","Japanese Wiktionary",https://ja.wiktionary.org/wiki/leafless,"CC BY-SA 4.0",2026-08-05,2026-08-14
leal,"忠実な、忠誠な、誠実な。 / 本物の。","Japanese Wiktionary",https://ja.wiktionary.org/wiki/leal,"CC BY-SA 4.0",2026-08-05,2026-08-14
leanest,"leanの最上級。 / leanの直説法現在第二人称単数形。","Japanese Wiktionary",https://ja.wiktionary.org/wiki/leanest,"CC BY-SA 4.0",2026-08-05,2026-08-14
leaved,"leave（許す、葉をつける、課す）の過去形・過去分詞。 / 葉をつけた。","Japanese Wiktionary",https://ja.wiktionary.org/wiki/leaved,"CC BY-SA 4.0",2026-08-05,2026-08-14
leftmost,"""left"" の最上級。","Japanese Wiktionary",https://ja.wiktionary.org/wiki/leftmost,"CC BY-SA 4.0",2026-08-05,2026-08-14
legal,"法的な、法律上の、法定の、法に関する / 合法の、法で認められた / 法定投資","Japanese Wiktionary",https://ja.wiktionary.org/wiki/legal,"CC BY-SA 4.0",2026-08-05,2026-08-14
legally,"法的に、法律上。 / 合法的に。","Japanese Wiktionary",https://ja.wiktionary.org/wiki/legally,"CC BY-SA 4.0",2026-08-05,2026-08-14
legendary,"伝説の。伝説的な。伝説に登場する。語り継がれている。 / 伝説集。","Japanese Wiktionary",https://ja.wiktionary.org/wiki/legendary,"CC BY-SA 4.0",2026-08-05,2026-08-14
leggo,"let go","Japanese Wiktionary",https://ja.wiktionary.org/wiki/leggo,"CC BY-SA 4.0",2026-08-05,2026-08-14
legible,"(字が) 読める。読みやすい。読み取れる。","Japanese Wiktionary",https://ja.wiktionary.org/wiki/legible,"CC BY-SA 4.0",2026-08-05,2026-08-14
legibly,"読みやすく。","Japanese Wiktionary",https://ja.wiktionary.org/wiki/legibly,"CC BY-SA 4.0",2026-08-05,2026-08-14
leisurely,"暇な、余暇の。 / ゆっくりした、悠然とした。 / ゆっくりと、悠然と。","Japanese Wiktionary",https://ja.wiktionary.org/wiki/leisurely,"CC BY-SA 4.0",2026-08-05,2026-08-14
lema,"眼瞼脂","Japanese Wiktionary",https://ja.wiktionary.org/wiki/lema,"CC BY-SA 4.0",2026-08-05,2026-08-14
lemmata,"""lemma"" の複数形","Japanese Wiktionary",https://ja.wiktionary.org/wiki/lemmata,"CC BY-SA 4.0",2026-08-05,2026-08-14
lenient,"寛大な、慈悲深い","Japanese Wiktionary",https://ja.wiktionary.org/wiki/lenient,"CC BY-SA 4.0",2026-08-05,2026-08-14
leniently,"寛大に、慈悲深く","Japanese Wiktionary",https://ja.wiktionary.org/wiki/leniently,"CC BY-SA 4.0",2026-08-05,2026-08-14
lento,"レントの。遅い。 / レントで。遅く。 / レント。","Japanese Wiktionary",https://ja.wiktionary.org/wiki/lento,"CC BY-SA 4.0",2026-08-05,2026-08-14
lept,"leapの過去形。","Japanese Wiktionary",https://ja.wiktionary.org/wiki/lept,"CC BY-SA 4.0",2026-08-05,2026-08-14
lesse,"lessの旧綴り。","Japanese Wiktionary",https://ja.wiktionary.org/wiki/lesse,"CC BY-SA 4.0",2026-08-05,2026-08-14
lesser,"""little"" の比較級形。 / 小型の、より少ない、より小さい、より重要でない、劣った。 / 小型、少量、些細、劣化。","Japanese Wiktionary",https://ja.wiktionary.org/wiki/lesser,"CC BY-SA 4.0",2026-08-05,2026-08-14
lest,"（条件節に用い）もし、～でないならば。～の無いように。～しないように","Japanese Wiktionary",https://ja.wiktionary.org/wiki/lest,"CC BY-SA 4.0",2026-08-05,2026-08-14
lethargic,"無気力な、けだるい。 / 昏睡状態の。","Japanese Wiktionary",https://ja.wiktionary.org/wiki/lethargic,"CC BY-SA 4.0",2026-08-05,2026-08-14
leucemia,"leukemiaの異綴。","Japanese Wiktionary",https://ja.wiktionary.org/wiki/leucemia,"CC BY-SA 4.0",2026-08-05,2026-08-14
leveled,"levelの過去形・過去分詞","Japanese Wiktionary",https://ja.wiktionary.org/wiki/leveled,"CC BY-SA 4.0",2026-08-05,2026-08-14
leven,"稲妻。 / leavenの異綴。","Japanese Wiktionary",https://ja.wiktionary.org/wiki/leven,"CC BY-SA 4.0",2026-08-05,2026-08-14
lewd,"淫らな。猥褻な。","Japanese Wiktionary",https://ja.wiktionary.org/wiki/lewd,"CC BY-SA 4.0",2026-08-05,2026-08-14
lewdly,"淫らに、猥褻に。","Japanese Wiktionary",https://ja.wiktionary.org/wiki/lewdly,"CC BY-SA 4.0",2026-08-05,2026-08-14
lexica,"lexiconの複数形。","Japanese Wiktionary",https://ja.wiktionary.org/wiki/lexica,"CC BY-SA 4.0",2026-08-05,2026-08-14
lexical,"語彙の。 / 辞書の。","Japanese Wiktionary",https://ja.wiktionary.org/wiki/lexical,"CC BY-SA 4.0",2026-08-05,2026-08-14
lexicalized,"lexicalizeの過去形・過去分詞。","Japanese Wiktionary",https://ja.wiktionary.org/wiki/lexicalized,"CC BY-SA 4.0",2026-08-05,2026-08-14
liable,"法的に責任のある。 / ～しがちな。～しやすい。 / 陥りやすい。","Japanese Wiktionary",https://ja.wiktionary.org/wiki/liable,"CC BY-SA 4.0",2026-08-05,2026-08-14
libellous,"libelousの異綴","Japanese Wiktionary",https://ja.wiktionary.org/wiki/libellous,"CC BY-SA 4.0",2026-08-05,2026-08-14
libelous,"（文書が）中傷の、名誉棄損の。","Japanese Wiktionary",https://ja.wiktionary.org/wiki/libelous,"CC BY-SA 4.0",2026-08-05,2026-08-14
liberally,"自由に、リベラルに / 気前よく / 大量に","Japanese Wiktionary",https://ja.wiktionary.org/wiki/liberally,"CC BY-SA 4.0",2026-08-05,2026-08-14
licencing,"licenceの現在分詞。 / licensingの異綴。","Japanese Wiktionary",https://ja.wiktionary.org/wiki/licencing,"CC BY-SA 4.0",2026-08-05,2026-08-14
licentious,"猥褻な。 / 規範から外れた、破格の。","Japanese Wiktionary",https://ja.wiktionary.org/wiki/licentious,"CC BY-SA 4.0",2026-08-05,2026-08-14
lieder,"liedの複数形。","Japanese Wiktionary",https://ja.wiktionary.org/wiki/lieder,"CC BY-SA 4.0",2026-08-05,2026-08-14
lier,"横たわる人 / 休息する人 / liarの廃語。 / liarの綴り間違い。","Japanese Wiktionary",https://ja.wiktionary.org/wiki/lier,"CC BY-SA 4.0",2026-08-05,2026-08-14
lifeless,"生命を失った。死んだ。 / 初めから生命を持たない。 / 元気のない、活気のない。 / 意識不明の。","Japanese Wiktionary",https://ja.wiktionary.org/wiki/lifeless,"CC BY-SA 4.0",2026-08-05,2026-08-14
lifelike,"生きているような。そっくりの。リアルな。","Japanese Wiktionary",https://ja.wiktionary.org/wiki/lifelike,"CC BY-SA 4.0",2026-08-05,2026-08-14
lifelong,"生涯の、一生の。","Japanese Wiktionary",https://ja.wiktionary.org/wiki/lifelong,"CC BY-SA 4.0",2026-08-05,2026-08-14
lightly,"軽く。 / 軽やかに。 / 軽率に。 / 冷淡に。 / 無関心に。 / 容易に。 / 陽気に。","Japanese Wiktionary",https://ja.wiktionary.org/wiki/lightly,"CC BY-SA 4.0",2026-08-05,2026-08-14
likable,"好感の持てる、感じのいい。","Japanese Wiktionary",https://ja.wiktionary.org/wiki/likable,"CC BY-SA 4.0",2026-08-05,2026-08-14
likewise,"同様に。 / もまた。さらに。 / 私もまた。","Japanese Wiktionary",https://ja.wiktionary.org/wiki/likewise,"CC BY-SA 4.0",2026-08-05,2026-08-14
limbless,"手足の無い。","Japanese Wiktionary",https://ja.wiktionary.org/wiki/limbless,"CC BY-SA 4.0",2026-08-05,2026-08-14
limpid,"澄んだ。透明な。","Japanese Wiktionary",https://ja.wiktionary.org/wiki/limpid,"CC BY-SA 4.0",2026-08-05,2026-08-14
linea,"リネア、惑星や衛星の表面に細長く伸びた模様。","Japanese Wiktionary",https://ja.wiktionary.org/wiki/linea,"CC BY-SA 4.0",2026-08-05,2026-08-14
linear,"線状の。 / 線の。直線の。 / （葉が）長くて狭い。 / 線形の。一次の。 / 長さの。縦の。","Japanese Wiktionary",https://ja.wiktionary.org/wiki/linear,"CC BY-SA 4.0",2026-08-05,2026-08-14
linguistically,"言語学的に。","Japanese Wiktionary",https://ja.wiktionary.org/wiki/linguistically,"CC BY-SA 4.0",2026-08-05,2026-08-14
listless,"元気のない。物憂げな","Japanese Wiktionary",https://ja.wiktionary.org/wiki/listless,"CC BY-SA 4.0",2026-08-05,2026-08-14
listlessly,"元気なく。物憂げに","Japanese Wiktionary",https://ja.wiktionary.org/wiki/listlessly,"CC BY-SA 4.0",2026-08-05,2026-08-14
literally,"文字通りに。 / 逐語的に。一語一語。直訳で。 / 本当に。まさに。まじで。 / ただ単に。","Japanese Wiktionary",https://ja.wiktionary.org/wiki/literally,"CC BY-SA 4.0",2026-08-05,2026-08-14
literary,"文学に関する。 / 文筆業に関する。 / 文学的知識がある、文才がある。 / 文学的表現の。 / 文語の。","Japanese Wiktionary",https://ja.wiktionary.org/wiki/literary,"CC BY-SA 4.0",2026-08-05,2026-08-14
lithia,"酸化リチウム。","Japanese Wiktionary",https://ja.wiktionary.org/wiki/lithia,"CC BY-SA 4.0",2026-08-05,2026-08-14
lithic,"石の。 / リチウムの。 / 結石の。","Japanese Wiktionary",https://ja.wiktionary.org/wiki/lithic,"CC BY-SA 4.0",2026-08-05,2026-08-14
logarithmic,"対数の。","Japanese Wiktionary",https://ja.wiktionary.org/wiki/logarithmic,"CC BY-SA 4.0",2026-08-05,2026-08-14
loma,"弁、側膜。 / lomasの個体名詞。","Japanese Wiktionary",https://ja.wiktionary.org/wiki/loma,"CC BY-SA 4.0",2026-08-05,2026-08-14
lone,"孤立した / 唯一の","Japanese Wiktionary",https://ja.wiktionary.org/wiki/lone,"CC BY-SA 4.0",2026-08-05,2026-08-14
lonesome,"（気持ちが）孤独で寂しい。人恋しい。心細い。 / （場所などが）寂しい雰囲気である。侘しい。人気がなく孤独を感じさせる。","Japanese Wiktionary",https://ja.wiktionary.org/wiki/lonesome,"CC BY-SA 4.0",2026-08-05,2026-08-14
longe,"馬の調教で用いる長いロープ。調馬索。 / 突進、推進、フェンシングの刺突。 / 馬術の訓練場。 / ～に調馬索を行う。","Japanese Wiktionary",https://ja.wiktionary.org/wiki/longe,"CC BY-SA 4.0",2026-08-05,2026-08-14
longingly,"切望して","Japanese Wiktionary",https://ja.wiktionary.org/wiki/longingly,"CC BY-SA 4.0",2026-08-05,2026-08-14
longish,"やや長い、長めの。","Japanese Wiktionary",https://ja.wiktionary.org/wiki/longish,"CC BY-SA 4.0",2026-08-05,2026-08-14
longtime,"長年の、積年の、長期間の、長期に亘る","Japanese Wiktionary",https://ja.wiktionary.org/wiki/longtime,"CC BY-SA 4.0",2026-08-05,2026-08-14
loosers,"""looser"" の複数形","Japanese Wiktionary",https://ja.wiktionary.org/wiki/loosers,"CC BY-SA 4.0",2026-08-05,2026-08-14
lopen,"""leap"" の過去分詞形。","Japanese Wiktionary",https://ja.wiktionary.org/wiki/lopen,"CC BY-SA 4.0",2026-08-05,2026-08-14
loquacious,"饒舌な。多弁な。","Japanese Wiktionary",https://ja.wiktionary.org/wiki/loquacious,"CC BY-SA 4.0",2026-08-05,2026-08-14
lorn,"孤独な / 見捨てられた / 廃墟となった","Japanese Wiktionary",https://ja.wiktionary.org/wiki/lorn,"CC BY-SA 4.0",2026-08-05,2026-08-14
loudly,"大音量で、大声で。","Japanese Wiktionary",https://ja.wiktionary.org/wiki/loudly,"CC BY-SA 4.0",2026-08-05,2026-08-14
lovechild,"love childの異綴。","Japanese Wiktionary",https://ja.wiktionary.org/wiki/lovechild,"CC BY-SA 4.0",2026-08-05,2026-08-14
lovelorn,"失恋した","Japanese Wiktionary",https://ja.wiktionary.org/wiki/lovelorn,"CC BY-SA 4.0",2026-08-05,2026-08-14
lovesick,"恋煩いの、恋に悩む。","Japanese Wiktionary",https://ja.wiktionary.org/wiki/lovesick,"CC BY-SA 4.0",2026-08-05,2026-08-14
lovingly,"愛情を込めて。親切に。","Japanese Wiktionary",https://ja.wiktionary.org/wiki/lovingly,"CC BY-SA 4.0",2026-08-05,2026-08-14
lowdown,"（俗語）真相。スクープ。","Japanese Wiktionary",https://ja.wiktionary.org/wiki/lowdown,"CC BY-SA 4.0",2026-08-05,2026-08-14
loyal,"忠実な。忠誠な。誠実な。","Japanese Wiktionary",https://ja.wiktionary.org/wiki/loyal,"CC BY-SA 4.0",2026-08-05,2026-08-14
loyally,"忠実に。誠実に。","Japanese Wiktionary",https://ja.wiktionary.org/wiki/loyally,"CC BY-SA 4.0",2026-08-05,2026-08-14
lucid,"明晰な。わかりやすい。 / 正気の。 / 明るい。澄んだ。","Japanese Wiktionary",https://ja.wiktionary.org/wiki/lucid,"CC BY-SA 4.0",2026-08-05,2026-08-14
luckily,"幸運にも。","Japanese Wiktionary",https://ja.wiktionary.org/wiki/luckily,"CC BY-SA 4.0",2026-08-05,2026-08-14
lucrative,"利益の大きい、儲かる","Japanese Wiktionary",https://ja.wiktionary.org/wiki/lucrative,"CC BY-SA 4.0",2026-08-05,2026-08-14
ludus,"学校の中でも、以下の類を指す: / 剣闘士の育成校。 / 読み書き、計算、時にギリシア語を教える私立校。","Japanese Wiktionary",https://ja.wiktionary.org/wiki/ludus,"CC BY-SA 4.0",2026-08-05,2026-08-14
luggages,"""luggage""の複数形。","Japanese Wiktionary",https://ja.wiktionary.org/wiki/luggages,"CC BY-SA 4.0",2026-08-05,2026-08-14
lujvo,"合成語。複合語。","Japanese Wiktionary",https://ja.wiktionary.org/wiki/lujvo,"CC BY-SA 4.0",2026-08-05,2026-08-14
lukewarm,"ぬるい、生暖かい。 / 熱心ではない、冷めた。","Japanese Wiktionary",https://ja.wiktionary.org/wiki/lukewarm,"CC BY-SA 4.0",2026-08-05,2026-08-14
lumbar,"腰の。腰部の。腰椎の。","Japanese Wiktionary",https://ja.wiktionary.org/wiki/lumbar,"CC BY-SA 4.0",2026-08-05,2026-08-14
lumina,"lumenの複数形。","Japanese Wiktionary",https://ja.wiktionary.org/wiki/lumina,"CC BY-SA 4.0",2026-08-05,2026-08-14
lumines,"lumineの直説法現在第三人称単数形。","Japanese Wiktionary",https://ja.wiktionary.org/wiki/lumines,"CC BY-SA 4.0",2026-08-05,2026-08-14
luminous,"光る、発光する。 / 明るい、輝く。 / 聡明な、明快な。","Japanese Wiktionary",https://ja.wiktionary.org/wiki/luminous,"CC BY-SA 4.0",2026-08-05,2026-08-14
lumpsum,"一括払いの。 / lump sumの異綴。","Japanese Wiktionary",https://ja.wiktionary.org/wiki/lumpsum,"CC BY-SA 4.0",2026-08-05,2026-08-14
lunar,"月の、月に関係のある。 / 三日月形の。類義語: lunate。 / 銀の、銀に関する。","Japanese Wiktionary",https://ja.wiktionary.org/wiki/lunar,"CC BY-SA 4.0",2026-08-05,2026-08-14
lune,"弓形。三日月形。 / 鷹狩りの際に鷹を繋ぐひも。","Japanese Wiktionary",https://ja.wiktionary.org/wiki/lune,"CC BY-SA 4.0",2026-08-05,2026-08-14
lunes,"luneの複数形。","Japanese Wiktionary",https://ja.wiktionary.org/wiki/lunes,"CC BY-SA 4.0",2026-08-05,2026-08-14
lustful,"貪欲な。 / 好色な、淫らな。","Japanese Wiktionary",https://ja.wiktionary.org/wiki/lustful,"CC BY-SA 4.0",2026-08-05,2026-08-14
lustfully,"好色に、淫らに。","Japanese Wiktionary",https://ja.wiktionary.org/wiki/lustfully,"CC BY-SA 4.0",2026-08-05,2026-08-14
lustrous,"光沢のある。つややかな。 / 輝かしい。","Japanese Wiktionary",https://ja.wiktionary.org/wiki/lustrous,"CC BY-SA 4.0",2026-08-05,2026-08-14
lutea,"luteumの複数形。","Japanese Wiktionary",https://ja.wiktionary.org/wiki/lutea,"CC BY-SA 4.0",2026-08-05,2026-08-14
luteum,"黄体。","Japanese Wiktionary",https://ja.wiktionary.org/wiki/luteum,"CC BY-SA 4.0",2026-08-05,2026-08-14
luxuriant,"（植物などが）茂った、繁茂した。 / （装飾・文体などが）華麗な、凝った。","Japanese Wiktionary",https://ja.wiktionary.org/wiki/luxuriant,"CC BY-SA 4.0",2026-08-05,2026-08-14
luxurious,"贅沢な、豪華な","Japanese Wiktionary",https://ja.wiktionary.org/wiki/luxurious,"CC BY-SA 4.0",2026-08-05,2026-08-14
luxuriously,"贅沢に、豪華に","Japanese Wiktionary",https://ja.wiktionary.org/wiki/luxuriously,"CC BY-SA 4.0",2026-08-05,2026-08-14
lyred,"lyreの過去形・過去分詞。","Japanese Wiktionary",https://ja.wiktionary.org/wiki/lyred,"CC BY-SA 4.0",2026-08-05,2026-08-14
lyrical,"歌詞の。 / 叙情的な。 / 熱烈な、感傷的な。","Japanese Wiktionary",https://ja.wiktionary.org/wiki/lyrical,"CC BY-SA 4.0",2026-08-05,2026-08-14
lyrically,"（歌声が）軽やかに。 / 叙情的に。 / 熱烈に。","Japanese Wiktionary",https://ja.wiktionary.org/wiki/lyrically,"CC BY-SA 4.0",2026-08-05,2026-08-14
maca,"マカ。","Japanese Wiktionary",https://ja.wiktionary.org/wiki/maca,"CC BY-SA 4.0",2026-08-05,2026-08-14
madly,"狂ったように / 猛烈に","Japanese Wiktionary",https://ja.wiktionary.org/wiki/madly,"CC BY-SA 4.0",2026-08-05,2026-08-14
maggiore,"長調の。","Japanese Wiktionary",https://ja.wiktionary.org/wiki/maggiore,"CC BY-SA 4.0",2026-08-05,2026-08-14
maghrib,"マグリブ、マグリブ礼拝。","Japanese Wiktionary",https://ja.wiktionary.org/wiki/maghrib,"CC BY-SA 4.0",2026-08-05,2026-08-14
magical,"魔法の / 不思議な / 魅惑的な","Japanese Wiktionary",https://ja.wiktionary.org/wiki/magical,"CC BY-SA 4.0",2026-08-05,2026-08-14
magically,"魔法のように、魔法にかかったように、不思議に。","Japanese Wiktionary",https://ja.wiktionary.org/wiki/magically,"CC BY-SA 4.0",2026-08-05,2026-08-14
magnanimous,"寛大な、寛容な。","Japanese Wiktionary",https://ja.wiktionary.org/wiki/magnanimous,"CC BY-SA 4.0",2026-08-05,2026-08-14
magnanimously,"寛大に、寛容に。","Japanese Wiktionary",https://ja.wiktionary.org/wiki/magnanimously,"CC BY-SA 4.0",2026-08-05,2026-08-14
magnificent,"壮大な。壮麗な。堂堂とした。 / 気高い。崇高な。 / すばらしい。立派な。","Japanese Wiktionary",https://ja.wiktionary.org/wiki/magnificent,"CC BY-SA 4.0",2026-08-05,2026-08-14
magnificently,"壮大に。壮麗に。雄大に。堂堂と。","Japanese Wiktionary",https://ja.wiktionary.org/wiki/magnificently,"CC BY-SA 4.0",2026-08-05,2026-08-14
mainly,"強制的に。[14-17世紀] / 大声で。[14-19世紀] / かなり。[15-19世紀]} / 主に。","Japanese Wiktionary",https://ja.wiktionary.org/wiki/mainly,"CC BY-SA 4.0",2026-08-05,2026-08-14
mainpage,"main pageの異表記。","Japanese Wiktionary",https://ja.wiktionary.org/wiki/mainpage,"CC BY-SA 4.0",2026-08-05,2026-08-14
maj,"maj.の異形。","Japanese Wiktionary",https://ja.wiktionary.org/wiki/maj,"CC BY-SA 4.0",2026-08-05,2026-08-14
majestic,"威厳のある、荘厳な。","Japanese Wiktionary",https://ja.wiktionary.org/wiki/majestic,"CC BY-SA 4.0",2026-08-05,2026-08-14
makai,"（ハワイ）海の方へ","Japanese Wiktionary",https://ja.wiktionary.org/wiki/makai,"CC BY-SA 4.0",2026-08-05,2026-08-14
maleficent,"有害な、悪事を働く。","Japanese Wiktionary",https://ja.wiktionary.org/wiki/maleficent,"CC BY-SA 4.0",2026-08-05,2026-08-14
malevolent,"悪意のある。 / 害悪を及ぼす。","Japanese Wiktionary",https://ja.wiktionary.org/wiki/malevolent,"CC BY-SA 4.0",2026-08-05,2026-08-14
malic,"りんごの、りんごに関する。 / リンゴ酸の。","Japanese Wiktionary",https://ja.wiktionary.org/wiki/malic,"CC BY-SA 4.0",2026-08-05,2026-08-14
malicious,"悪意のある / 意地の悪い","Japanese Wiktionary",https://ja.wiktionary.org/wiki/malicious,"CC BY-SA 4.0",2026-08-05,2026-08-14
maliciously,"悪意を持って。","Japanese Wiktionary",https://ja.wiktionary.org/wiki/maliciously,"CC BY-SA 4.0",2026-08-05,2026-08-14
malleable,"可鍛性の、展性のある。 / （人が）影響されやすい。 / 従順な。","Japanese Wiktionary",https://ja.wiktionary.org/wiki/malleable,"CC BY-SA 4.0",2026-08-05,2026-08-14
mallei,"malleusの複数形。","Japanese Wiktionary",https://ja.wiktionary.org/wiki/mallei,"CC BY-SA 4.0",2026-08-05,2026-08-14
maltose,"マルトース、麦芽糖。","Japanese Wiktionary",https://ja.wiktionary.org/wiki/maltose,"CC BY-SA 4.0",2026-08-05,2026-08-14
malum,"悪、悪事。","Japanese Wiktionary",https://ja.wiktionary.org/wiki/malum,"CC BY-SA 4.0",2026-08-05,2026-08-14
maned,"鬣のある","Japanese Wiktionary",https://ja.wiktionary.org/wiki/maned,"CC BY-SA 4.0",2026-08-05,2026-08-14
maneuverable,"操縦可能な。","Japanese Wiktionary",https://ja.wiktionary.org/wiki/maneuverable,"CC BY-SA 4.0",2026-08-05,2026-08-14
manfully,"果敢に、勇敢に。","Japanese Wiktionary",https://ja.wiktionary.org/wiki/manfully,"CC BY-SA 4.0",2026-08-05,2026-08-14
manga,"日本の又は日本風のアニメ。 / 日本の又は日本風の漫画。 / 商業ベースに乗った漫画。対義語 doujinshi","Japanese Wiktionary",https://ja.wiktionary.org/wiki/manga,"CC BY-SA 4.0",2026-08-05,2026-08-14
manju,"饅頭。","Japanese Wiktionary",https://ja.wiktionary.org/wiki/manju,"CC BY-SA 4.0",2026-08-05,2026-08-14
many,"（数が）多い、多くの、たくさんの。 / 多数派の人。多くの人たち。 / 多くの人、多数派、多衆。","Japanese Wiktionary",https://ja.wiktionary.org/wiki/many,"CC BY-SA 4.0",2026-08-05,2026-08-14
marbled,"marbleの過去形・過去分詞形。 / 大理石の。 / 大理石貼りの、大理石で飾った。 / 大理石様の、大理石状の。 / （肉）霜降りの。","Japanese Wiktionary",https://ja.wiktionary.org/wiki/marbled,"CC BY-SA 4.0",2026-08-05,2026-08-14
mardo,"キアシアンテキヌス。","Japanese Wiktionary",https://ja.wiktionary.org/wiki/mardo,"CC BY-SA 4.0",2026-08-05,2026-08-14
marginally,"僅かに。","Japanese Wiktionary",https://ja.wiktionary.org/wiki/marginally,"CC BY-SA 4.0",2026-08-05,2026-08-14
margo,"縁。","Japanese Wiktionary",https://ja.wiktionary.org/wiki/margo,"CC BY-SA 4.0",2026-08-05,2026-08-14
marital,"結婚の、婚姻の、夫婦の。 / 夫の。","Japanese Wiktionary",https://ja.wiktionary.org/wiki/marital,"CC BY-SA 4.0",2026-08-05,2026-08-14
markdown,"値下げ（額）。","Japanese Wiktionary",https://ja.wiktionary.org/wiki/markdown,"CC BY-SA 4.0",2026-08-05,2026-08-14
markdowns,"markdownの複数形。","Japanese Wiktionary",https://ja.wiktionary.org/wiki/markdowns,"CC BY-SA 4.0",2026-08-05,2026-08-14
markt,"markの過去形・過去分詞。","Japanese Wiktionary",https://ja.wiktionary.org/wiki/markt,"CC BY-SA 4.0",2026-08-05,2026-08-14
marras,"marraの複数形。","Japanese Wiktionary",https://ja.wiktionary.org/wiki/marras,"CC BY-SA 4.0",2026-08-05,2026-08-14
martello,"Martelloの異綴。","Japanese Wiktionary",https://ja.wiktionary.org/wiki/martello,"CC BY-SA 4.0",2026-08-05,2026-08-14
marveled,"marvelの過去形・過去分詞。","Japanese Wiktionary",https://ja.wiktionary.org/wiki/marveled,"CC BY-SA 4.0",2026-08-05,2026-08-14
marveling,"marvelの現在分詞。 / marvellingの異綴。","Japanese Wiktionary",https://ja.wiktionary.org/wiki/marveling,"CC BY-SA 4.0",2026-08-05,2026-08-14
marvellous,"驚くべき、すばらしい、不思議な。","Japanese Wiktionary",https://ja.wiktionary.org/wiki/marvellous,"CC BY-SA 4.0",2026-08-05,2026-08-14
marvellously,"驚くほど、不思議に。","Japanese Wiktionary",https://ja.wiktionary.org/wiki/marvellously,"CC BY-SA 4.0",2026-08-05,2026-08-14
marvelous,"marvellousの異綴。","Japanese Wiktionary",https://ja.wiktionary.org/wiki/marvelous,"CC BY-SA 4.0",2026-08-05,2026-08-14
marvelously,"marvellouslyの異綴。","Japanese Wiktionary",https://ja.wiktionary.org/wiki/marvelously,"CC BY-SA 4.0",2026-08-05,2026-08-14
matcha,"抹茶。","Japanese Wiktionary",https://ja.wiktionary.org/wiki/matcha,"CC BY-SA 4.0",2026-08-05,2026-08-14
matchless,"比類のない、無比の、無双の。 / マッチ無しで点火できる。","Japanese Wiktionary",https://ja.wiktionary.org/wiki/matchless,"CC BY-SA 4.0",2026-08-05,2026-08-14
materially,"物質的に、経済的に。 / 実質的に。","Japanese Wiktionary",https://ja.wiktionary.org/wiki/materially,"CC BY-SA 4.0",2026-08-05,2026-08-14
maternal,"母親の、母性の。 / 母方の、母系の。 / 妊婦の。","Japanese Wiktionary",https://ja.wiktionary.org/wiki/maternal,"CC BY-SA 4.0",2026-08-05,2026-08-14
mathematical,"数学の / 計算の得意な","Japanese Wiktionary",https://ja.wiktionary.org/wiki/mathematical,"CC BY-SA 4.0",2026-08-05,2026-08-14
mathematically,"数学的に","Japanese Wiktionary",https://ja.wiktionary.org/wiki/mathematically,"CC BY-SA 4.0",2026-08-05,2026-08-14
matrimonial,"結婚の、婚姻の、夫婦関係の。","Japanese Wiktionary",https://ja.wiktionary.org/wiki/matrimonial,"CC BY-SA 4.0",2026-08-05,2026-08-14
matryoshka,"マトリョーシカ。[20世紀より]","Japanese Wiktionary",https://ja.wiktionary.org/wiki/matryoshka,"CC BY-SA 4.0",2026-08-05,2026-08-14
matura,"（試験）マトゥーラ。","Japanese Wiktionary",https://ja.wiktionary.org/wiki/matura,"CC BY-SA 4.0",2026-08-05,2026-08-14
mauzy,"暑くて湿気が多い。","Japanese Wiktionary",https://ja.wiktionary.org/wiki/mauzy,"CC BY-SA 4.0",2026-08-05,2026-08-14
maximal,"最大の、最高の。 / 最大の。","Japanese Wiktionary",https://ja.wiktionary.org/wiki/maximal,"CC BY-SA 4.0",2026-08-05,2026-08-14
maybe,"（比較的強い推量）多分。 / あやふやな、不確実な。 / おそらく真実であること。 / 賛否不明な回答。","Japanese Wiktionary",https://ja.wiktionary.org/wiki/maybe,"CC BY-SA 4.0",2026-08-05,2026-08-14
mayoral,"市長の、町長の","Japanese Wiktionary",https://ja.wiktionary.org/wiki/mayoral,"CC BY-SA 4.0",2026-08-05,2026-08-14
mayst,"may の二人称単数現在形。主語が thou のときに用いられる。","Japanese Wiktionary",https://ja.wiktionary.org/wiki/mayst,"CC BY-SA 4.0",2026-08-05,2026-08-14
meager,"（体などが）痩せた。 / 貧弱な、乏しい。 / 痩せさせる、乏しくする。","Japanese Wiktionary",https://ja.wiktionary.org/wiki/meager,"CC BY-SA 4.0",2026-08-05,2026-08-14
meaner,"""mean"" の比較級形。","Japanese Wiktionary",https://ja.wiktionary.org/wiki/meaner,"CC BY-SA 4.0",2026-08-05,2026-08-14
meanest,"""mean"" の最上級形。","Japanese Wiktionary",https://ja.wiktionary.org/wiki/meanest,"CC BY-SA 4.0",2026-08-05,2026-08-14
meaningful,"意味のわかる、意味深長な / 価値を持っている、有意義な、重要な、実り有る","Japanese Wiktionary",https://ja.wiktionary.org/wiki/meaningful,"CC BY-SA 4.0",2026-08-05,2026-08-14
meaningfully,"意味ありげに、有意義に","Japanese Wiktionary",https://ja.wiktionary.org/wiki/meaningfully,"CC BY-SA 4.0",2026-08-05,2026-08-14
meaningless,"意味のない、無意味な / 価値を持たない、意義のない、無意義な、つまらない、むなしい、くだらない、些細な","Japanese Wiktionary",https://ja.wiktionary.org/wiki/meaningless,"CC BY-SA 4.0",2026-08-05,2026-08-14
meanly,"卑劣に、意地悪く、貧弱に、しみったれて。","Japanese Wiktionary",https://ja.wiktionary.org/wiki/meanly,"CC BY-SA 4.0",2026-08-05,2026-08-14
mechanically,"機械で。機械的に。","Japanese Wiktionary",https://ja.wiktionary.org/wiki/mechanically,"CC BY-SA 4.0",2026-08-05,2026-08-14
medial,"中央の。中間の。 / 普通の。平均の。 / 内側の。正中線に近い。 / 語中の。 / 語中音。語中の文字。","Japanese Wiktionary",https://ja.wiktionary.org/wiki/medial,"CC BY-SA 4.0",2026-08-05,2026-08-14
medically,"医学的に。 / 医学上。","Japanese Wiktionary",https://ja.wiktionary.org/wiki/medically,"CC BY-SA 4.0",2026-08-05,2026-08-14
medicinal,"薬の。医薬の。","Japanese Wiktionary",https://ja.wiktionary.org/wiki/medicinal,"CC BY-SA 4.0",2026-08-05,2026-08-14
meditative,"瞑想に耽る、熟考する","Japanese Wiktionary",https://ja.wiktionary.org/wiki/meditative,"CC BY-SA 4.0",2026-08-05,2026-08-14
meditatively,"瞑想に耽って、熟考して","Japanese Wiktionary",https://ja.wiktionary.org/wiki/meditatively,"CC BY-SA 4.0",2026-08-05,2026-08-14
meekly,"大人しく。柔和に。従順に。","Japanese Wiktionary",https://ja.wiktionary.org/wiki/meekly,"CC BY-SA 4.0",2026-08-05,2026-08-14
mel,"蜂蜜。","Japanese Wiktionary",https://ja.wiktionary.org/wiki/mel,"CC BY-SA 4.0",2026-08-05,2026-08-14
mellifluous,"蜜の溢れる。 / （声・音などが）甘美な。","Japanese Wiktionary",https://ja.wiktionary.org/wiki/mellifluous,"CC BY-SA 4.0",2026-08-05,2026-08-14
melodious,"音の美しい。 / 旋律的な、音楽的な。","Japanese Wiktionary",https://ja.wiktionary.org/wiki/melodious,"CC BY-SA 4.0",2026-08-05,2026-08-14
melodiously,"美しい旋律で。","Japanese Wiktionary",https://ja.wiktionary.org/wiki/melodiously,"CC BY-SA 4.0",2026-08-05,2026-08-14
melty,"溶けやすい。 / とろける。溶けている。","Japanese Wiktionary",https://ja.wiktionary.org/wiki/melty,"CC BY-SA 4.0",2026-08-05,2026-08-14
membered,"〜員環を持つ。 / memberの過去形・過去分詞。","Japanese Wiktionary",https://ja.wiktionary.org/wiki/membered,"CC BY-SA 4.0",2026-08-05,2026-08-14
memorie,"memoryの廃用。","Japanese Wiktionary",https://ja.wiktionary.org/wiki/memorie,"CC BY-SA 4.0",2026-08-05,2026-08-14
menacingly,"脅すように。","Japanese Wiktionary",https://ja.wiktionary.org/wiki/menacingly,"CC BY-SA 4.0",2026-08-05,2026-08-14
menopausal,"閉経の、更年期の。","Japanese Wiktionary",https://ja.wiktionary.org/wiki/menopausal,"CC BY-SA 4.0",2026-08-05,2026-08-14
menstrual,"月経の。 / 一ヶ月おきの。 / 一ヶ月続く。","Japanese Wiktionary",https://ja.wiktionary.org/wiki/menstrual,"CC BY-SA 4.0",2026-08-05,2026-08-14
mental,"心の。精神の。 / 知能の。 / 精神病の。 / 頭のおかしい。 / 顎の。 / 顎や唇のような構造の。 / （魚類や爬虫類の顎を覆う）鱗等。","Japanese Wiktionary",https://ja.wiktionary.org/wiki/mental,"CC BY-SA 4.0",2026-08-05,2026-08-14
mentally,"精神的に。知的に。","Japanese Wiktionary",https://ja.wiktionary.org/wiki/mentally,"CC BY-SA 4.0",2026-08-05,2026-08-14
mentals,"mentalの複数形。","Japanese Wiktionary",https://ja.wiktionary.org/wiki/mentals,"CC BY-SA 4.0",2026-08-05,2026-08-14
mentee,"メンターの指導を受ける人。","Japanese Wiktionary",https://ja.wiktionary.org/wiki/mentee,"CC BY-SA 4.0",2026-08-05,2026-08-14
mentees,"menteeの複数形。","Japanese Wiktionary",https://ja.wiktionary.org/wiki/mentees,"CC BY-SA 4.0",2026-08-05,2026-08-14
menuet,"minuetの異形。","Japanese Wiktionary",https://ja.wiktionary.org/wiki/menuet,"CC BY-SA 4.0",2026-08-05,2026-08-14
mercantile,"商人の、商業の、貿易の","Japanese Wiktionary",https://ja.wiktionary.org/wiki/mercantile,"CC BY-SA 4.0",2026-08-05,2026-08-14
merch,"(俗語) 品物。","Japanese Wiktionary",https://ja.wiktionary.org/wiki/merch,"CC BY-SA 4.0",2026-08-05,2026-08-14
merchandises,"merchandiseの複数形 / merchandiseの直説法現在第三人称単数形","Japanese Wiktionary",https://ja.wiktionary.org/wiki/merchandises,"CC BY-SA 4.0",2026-08-05,2026-08-14
merci,"ありがとう。","Japanese Wiktionary",https://ja.wiktionary.org/wiki/merci,"CC BY-SA 4.0",2026-08-05,2026-08-14
merciful,"慈悲深い、情け深い。","Japanese Wiktionary",https://ja.wiktionary.org/wiki/merciful,"CC BY-SA 4.0",2026-08-05,2026-08-14
mercifully,"幸いにも","Japanese Wiktionary",https://ja.wiktionary.org/wiki/mercifully,"CC BY-SA 4.0",2026-08-05,2026-08-14
merciless,"無慈悲な、無情な、残酷な。","Japanese Wiktionary",https://ja.wiktionary.org/wiki/merciless,"CC BY-SA 4.0",2026-08-05,2026-08-14
mercilessly,"無慈悲に、無情にも","Japanese Wiktionary",https://ja.wiktionary.org/wiki/mercilessly,"CC BY-SA 4.0",2026-08-05,2026-08-14
merely,"単に。[16世紀から] / 完全に。[16-20世紀]","Japanese Wiktionary",https://ja.wiktionary.org/wiki/merely,"CC BY-SA 4.0",2026-08-05,2026-08-14
meridional,"南の、南部の、南方の。[14世紀より] / 子午線の。[15世紀より] / 南欧特有の。[19世紀より] / 南フランス人。","Japanese Wiktionary",https://ja.wiktionary.org/wiki/meridional,"CC BY-SA 4.0",2026-08-05,2026-08-14
merrie,"merryの廃用。","Japanese Wiktionary",https://ja.wiktionary.org/wiki/merrie,"CC BY-SA 4.0",2026-08-05,2026-08-14
merrily,"陽気に。 / 楽しく。","Japanese Wiktionary",https://ja.wiktionary.org/wiki/merrily,"CC BY-SA 4.0",2026-08-05,2026-08-14
mery,"merryの廃用。","Japanese Wiktionary",https://ja.wiktionary.org/wiki/mery,"CC BY-SA 4.0",2026-08-05,2026-08-14
mesenteric,"《解剖学》腸間膜の。","Japanese Wiktionary",https://ja.wiktionary.org/wiki/mesenteric,"CC BY-SA 4.0",2026-08-05,2026-08-14
mesial,"正中の。 / 近心の。","Japanese Wiktionary",https://ja.wiktionary.org/wiki/mesial,"CC BY-SA 4.0",2026-08-05,2026-08-14
meso,"メソの","Japanese Wiktionary",https://ja.wiktionary.org/wiki/meso,"CC BY-SA 4.0",2026-08-05,2026-08-14
messily,"散らかって。乱雑に。","Japanese Wiktionary",https://ja.wiktionary.org/wiki/messily,"CC BY-SA 4.0",2026-08-05,2026-08-14
metabolic,"変態の。 / 代謝の、新陳代謝の。 / 栄養補助食品。","Japanese Wiktionary",https://ja.wiktionary.org/wiki/metabolic,"CC BY-SA 4.0",2026-08-05,2026-08-14
metalsmith,"金属細工師","Japanese Wiktionary",https://ja.wiktionary.org/wiki/metalsmith,"CC BY-SA 4.0",2026-08-05,2026-08-14
metaphysically,"形而上学的に。","Japanese Wiktionary",https://ja.wiktionary.org/wiki/metaphysically,"CC BY-SA 4.0",2026-08-05,2026-08-14
meteorological,"気象の。気象に関する。","Japanese Wiktionary",https://ja.wiktionary.org/wiki/meteorological,"CC BY-SA 4.0",2026-08-05,2026-08-14
methode,"methodの旧綴り。","Japanese Wiktionary",https://ja.wiktionary.org/wiki/methode,"CC BY-SA 4.0",2026-08-05,2026-08-14
methodes,"methodeの複数形。","Japanese Wiktionary",https://ja.wiktionary.org/wiki/methodes,"CC BY-SA 4.0",2026-08-05,2026-08-14
methodical,"几帳面な。 / 順序立った、体系的な、整然とした、きちんとした。","Japanese Wiktionary",https://ja.wiktionary.org/wiki/methodical,"CC BY-SA 4.0",2026-08-05,2026-08-14
methodically,"几帳面に。 / 体系的に、整然と、きちんと。","Japanese Wiktionary",https://ja.wiktionary.org/wiki/methodically,"CC BY-SA 4.0",2026-08-05,2026-08-14
meticulous,"細心の。 / 臆病な。","Japanese Wiktionary",https://ja.wiktionary.org/wiki/meticulous,"CC BY-SA 4.0",2026-08-05,2026-08-14
meticulously,"細心に。","Japanese Wiktionary",https://ja.wiktionary.org/wiki/meticulously,"CC BY-SA 4.0",2026-08-05,2026-08-14
metonymic,"換喩の。 / 換喩語。","Japanese Wiktionary",https://ja.wiktionary.org/wiki/metonymic,"CC BY-SA 4.0",2026-08-05,2026-08-14
metropoli,"""metropolis"" の複数形","Japanese Wiktionary",https://ja.wiktionary.org/wiki/metropoli,"CC BY-SA 4.0",2026-08-05,2026-08-14
mezze,"mezeの異綴。","Japanese Wiktionary",https://ja.wiktionary.org/wiki/mezze,"CC BY-SA 4.0",2026-08-05,2026-08-14
micronuclei,"micronucleusの複数形。","Japanese Wiktionary",https://ja.wiktionary.org/wiki/micronuclei,"CC BY-SA 4.0",2026-08-05,2026-08-14
micronucleus,"小核。","Japanese Wiktionary",https://ja.wiktionary.org/wiki/micronucleus,"CC BY-SA 4.0",2026-08-05,2026-08-14
microscopic,"顕微鏡の、顕微鏡による。 / （顕微鏡でしか見えないほど）微細な。 / 極めて詳細な。 / 微視的な。","Japanese Wiktionary",https://ja.wiktionary.org/wiki/microscopic,"CC BY-SA 4.0",2026-08-05,2026-08-14
microscopically,"顕微鏡により、微視的に。","Japanese Wiktionary",https://ja.wiktionary.org/wiki/microscopically,"CC BY-SA 4.0",2026-08-05,2026-08-14
microwavable,"電子レンジで温められる。","Japanese Wiktionary",https://ja.wiktionary.org/wiki/microwavable,"CC BY-SA 4.0",2026-08-05,2026-08-14
microwaveable,"電子レンジで温められる。","Japanese Wiktionary",https://ja.wiktionary.org/wiki/microwaveable,"CC BY-SA 4.0",2026-08-05,2026-08-14
mightily,"強力に。","Japanese Wiktionary",https://ja.wiktionary.org/wiki/mightily,"CC BY-SA 4.0",2026-08-05,2026-08-14
migratory,"移動する、移住する、移動性の","Japanese Wiktionary",https://ja.wiktionary.org/wiki/migratory,"CC BY-SA 4.0",2026-08-05,2026-08-14
mikan,"温州みかん。","Japanese Wiktionary",https://ja.wiktionary.org/wiki/mikan,"CC BY-SA 4.0",2026-08-05,2026-08-14
mildly,"穏やかに。 / 少し、軽く、ちょっと。","Japanese Wiktionary",https://ja.wiktionary.org/wiki/mildly,"CC BY-SA 4.0",2026-08-05,2026-08-14
milia,"miliumの複数形。","Japanese Wiktionary",https://ja.wiktionary.org/wiki/milia,"CC BY-SA 4.0",2026-08-05,2026-08-14
militar,"militaryの廃用。","Japanese Wiktionary",https://ja.wiktionary.org/wiki/militar,"CC BY-SA 4.0",2026-08-05,2026-08-14
militarily,"軍事的に。","Japanese Wiktionary",https://ja.wiktionary.org/wiki/militarily,"CC BY-SA 4.0",2026-08-05,2026-08-14
millennial,"千年の、千年毎の。 / （キリスト教）至福千年の。 / 千年祭。","Japanese Wiktionary",https://ja.wiktionary.org/wiki/millennial,"CC BY-SA 4.0",2026-08-05,2026-08-14
mimetic,"模倣の。見せかけの。擬態の。 / 模倣したもの。","Japanese Wiktionary",https://ja.wiktionary.org/wiki/mimetic,"CC BY-SA 4.0",2026-08-05,2026-08-14
mimetics,"mimeticの複数形。","Japanese Wiktionary",https://ja.wiktionary.org/wiki/mimetics,"CC BY-SA 4.0",2026-08-05,2026-08-14
mindful,"心に留める、忘れない","Japanese Wiktionary",https://ja.wiktionary.org/wiki/mindful,"CC BY-SA 4.0",2026-08-05,2026-08-14
mineralogical,"鉱物学の。","Japanese Wiktionary",https://ja.wiktionary.org/wiki/mineralogical,"CC BY-SA 4.0",2026-08-05,2026-08-14
minimi,"minimusの複数形。","Japanese Wiktionary",https://ja.wiktionary.org/wiki/minimi,"CC BY-SA 4.0",2026-08-05,2026-08-14
minimums,"minimumの複数形。","Japanese Wiktionary",https://ja.wiktionary.org/wiki/minimums,"CC BY-SA 4.0",2026-08-05,2026-08-14
minored,"minorの過去形・過去分詞。","Japanese Wiktionary",https://ja.wiktionary.org/wiki/minored,"CC BY-SA 4.0",2026-08-05,2026-08-14
minoring,"minorの動名詞又は現在分詞。","Japanese Wiktionary",https://ja.wiktionary.org/wiki/minoring,"CC BY-SA 4.0",2026-08-05,2026-08-14
minuter,"""minute"" の比較級形。 / minuteする人。","Japanese Wiktionary",https://ja.wiktionary.org/wiki/minuter,"CC BY-SA 4.0",2026-08-05,2026-08-14
miraculous,"奇跡の、驚くべき / 奇跡を起こす力のある","Japanese Wiktionary",https://ja.wiktionary.org/wiki/miraculous,"CC BY-SA 4.0",2026-08-05,2026-08-14
miraculously,"奇跡的に、驚くほど。","Japanese Wiktionary",https://ja.wiktionary.org/wiki/miraculously,"CC BY-SA 4.0",2026-08-05,2026-08-14
mirin,"味醂。","Japanese Wiktionary",https://ja.wiktionary.org/wiki/mirin,"CC BY-SA 4.0",2026-08-05,2026-08-14
mirrorball,"mirror ballの異表記。","Japanese Wiktionary",https://ja.wiktionary.org/wiki/mirrorball,"CC BY-SA 4.0",2026-08-05,2026-08-14
mirthful,"陽気な、愉快な","Japanese Wiktionary",https://ja.wiktionary.org/wiki/mirthful,"CC BY-SA 4.0",2026-08-05,2026-08-14
miscellaneous,"種種雑多の。様様な。寄せ集めの。雑則の。 / 多方面の。 / 混合型の。","Japanese Wiktionary",https://ja.wiktionary.org/wiki/miscellaneous,"CC BY-SA 4.0",2026-08-05,2026-08-14
mischievous,"有害な。 / 腕白な、いたずらの。","Japanese Wiktionary",https://ja.wiktionary.org/wiki/mischievous,"CC BY-SA 4.0",2026-08-05,2026-08-14
mischievously,"有害に。","Japanese Wiktionary",https://ja.wiktionary.org/wiki/mischievously,"CC BY-SA 4.0",2026-08-05,2026-08-14
misdiagnosis,"誤診。","Japanese Wiktionary",https://ja.wiktionary.org/wiki/misdiagnosis,"CC BY-SA 4.0",2026-08-05,2026-08-14
miserable,"惨めな。 / 悲惨な、ひどい。 / 卑劣な。 / 不幸のもととなる。 / 強欲な。","Japanese Wiktionary",https://ja.wiktionary.org/wiki/miserable,"CC BY-SA 4.0",2026-08-05,2026-08-14
miserably,"惨めに / 悲惨に / 貧弱に","Japanese Wiktionary",https://ja.wiktionary.org/wiki/miserably,"CC BY-SA 4.0",2026-08-05,2026-08-14
misericordia,"(法律, 廃語) 罰金。 / 短剣。 / 同情。","Japanese Wiktionary",https://ja.wiktionary.org/wiki/misericordia,"CC BY-SA 4.0",2026-08-05,2026-08-14
miserly,"けちな。守銭奴の。","Japanese Wiktionary",https://ja.wiktionary.org/wiki/miserly,"CC BY-SA 4.0",2026-08-05,2026-08-14
misleadingly,"誤解を招くように。","Japanese Wiktionary",https://ja.wiktionary.org/wiki/misleadingly,"CC BY-SA 4.0",2026-08-05,2026-08-14
miso,"味噌。","Japanese Wiktionary",https://ja.wiktionary.org/wiki/miso,"CC BY-SA 4.0",2026-08-05,2026-08-14
misshapen,"奇形の、変形した","Japanese Wiktionary",https://ja.wiktionary.org/wiki/misshapen,"CC BY-SA 4.0",2026-08-05,2026-08-14
mistakenly,"誤って。","Japanese Wiktionary",https://ja.wiktionary.org/wiki/mistakenly,"CC BY-SA 4.0",2026-08-05,2026-08-14
mistrustful,"信用していない。","Japanese Wiktionary",https://ja.wiktionary.org/wiki/mistrustful,"CC BY-SA 4.0",2026-08-05,2026-08-14
mitis,"可鍛鋳鉄。","Japanese Wiktionary",https://ja.wiktionary.org/wiki/mitis,"CC BY-SA 4.0",2026-08-05,2026-08-14
mitochondria,"mitochondrionの複数形。","Japanese Wiktionary",https://ja.wiktionary.org/wiki/mitochondria,"CC BY-SA 4.0",2026-08-05,2026-08-14
mitochondrial,"ミトコンドリアの。","Japanese Wiktionary",https://ja.wiktionary.org/wiki/mitochondrial,"CC BY-SA 4.0",2026-08-05,2026-08-14
mixt,"""mix"" の過去形・過去分詞形。","Japanese Wiktionary",https://ja.wiktionary.org/wiki/mixt,"CC BY-SA 4.0",2026-08-05,2026-08-14
moated,"堀のある。 / moatの過去形・過去分詞。","Japanese Wiktionary",https://ja.wiktionary.org/wiki/moated,"CC BY-SA 4.0",2026-08-05,2026-08-14
mobo,"マザーボード。","Japanese Wiktionary",https://ja.wiktionary.org/wiki/mobo,"CC BY-SA 4.0",2026-08-05,2026-08-14
mobos,"moboの複数形。","Japanese Wiktionary",https://ja.wiktionary.org/wiki/mobos,"CC BY-SA 4.0",2026-08-05,2026-08-14
mochi,"餅。","Japanese Wiktionary",https://ja.wiktionary.org/wiki/mochi,"CC BY-SA 4.0",2026-08-05,2026-08-14
mockingly,"嘲るように","Japanese Wiktionary",https://ja.wiktionary.org/wiki/mockingly,"CC BY-SA 4.0",2026-08-05,2026-08-14
mockup,"モックアップ。実物大の模型。","Japanese Wiktionary",https://ja.wiktionary.org/wiki/mockup,"CC BY-SA 4.0",2026-08-05,2026-08-14
mockups,"mockupの複数形。","Japanese Wiktionary",https://ja.wiktionary.org/wiki/mockups,"CC BY-SA 4.0",2026-08-05,2026-08-14
modell,"modelの廃用。","Japanese Wiktionary",https://ja.wiktionary.org/wiki/modell,"CC BY-SA 4.0",2026-08-05,2026-08-14
modelli,"modelloの複数形。","Japanese Wiktionary",https://ja.wiktionary.org/wiki/modelli,"CC BY-SA 4.0",2026-08-05,2026-08-14
modello,"（美術）モデロ。","Japanese Wiktionary",https://ja.wiktionary.org/wiki/modello,"CC BY-SA 4.0",2026-08-05,2026-08-14
modells,"modellの複数形。 / modellの直説法現在第三人称単数形。","Japanese Wiktionary",https://ja.wiktionary.org/wiki/modells,"CC BY-SA 4.0",2026-08-05,2026-08-14
moderately,"適度に。ほどほどに。控え目に。","Japanese Wiktionary",https://ja.wiktionary.org/wiki/moderately,"CC BY-SA 4.0",2026-08-05,2026-08-14
modernistic,"現代的な、近代的な、モダンな","Japanese Wiktionary",https://ja.wiktionary.org/wiki/modernistic,"CC BY-SA 4.0",2026-08-05,2026-08-14
modest,"謙虚な、謙遜な、謙卑な、謙った、控えめな。 / （数量・程度など）大きくない。 / 適度な。","Japanese Wiktionary",https://ja.wiktionary.org/wiki/modest,"CC BY-SA 4.0",2026-08-05,2026-08-14
modestly,"謙虚に / 適度に","Japanese Wiktionary",https://ja.wiktionary.org/wiki/modestly,"CC BY-SA 4.0",2026-08-05,2026-08-14
modi,"modusの複数形。","Japanese Wiktionary",https://ja.wiktionary.org/wiki/modi,"CC BY-SA 4.0",2026-08-05,2026-08-14
modica,"modicumの服薄形。","Japanese Wiktionary",https://ja.wiktionary.org/wiki/modica,"CC BY-SA 4.0",2026-08-05,2026-08-14
modus,"様式。方法。","Japanese Wiktionary",https://ja.wiktionary.org/wiki/modus,"CC BY-SA 4.0",2026-08-05,2026-08-14
moko,"（タトゥー）モコ。","Japanese Wiktionary",https://ja.wiktionary.org/wiki/moko,"CC BY-SA 4.0",2026-08-05,2026-08-14
molder,"型を作る人 / 朽ちる、腐る、崩壊する","Japanese Wiktionary",https://ja.wiktionary.org/wiki/molder,"CC BY-SA 4.0",2026-08-05,2026-08-14
moldering,"molderの現在分詞","Japanese Wiktionary",https://ja.wiktionary.org/wiki/moldering,"CC BY-SA 4.0",2026-08-05,2026-08-14
molders,"molderの複数形 / molderの直説法現在第三人称単数形","Japanese Wiktionary",https://ja.wiktionary.org/wiki/molders,"CC BY-SA 4.0",2026-08-05,2026-08-14
moldy,"黴の生えた、黴臭い","Japanese Wiktionary",https://ja.wiktionary.org/wiki/moldy,"CC BY-SA 4.0",2026-08-05,2026-08-14
molecular,"分子の、分子に関連した、分子から作られた。","Japanese Wiktionary",https://ja.wiktionary.org/wiki/molecular,"CC BY-SA 4.0",2026-08-05,2026-08-14
momentarily,"瞬間的に。 / 間もなく。 / 次第に、だんだん。","Japanese Wiktionary",https://ja.wiktionary.org/wiki/momentarily,"CC BY-SA 4.0",2026-08-05,2026-08-14
momentary,"瞬間的な、一瞬の。 / 絶えず繰り返される。 / 短命な。","Japanese Wiktionary",https://ja.wiktionary.org/wiki/momentary,"CC BY-SA 4.0",2026-08-05,2026-08-14
momentous,"重大な。","Japanese Wiktionary",https://ja.wiktionary.org/wiki/momentous,"CC BY-SA 4.0",2026-08-05,2026-08-14
mondo,"禅問答。 / 非常に大きい、大した、大変な。 / とても、非常に、すっかり。","Japanese Wiktionary",https://ja.wiktionary.org/wiki/mondo,"CC BY-SA 4.0",2026-08-05,2026-08-14
monetary,"貨幣の、通貨の、金銭の。","Japanese Wiktionary",https://ja.wiktionary.org/wiki/monetary,"CC BY-SA 4.0",2026-08-05,2026-08-14
monogramming,"""monogram"" の動名詞形又は現在分詞形。","Japanese Wiktionary",https://ja.wiktionary.org/wiki/monogramming,"CC BY-SA 4.0",2026-08-05,2026-08-14
monolithic,"（岩石）一枚岩の。一枚岩に関する。 / （比喩的）一枚岩の。みんな一緒の。異質や対立がなく、強固かつ同質だけで構成される。","Japanese Wiktionary",https://ja.wiktionary.org/wiki/monolithic,"CC BY-SA 4.0",2026-08-05,2026-08-14
monotonous,"単調な、一律の、機械的な / つまらない、退屈な","Japanese Wiktionary",https://ja.wiktionary.org/wiki/monotonous,"CC BY-SA 4.0",2026-08-05,2026-08-14
monotonously,"単調に、一律に、機械的に、同じ調子で。","Japanese Wiktionary",https://ja.wiktionary.org/wiki/monotonously,"CC BY-SA 4.0",2026-08-05,2026-08-14
monstrous,"恐ろしい、恐怖を催す。 / 巨大な。 / 奇怪な、グロテスク. / 怪物の、怪物に関する。 / 驚異的な、奇妙な。","Japanese Wiktionary",https://ja.wiktionary.org/wiki/monstrous,"CC BY-SA 4.0",2026-08-05,2026-08-14
moonless,"月の出ていない。 / 衛星のない（惑星）。","Japanese Wiktionary",https://ja.wiktionary.org/wiki/moonless,"CC BY-SA 4.0",2026-08-05,2026-08-14
moonrise,"月の出","Japanese Wiktionary",https://ja.wiktionary.org/wiki/moonrise,"CC BY-SA 4.0",2026-08-05,2026-08-14
morally,"道徳上。道徳的に。 / 精神的に。 / 事実上。実際は。","Japanese Wiktionary",https://ja.wiktionary.org/wiki/morally,"CC BY-SA 4.0",2026-08-05,2026-08-14
moreover,"さらに、そのうえ","Japanese Wiktionary",https://ja.wiktionary.org/wiki/moreover,"CC BY-SA 4.0",2026-08-05,2026-08-14
moribund,"瀕死の。 / 滅亡寸前の。 / 勢いがない。振るわない。","Japanese Wiktionary",https://ja.wiktionary.org/wiki/moribund,"CC BY-SA 4.0",2026-08-05,2026-08-14
moringa,"ワサビノキ属の木。","Japanese Wiktionary",https://ja.wiktionary.org/wiki/moringa,"CC BY-SA 4.0",2026-08-05,2026-08-14
moronic,"軽愚の。 / 馬鹿な。","Japanese Wiktionary",https://ja.wiktionary.org/wiki/moronic,"CC BY-SA 4.0",2026-08-05,2026-08-14
morphin,"モルヒネ。","Japanese Wiktionary",https://ja.wiktionary.org/wiki/morphin,"CC BY-SA 4.0",2026-08-05,2026-08-14
morphological,"形態の、形態学の。 / 形態論の。","Japanese Wiktionary",https://ja.wiktionary.org/wiki/morphological,"CC BY-SA 4.0",2026-08-05,2026-08-14
morro,"円丘。岬。","Japanese Wiktionary",https://ja.wiktionary.org/wiki/morro,"CC BY-SA 4.0",2026-08-05,2026-08-14
most,"many, much の最上級形。最も多い。 / 大部分の。ほとんどの。大多数の。大抵の。 / 大部分。 / 最も～である。一番～である。（※最上級を作る。後に来る形容詞は原級。大抵は、2音節以上の形容詞又は副詞の前に付ける。）","Japanese Wiktionary",https://ja.wiktionary.org/wiki/most,"CC BY-SA 4.0",2026-08-05,2026-08-14
mostly,"ほとんど、概ね、一般的に。 / かなりの。","Japanese Wiktionary",https://ja.wiktionary.org/wiki/mostly,"CC BY-SA 4.0",2026-08-05,2026-08-14
motherless,"母のない。","Japanese Wiktionary",https://ja.wiktionary.org/wiki/motherless,"CC BY-SA 4.0",2026-08-05,2026-08-14
motional,"運動の。","Japanese Wiktionary",https://ja.wiktionary.org/wiki/motional,"CC BY-SA 4.0",2026-08-05,2026-08-14
motionless,"動きのない、不動の、休止した。","Japanese Wiktionary",https://ja.wiktionary.org/wiki/motionless,"CC BY-SA 4.0",2026-08-05,2026-08-14
motivational,"動機付けの。","Japanese Wiktionary",https://ja.wiktionary.org/wiki/motivational,"CC BY-SA 4.0",2026-08-05,2026-08-14
motivo,"主題。モチーフ。","Japanese Wiktionary",https://ja.wiktionary.org/wiki/motivo,"CC BY-SA 4.0",2026-08-05,2026-08-14
motivos,"motivoの複数形。","Japanese Wiktionary",https://ja.wiktionary.org/wiki/motivos,"CC BY-SA 4.0",2026-08-05,2026-08-14
motocross,"モトクロス。 / モトクロスのレースが開催される場所。","Japanese Wiktionary",https://ja.wiktionary.org/wiki/motocross,"CC BY-SA 4.0",2026-08-05,2026-08-14
motorboating,"motorboatの現在分詞。","Japanese Wiktionary",https://ja.wiktionary.org/wiki/motorboating,"CC BY-SA 4.0",2026-08-05,2026-08-14
mountainous,"山の多い / 山のような、巨大な","Japanese Wiktionary",https://ja.wiktionary.org/wiki/mountainous,"CC BY-SA 4.0",2026-08-05,2026-08-14
mournful,"悲しげな、物悲しい、陰気な。 / 死者を悼む。","Japanese Wiktionary",https://ja.wiktionary.org/wiki/mournful,"CC BY-SA 4.0",2026-08-05,2026-08-14
mournfully,"悲しげに、陰気に。","Japanese Wiktionary",https://ja.wiktionary.org/wiki/mournfully,"CC BY-SA 4.0",2026-08-05,2026-08-14
moxa,"艾。 / 灸。","Japanese Wiktionary",https://ja.wiktionary.org/wiki/moxa,"CC BY-SA 4.0",2026-08-05,2026-08-14
moxibustion,"灸。","Japanese Wiktionary",https://ja.wiktionary.org/wiki/moxibustion,"CC BY-SA 4.0",2026-08-05,2026-08-14
muay,"ムエタイ","Japanese Wiktionary",https://ja.wiktionary.org/wiki/muay,"CC BY-SA 4.0",2026-08-05,2026-08-14
muchly,"大いに。","Japanese Wiktionary",https://ja.wiktionary.org/wiki/muchly,"CC BY-SA 4.0",2026-08-05,2026-08-14
mucilaginous,"粘液質の、ねばねばする。","Japanese Wiktionary",https://ja.wiktionary.org/wiki/mucilaginous,"CC BY-SA 4.0",2026-08-05,2026-08-14
mucous,"粘液の、粘液に関する。 / 粘液状の。","Japanese Wiktionary",https://ja.wiktionary.org/wiki/mucous,"CC BY-SA 4.0",2026-08-05,2026-08-14
multicellular,"多細胞の。 / 多細胞。","Japanese Wiktionary",https://ja.wiktionary.org/wiki/multicellular,"CC BY-SA 4.0",2026-08-05,2026-08-14
multicolored,"多色の、多彩な。","Japanese Wiktionary",https://ja.wiktionary.org/wiki/multicolored,"CC BY-SA 4.0",2026-08-05,2026-08-14
multicoloured,"multicoloredの異綴。","Japanese Wiktionary",https://ja.wiktionary.org/wiki/multicoloured,"CC BY-SA 4.0",2026-08-05,2026-08-14
multifunctional,"多機能の。","Japanese Wiktionary",https://ja.wiktionary.org/wiki/multifunctional,"CC BY-SA 4.0",2026-08-05,2026-08-14
multifunctionality,"多機能性。","Japanese Wiktionary",https://ja.wiktionary.org/wiki/multifunctionality,"CC BY-SA 4.0",2026-08-05,2026-08-14
multigenerational,"数世代の。","Japanese Wiktionary",https://ja.wiktionary.org/wiki/multigenerational,"CC BY-SA 4.0",2026-08-05,2026-08-14
multilingual,"多数（通常3つ以上）の言語を使用する。 / 多数（通常3つ以上）の言語を理解し、使用できる人。マルチリンガル。","Japanese Wiktionary",https://ja.wiktionary.org/wiki/multilingual,"CC BY-SA 4.0",2026-08-05,2026-08-14
multilingualism,"多言語主義。","Japanese Wiktionary",https://ja.wiktionary.org/wiki/multilingualism,"CC BY-SA 4.0",2026-08-05,2026-08-14
multiplet,"多胎児 / 多胎児の","Japanese Wiktionary",https://ja.wiktionary.org/wiki/multiplet,"CC BY-SA 4.0",2026-08-05,2026-08-14
multiplicative,"掛け算の、乗法の。 / 増加する。","Japanese Wiktionary",https://ja.wiktionary.org/wiki/multiplicative,"CC BY-SA 4.0",2026-08-05,2026-08-14
multitudinous,"多数の、多様な","Japanese Wiktionary",https://ja.wiktionary.org/wiki/multitudinous,"CC BY-SA 4.0",2026-08-05,2026-08-14
mundane,"現世の、世俗の。 / 平凡な、ありきたりの。 / 凡人。","Japanese Wiktionary",https://ja.wiktionary.org/wiki/mundane,"CC BY-SA 4.0",2026-08-05,2026-08-14
munificent,"気前の良い。 / 豪勢な。","Japanese Wiktionary",https://ja.wiktionary.org/wiki/munificent,"CC BY-SA 4.0",2026-08-05,2026-08-14
muscular,"筋肉の。 / 筋肉の発達した、筋骨隆隆の。 / 力強い。 / フルボディの、こくのある。","Japanese Wiktionary",https://ja.wiktionary.org/wiki/muscular,"CC BY-SA 4.0",2026-08-05,2026-08-14
muta,"（""mootah""の異形）マリファナ。","Japanese Wiktionary",https://ja.wiktionary.org/wiki/muta,"CC BY-SA 4.0",2026-08-05,2026-08-14
mutational,"突然変異の。突然変異による。","Japanese Wiktionary",https://ja.wiktionary.org/wiki/mutational,"CC BY-SA 4.0",2026-08-05,2026-08-14
muti,"アフリカの伝統的な薬。[19世紀より]","Japanese Wiktionary",https://ja.wiktionary.org/wiki/muti,"CC BY-SA 4.0",2026-08-05,2026-08-14
mutinous,"反抗の。反抗的な。暴動を起こした。","Japanese Wiktionary",https://ja.wiktionary.org/wiki/mutinous,"CC BY-SA 4.0",2026-08-05,2026-08-14
mutually,"相互に。","Japanese Wiktionary",https://ja.wiktionary.org/wiki/mutually,"CC BY-SA 4.0",2026-08-05,2026-08-14
myogenesis,"筋形成、筋発生。動物の発生において筋肉が形成される現象、過程。","Japanese Wiktionary",https://ja.wiktionary.org/wiki/myogenesis,"CC BY-SA 4.0",2026-08-05,2026-08-14
myogenic,"筋原性の、筋形成に関する。 / 筋肉に由来する。","Japanese Wiktionary",https://ja.wiktionary.org/wiki/myogenic,"CC BY-SA 4.0",2026-08-05,2026-08-14
myself,"自分自身 / me （私に）に同じ。 / 自分自身のいつもの状態。自分らしい様子。","Japanese Wiktionary",https://ja.wiktionary.org/wiki/myself,"CC BY-SA 4.0",2026-08-05,2026-08-14
mysteria,"mysteriumの複数形。","Japanese Wiktionary",https://ja.wiktionary.org/wiki/mysteria,"CC BY-SA 4.0",2026-08-05,2026-08-14
mysterious,"不思議な、神秘的な / 秘密にしたがる","Japanese Wiktionary",https://ja.wiktionary.org/wiki/mysterious,"CC BY-SA 4.0",2026-08-05,2026-08-14
mysteriously,"不思議に、神秘的に","Japanese Wiktionary",https://ja.wiktionary.org/wiki/mysteriously,"CC BY-SA 4.0",2026-08-05,2026-08-14
mysterium,"ミステリウム。","Japanese Wiktionary",https://ja.wiktionary.org/wiki/mysterium,"CC BY-SA 4.0",2026-08-05,2026-08-14
mythe,"mythの廃用。","Japanese Wiktionary",https://ja.wiktionary.org/wiki/mythe,"CC BY-SA 4.0",2026-08-05,2026-08-14
mythical,"神話の。神話的な。神話に登場する。神話に関する。 / 架空の、想像上の。","Japanese Wiktionary",https://ja.wiktionary.org/wiki/mythical,"CC BY-SA 4.0",2026-08-05,2026-08-14
mythological,"神話の。 / 神話学の。","Japanese Wiktionary",https://ja.wiktionary.org/wiki/mythological,"CC BY-SA 4.0",2026-08-05,2026-08-14
naive,"世間知らずな、無思慮な。 / 単純な、無邪気な、技巧を凝らさない。","Japanese Wiktionary",https://ja.wiktionary.org/wiki/naive,"CC BY-SA 4.0",2026-08-05,2026-08-14
naively,"単純に","Japanese Wiktionary",https://ja.wiktionary.org/wiki/naively,"CC BY-SA 4.0",2026-08-05,2026-08-14
nakba,"惨事、災害。","Japanese Wiktionary",https://ja.wiktionary.org/wiki/nakba,"CC BY-SA 4.0",2026-08-05,2026-08-14
naked,"裸の。 / 剥き出しの。露出した。 / 家具のない。 / 裸眼の。 / 無担保の。 / 裏付けのない。 / (of を伴って) 欠けている。 / 草木のない。 / nake の過去形・過去分詞。","Japanese Wiktionary",https://ja.wiktionary.org/wiki/naked,"CC BY-SA 4.0",2026-08-05,2026-08-14
nameless,"名前が付けられていない、名前を付与されていない、未だ命名されていない。 / 名前を隠している、匿名の。","Japanese Wiktionary",https://ja.wiktionary.org/wiki/nameless,"CC BY-SA 4.0",2026-08-05,2026-08-14
namely,"特に、とりわけ。 / つまり、即ち。","Japanese Wiktionary",https://ja.wiktionary.org/wiki/namely,"CC BY-SA 4.0",2026-08-05,2026-08-14
nando,"納戸。","Japanese Wiktionary",https://ja.wiktionary.org/wiki/nando,"CC BY-SA 4.0",2026-08-05,2026-08-14
naped,"napeの過去形・過去分詞。","Japanese Wiktionary",https://ja.wiktionary.org/wiki/naped,"CC BY-SA 4.0",2026-08-05,2026-08-14
narrowly,"幅が狭く。 / 限定的に。狭い範囲で。狭義では。","Japanese Wiktionary",https://ja.wiktionary.org/wiki/narrowly,"CC BY-SA 4.0",2026-08-05,2026-08-14
nastic,"傾性の。","Japanese Wiktionary",https://ja.wiktionary.org/wiki/nastic,"CC BY-SA 4.0",2026-08-05,2026-08-14
nastily,"意地悪く。不快に。卑劣に。","Japanese Wiktionary",https://ja.wiktionary.org/wiki/nastily,"CC BY-SA 4.0",2026-08-05,2026-08-14
nationalistic,"国家主義の / 愛国的な","Japanese Wiktionary",https://ja.wiktionary.org/wiki/nationalistic,"CC BY-SA 4.0",2026-08-05,2026-08-14
nationwide,"全国的な / 全国的に","Japanese Wiktionary",https://ja.wiktionary.org/wiki/nationwide,"CC BY-SA 4.0",2026-08-05,2026-08-14
natrium,"ナトリウム。","Japanese Wiktionary",https://ja.wiktionary.org/wiki/natrium,"CC BY-SA 4.0",2026-08-05,2026-08-14
natto,"納豆。","Japanese Wiktionary",https://ja.wiktionary.org/wiki/natto,"CC BY-SA 4.0",2026-08-05,2026-08-14
naturally,"自然に、天然に / 生まれつき、生得的に / 気取らずに、飾らずに / 当然、もちろん","Japanese Wiktionary",https://ja.wiktionary.org/wiki/naturally,"CC BY-SA 4.0",2026-08-05,2026-08-14
natured,"""nurture"" の過去形・過去分詞形。","Japanese Wiktionary",https://ja.wiktionary.org/wiki/natured,"CC BY-SA 4.0",2026-08-05,2026-08-14
nautical,"航海の / 船舶の / 船員の","Japanese Wiktionary",https://ja.wiktionary.org/wiki/nautical,"CC BY-SA 4.0",2026-08-05,2026-08-14
naval,"海軍の。","Japanese Wiktionary",https://ja.wiktionary.org/wiki/naval,"CC BY-SA 4.0",2026-08-05,2026-08-14
navigable,"（川や海が）航行可能な。","Japanese Wiktionary",https://ja.wiktionary.org/wiki/navigable,"CC BY-SA 4.0",2026-08-05,2026-08-14
neal,"焼なましする。 / 焼なましして固くなる。","Japanese Wiktionary",https://ja.wiktionary.org/wiki/neal,"CC BY-SA 4.0",2026-08-05,2026-08-14
neals,"nealの直説法現在第三人称単数形。","Japanese Wiktionary",https://ja.wiktionary.org/wiki/neals,"CC BY-SA 4.0",2026-08-05,2026-08-14
nearby,"近くの / 近くに / 近くで","Japanese Wiktionary",https://ja.wiktionary.org/wiki/nearby,"CC BY-SA 4.0",2026-08-05,2026-08-14
nearly,"ほとんど、（完全でなく）惜しいことに。 / 親しく、親しげに。","Japanese Wiktionary",https://ja.wiktionary.org/wiki/nearly,"CC BY-SA 4.0",2026-08-05,2026-08-14
neatly,"きちんと。こぎれいに。手際よく。適切に。","Japanese Wiktionary",https://ja.wiktionary.org/wiki/neatly,"CC BY-SA 4.0",2026-08-05,2026-08-14
nebular,"星雲の。","Japanese Wiktionary",https://ja.wiktionary.org/wiki/nebular,"CC BY-SA 4.0",2026-08-05,2026-08-14
nebulosus,"霧状雲。","Japanese Wiktionary",https://ja.wiktionary.org/wiki/nebulosus,"CC BY-SA 4.0",2026-08-05,2026-08-14
nebulous,"曇っている、雲のような。 / ぼんやりした、漠然とした、不明瞭な。 / 星雲の。","Japanese Wiktionary",https://ja.wiktionary.org/wiki/nebulous,"CC BY-SA 4.0",2026-08-05,2026-08-14
necessarily,"必ず。必ずしも。 / 必然的に。 / 当然。","Japanese Wiktionary",https://ja.wiktionary.org/wiki/necessarily,"CC BY-SA 4.0",2026-08-05,2026-08-14
necrotic,"壊死の。","Japanese Wiktionary",https://ja.wiktionary.org/wiki/necrotic,"CC BY-SA 4.0",2026-08-05,2026-08-14
necrotizing,"necrotizeの現在分詞。 / 壊死性の。","Japanese Wiktionary",https://ja.wiktionary.org/wiki/necrotizing,"CC BY-SA 4.0",2026-08-05,2026-08-14
nefarious,"極悪非道な、言語道断の","Japanese Wiktionary",https://ja.wiktionary.org/wiki/nefarious,"CC BY-SA 4.0",2026-08-05,2026-08-14
neglectful,"怠慢な、不注意な。","Japanese Wiktionary",https://ja.wiktionary.org/wiki/neglectful,"CC BY-SA 4.0",2026-08-05,2026-08-14
negligently,"怠慢に、不注意に、無頓着に","Japanese Wiktionary",https://ja.wiktionary.org/wiki/negligently,"CC BY-SA 4.0",2026-08-05,2026-08-14
negligible,"無視して良い、些細な、どうでもいい、取るに足らない。","Japanese Wiktionary",https://ja.wiktionary.org/wiki/negligible,"CC BY-SA 4.0",2026-08-05,2026-08-14
negotiable,"交渉の余地のある / （手形・小切手などが）換金できる、流通可能な / （道路・川などが）通行可能な","Japanese Wiktionary",https://ja.wiktionary.org/wiki/negotiable,"CC BY-SA 4.0",2026-08-05,2026-08-14
neighbouring,"neighbourの動名詞又は現在分詞。 / 近所の。","Japanese Wiktionary",https://ja.wiktionary.org/wiki/neighbouring,"CC BY-SA 4.0",2026-08-05,2026-08-14
neither,"どちらの・・・も、～でない。 / どちらも、～でない。 / いずれも～でない。・・・もまた～でない。 / 同様に～でない。","Japanese Wiktionary",https://ja.wiktionary.org/wiki/neither,"CC BY-SA 4.0",2026-08-05,2026-08-14
neki,"ネキ。","Japanese Wiktionary",https://ja.wiktionary.org/wiki/neki,"CC BY-SA 4.0",2026-08-05,2026-08-14
nervous,"神経質な。 / 緊張している。 / 神経の。","Japanese Wiktionary",https://ja.wiktionary.org/wiki/nervous,"CC BY-SA 4.0",2026-08-05,2026-08-14
netiquette,"ネチケット","Japanese Wiktionary",https://ja.wiktionary.org/wiki/netiquette,"CC BY-SA 4.0",2026-08-05,2026-08-14
neurological,"神経学の","Japanese Wiktionary",https://ja.wiktionary.org/wiki/neurological,"CC BY-SA 4.0",2026-08-05,2026-08-14
never,"決して～でない / 一度も～ない / まさか","Japanese Wiktionary",https://ja.wiktionary.org/wiki/never,"CC BY-SA 4.0",2026-08-05,2026-08-14
nevermore,"二度と～しない","Japanese Wiktionary",https://ja.wiktionary.org/wiki/nevermore,"CC BY-SA 4.0",2026-08-05,2026-08-14
nevertheless,"～にもかかわらず / ～とは言っても","Japanese Wiktionary",https://ja.wiktionary.org/wiki/nevertheless,"CC BY-SA 4.0",2026-08-05,2026-08-14
newly,"新たに。","Japanese Wiktionary",https://ja.wiktionary.org/wiki/newly,"CC BY-SA 4.0",2026-08-05,2026-08-14
next,"次の。 / 隣の。 / 直近の、隣接した。 / 次に。 / 隣に。 / ～の側に。 / 次、次ぎに来る人又は物。","Japanese Wiktionary",https://ja.wiktionary.org/wiki/next,"CC BY-SA 4.0",2026-08-05,2026-08-14
nicely,"良く、上手く。 / 順調に。 / 心地よく。 / 精密に。","Japanese Wiktionary",https://ja.wiktionary.org/wiki/nicely,"CC BY-SA 4.0",2026-08-05,2026-08-14
nid,"noun inanimate dependentの頭字語。 / （英国の通貨）ポンド。","Japanese Wiktionary",https://ja.wiktionary.org/wiki/nid,"CC BY-SA 4.0",2026-08-05,2026-08-14
nide,"雉の巣。","Japanese Wiktionary",https://ja.wiktionary.org/wiki/nide,"CC BY-SA 4.0",2026-08-05,2026-08-14
niggardly,"けちな。しみったれの。 / 僅かな。乏しい。 / けちけちして。","Japanese Wiktionary",https://ja.wiktionary.org/wiki/niggardly,"CC BY-SA 4.0",2026-08-05,2026-08-14
nightlies,"nightlyの複数形","Japanese Wiktionary",https://ja.wiktionary.org/wiki/nightlies,"CC BY-SA 4.0",2026-08-05,2026-08-14
nightly,"夜の / 毎夜の、毎晩の、夜毎の / 毎夜、毎晩、夜毎 / （コンピュータ）ナイトリービルド","Japanese Wiktionary",https://ja.wiktionary.org/wiki/nightly,"CC BY-SA 4.0",2026-08-05,2026-08-14
nightmarish,"悪夢のような","Japanese Wiktionary",https://ja.wiktionary.org/wiki/nightmarish,"CC BY-SA 4.0",2026-08-05,2026-08-14
nigiri,"握り寿司。","Japanese Wiktionary",https://ja.wiktionary.org/wiki/nigiri,"CC BY-SA 4.0",2026-08-05,2026-08-14
nigro,"黒人。","Japanese Wiktionary",https://ja.wiktionary.org/wiki/nigro,"CC BY-SA 4.0",2026-08-05,2026-08-14
niki,"ニキ。","Japanese Wiktionary",https://ja.wiktionary.org/wiki/niki,"CC BY-SA 4.0",2026-08-05,2026-08-14
nimbly,"素早く。機敏に。軽快に。鋭敏に。","Japanese Wiktionary",https://ja.wiktionary.org/wiki/nimbly,"CC BY-SA 4.0",2026-08-05,2026-08-14
nish,"何も〜ない。","Japanese Wiktionary",https://ja.wiktionary.org/wiki/nish,"CC BY-SA 4.0",2026-08-05,2026-08-14
nitric,"窒素の / 窒素を含んだ","Japanese Wiktionary",https://ja.wiktionary.org/wiki/nitric,"CC BY-SA 4.0",2026-08-05,2026-08-14
nival,"雪の多い。","Japanese Wiktionary",https://ja.wiktionary.org/wiki/nival,"CC BY-SA 4.0",2026-08-05,2026-08-14
nize,"黙る、話を止める。","Japanese Wiktionary",https://ja.wiktionary.org/wiki/nize,"CC BY-SA 4.0",2026-08-05,2026-08-14
nobly,"気高く。 / 貴族として。","Japanese Wiktionary",https://ja.wiktionary.org/wiki/nobly,"CC BY-SA 4.0",2026-08-05,2026-08-14
nocturn,"（カトリック）夜課、宵課","Japanese Wiktionary",https://ja.wiktionary.org/wiki/nocturn,"CC BY-SA 4.0",2026-08-05,2026-08-14
noiseless,"音を立てない","Japanese Wiktionary",https://ja.wiktionary.org/wiki/noiseless,"CC BY-SA 4.0",2026-08-05,2026-08-14
noiselessly,"音を立てずに、静かに。","Japanese Wiktionary",https://ja.wiktionary.org/wiki/noiselessly,"CC BY-SA 4.0",2026-08-05,2026-08-14
noisily,"音を立てて、やかましく。","Japanese Wiktionary",https://ja.wiktionary.org/wiki/noisily,"CC BY-SA 4.0",2026-08-05,2026-08-14
nominally,"名目上は。 / 名詞に関して。","Japanese Wiktionary",https://ja.wiktionary.org/wiki/nominally,"CC BY-SA 4.0",2026-08-05,2026-08-14
nonetheless,"にもかかわらず。","Japanese Wiktionary",https://ja.wiktionary.org/wiki/nonetheless,"CC BY-SA 4.0",2026-08-05,2026-08-14
nonfatal,"死に至らない。死亡者を出さない。","Japanese Wiktionary",https://ja.wiktionary.org/wiki/nonfatal,"CC BY-SA 4.0",2026-08-05,2026-08-14
nonflammable,"不燃性の","Japanese Wiktionary",https://ja.wiktionary.org/wiki/nonflammable,"CC BY-SA 4.0",2026-08-05,2026-08-14
nonnegative,"non-negativeの異形。 / 非負数。","Japanese Wiktionary",https://ja.wiktionary.org/wiki/nonnegative,"CC BY-SA 4.0",2026-08-05,2026-08-14
nonpolitical,"非政治的な / 政治と無関係の","Japanese Wiktionary",https://ja.wiktionary.org/wiki/nonpolitical,"CC BY-SA 4.0",2026-08-05,2026-08-14
nonsensical,"無意味な、ばかげた。","Japanese Wiktionary",https://ja.wiktionary.org/wiki/nonsensical,"CC BY-SA 4.0",2026-08-05,2026-08-14
nontoxic,"毒の無い、無毒の。 / 無毒の物。","Japanese Wiktionary",https://ja.wiktionary.org/wiki/nontoxic,"CC BY-SA 4.0",2026-08-05,2026-08-14
nonverbal,"言葉によらない。","Japanese Wiktionary",https://ja.wiktionary.org/wiki/nonverbal,"CC BY-SA 4.0",2026-08-05,2026-08-14
noo,"（ニューカッスル方言）今","Japanese Wiktionary",https://ja.wiktionary.org/wiki/noo,"CC BY-SA 4.0",2026-08-05,2026-08-14
noob,"初心者・新参者を煽って指す称。","Japanese Wiktionary",https://ja.wiktionary.org/wiki/noob,"CC BY-SA 4.0",2026-08-05,2026-08-14
nor,"（neither A nor B の形で）AでもBでもない。","Japanese Wiktionary",https://ja.wiktionary.org/wiki/nor,"CC BY-SA 4.0",2026-08-05,2026-08-14
noren,"暖簾。","Japanese Wiktionary",https://ja.wiktionary.org/wiki/noren,"CC BY-SA 4.0",2026-08-05,2026-08-14
normally,"普通は。通常は。 / 正常に。 / 標準的に。","Japanese Wiktionary",https://ja.wiktionary.org/wiki/normally,"CC BY-SA 4.0",2026-08-05,2026-08-14
normative,"規範的な。基準の。標準の。 / 規定する。","Japanese Wiktionary",https://ja.wiktionary.org/wiki/normative,"CC BY-SA 4.0",2026-08-05,2026-08-14
normed,"ノルムが定義された。 / normの過去形・過去分詞。","Japanese Wiktionary",https://ja.wiktionary.org/wiki/normed,"CC BY-SA 4.0",2026-08-05,2026-08-14
norming,"normの現在分詞。","Japanese Wiktionary",https://ja.wiktionary.org/wiki/norming,"CC BY-SA 4.0",2026-08-05,2026-08-14
norovirus,"ノロウイルス。","Japanese Wiktionary",https://ja.wiktionary.org/wiki/norovirus,"CC BY-SA 4.0",2026-08-05,2026-08-14
northeasterly,"北東への / （風向き）北東の","Japanese Wiktionary",https://ja.wiktionary.org/wiki/northeasterly,"CC BY-SA 4.0",2026-08-05,2026-08-14
northeastern,"北東の / 北東への / 北東からの","Japanese Wiktionary",https://ja.wiktionary.org/wiki/northeastern,"CC BY-SA 4.0",2026-08-05,2026-08-14
northernmost,"最北の。","Japanese Wiktionary",https://ja.wiktionary.org/wiki/northernmost,"CC BY-SA 4.0",2026-08-05,2026-08-14
northwesterly,"北西への / （風向き）北西の","Japanese Wiktionary",https://ja.wiktionary.org/wiki/northwesterly,"CC BY-SA 4.0",2026-08-05,2026-08-14
northwestern,"北西の。 / 北西への。 / 北西からの。","Japanese Wiktionary",https://ja.wiktionary.org/wiki/northwestern,"CC BY-SA 4.0",2026-08-05,2026-08-14
nostra,"nostrum（秘薬、万能薬 等）の複数形のひとつ。","Japanese Wiktionary",https://ja.wiktionary.org/wiki/nostra,"CC BY-SA 4.0",2026-08-05,2026-08-14
nota,"notum の複数形。","Japanese Wiktionary",https://ja.wiktionary.org/wiki/nota,"CC BY-SA 4.0",2026-08-05,2026-08-14
notably,"特に、とりわけ。 / 著しく、顕著に。","Japanese Wiktionary",https://ja.wiktionary.org/wiki/notably,"CC BY-SA 4.0",2026-08-05,2026-08-14
noteworthy,"注目に値する、目立った、顕著な。 / 注目に値する人。","Japanese Wiktionary",https://ja.wiktionary.org/wiki/noteworthy,"CC BY-SA 4.0",2026-08-05,2026-08-14
noticeable,"目立った、著しい、際立っている。 / 注目に値する。注目されるべき。","Japanese Wiktionary",https://ja.wiktionary.org/wiki/noticeable,"CC BY-SA 4.0",2026-08-05,2026-08-14
noticeably,"際立って","Japanese Wiktionary",https://ja.wiktionary.org/wiki/noticeably,"CC BY-SA 4.0",2026-08-05,2026-08-14
notifiable,"通知すべき。 / 届け出義務が課せられている。","Japanese Wiktionary",https://ja.wiktionary.org/wiki/notifiable,"CC BY-SA 4.0",2026-08-05,2026-08-14
notifier,"通知者。通告者。公表者。","Japanese Wiktionary",https://ja.wiktionary.org/wiki/notifier,"CC BY-SA 4.0",2026-08-05,2026-08-14
notifiers,"notifierの複数形。","Japanese Wiktionary",https://ja.wiktionary.org/wiki/notifiers,"CC BY-SA 4.0",2026-08-05,2026-08-14
notorious,"悪い面で有名な。悪名高い。","Japanese Wiktionary",https://ja.wiktionary.org/wiki/notorious,"CC BY-SA 4.0",2026-08-05,2026-08-14
notoriously,"悪名高く。","Japanese Wiktionary",https://ja.wiktionary.org/wiki/notoriously,"CC BY-SA 4.0",2026-08-05,2026-08-14
nots,"notの複数形。","Japanese Wiktionary",https://ja.wiktionary.org/wiki/nots,"CC BY-SA 4.0",2026-08-05,2026-08-14
notum,"胸背板。","Japanese Wiktionary",https://ja.wiktionary.org/wiki/notum,"CC BY-SA 4.0",2026-08-05,2026-08-14
notwithstanding,"にもかかわらず、それでも。 / にもかかわらず。","Japanese Wiktionary",https://ja.wiktionary.org/wiki/notwithstanding,"CC BY-SA 4.0",2026-08-05,2026-08-14
nouveau,"新しい、流行の。","Japanese Wiktionary",https://ja.wiktionary.org/wiki/nouveau,"CC BY-SA 4.0",2026-08-05,2026-08-14
novelle,"novellaの複数形","Japanese Wiktionary",https://ja.wiktionary.org/wiki/novelle,"CC BY-SA 4.0",2026-08-05,2026-08-14
nowt,"無。何も無い。 / 無。 / 少しも～でない。 / 雄牛。 / 牛の群れ。","Japanese Wiktionary",https://ja.wiktionary.org/wiki/nowt,"CC BY-SA 4.0",2026-08-05,2026-08-14
noxious,"有害な、有毒な。","Japanese Wiktionary",https://ja.wiktionary.org/wiki/noxious,"CC BY-SA 4.0",2026-08-05,2026-08-14
nuclear,"核となる。最小単位の。 / （軍需か民需かを問わない）原子核の。原子力の。","Japanese Wiktionary",https://ja.wiktionary.org/wiki/nuclear,"CC BY-SA 4.0",2026-08-05,2026-08-14
nucleic,"核の、核に関する。","Japanese Wiktionary",https://ja.wiktionary.org/wiki/nucleic,"CC BY-SA 4.0",2026-08-05,2026-08-14
nucleolar,"核小体（仁）の、核小体（仁）に関する。","Japanese Wiktionary",https://ja.wiktionary.org/wiki/nucleolar,"CC BY-SA 4.0",2026-08-05,2026-08-14
num,"numberの略 / （文法）numeralの略","Japanese Wiktionary",https://ja.wiktionary.org/wiki/num,"CC BY-SA 4.0",2026-08-05,2026-08-14
numerical,"数、数値の。 / 数が一致した。","Japanese Wiktionary",https://ja.wiktionary.org/wiki/numerical,"CC BY-SA 4.0",2026-08-05,2026-08-14
numerous,"多数の、数多くの。","Japanese Wiktionary",https://ja.wiktionary.org/wiki/numerous,"CC BY-SA 4.0",2026-08-05,2026-08-14
oafish,"馬鹿な、間抜けな","Japanese Wiktionary",https://ja.wiktionary.org/wiki/oafish,"CC BY-SA 4.0",2026-08-05,2026-08-14
oaken,"オークの、オーク製の。","Japanese Wiktionary",https://ja.wiktionary.org/wiki/oaken,"CC BY-SA 4.0",2026-08-05,2026-08-14
obedient,"従順な、忠実な、すなおな。","Japanese Wiktionary",https://ja.wiktionary.org/wiki/obedient,"CC BY-SA 4.0",2026-08-05,2026-08-14
obediently,"従順に","Japanese Wiktionary",https://ja.wiktionary.org/wiki/obediently,"CC BY-SA 4.0",2026-08-05,2026-08-14
obese,"肥満の。","Japanese Wiktionary",https://ja.wiktionary.org/wiki/obese,"CC BY-SA 4.0",2026-08-05,2026-08-14
objectionable,"嫌な。不快な。不愉快な。いかがわしい。","Japanese Wiktionary",https://ja.wiktionary.org/wiki/objectionable,"CC BY-SA 4.0",2026-08-05,2026-08-14
objectively,"客観的に。","Japanese Wiktionary",https://ja.wiktionary.org/wiki/objectively,"CC BY-SA 4.0",2026-08-05,2026-08-14
objectivism,"客観論。 / オブジェクティビズム。客観主義。","Japanese Wiktionary",https://ja.wiktionary.org/wiki/objectivism,"CC BY-SA 4.0",2026-08-05,2026-08-14
obligatorily,"義務的に。強制的に。","Japanese Wiktionary",https://ja.wiktionary.org/wiki/obligatorily,"CC BY-SA 4.0",2026-08-05,2026-08-14
obligatory,"義務的な。強制的な。必修の。","Japanese Wiktionary",https://ja.wiktionary.org/wiki/obligatory,"CC BY-SA 4.0",2026-08-05,2026-08-14
obligee,"債権者。","Japanese Wiktionary",https://ja.wiktionary.org/wiki/obligee,"CC BY-SA 4.0",2026-08-05,2026-08-14
obligingly,"好意で。","Japanese Wiktionary",https://ja.wiktionary.org/wiki/obligingly,"CC BY-SA 4.0",2026-08-05,2026-08-14
obligor,"債務者。","Japanese Wiktionary",https://ja.wiktionary.org/wiki/obligor,"CC BY-SA 4.0",2026-08-05,2026-08-14
obligors,"obligorの複数形。","Japanese Wiktionary",https://ja.wiktionary.org/wiki/obligors,"CC BY-SA 4.0",2026-08-05,2026-08-14
obliquely,"斜めに。 / 間接的に、遠回しに。","Japanese Wiktionary",https://ja.wiktionary.org/wiki/obliquely,"CC BY-SA 4.0",2026-08-05,2026-08-14
obliquus,"斜筋。","Japanese Wiktionary",https://ja.wiktionary.org/wiki/obliquus,"CC BY-SA 4.0",2026-08-05,2026-08-14
oblivious,"気付かない。自覚していない。 / 忘れっぽい。","Japanese Wiktionary",https://ja.wiktionary.org/wiki/oblivious,"CC BY-SA 4.0",2026-08-05,2026-08-14
oblongata,"延髄。","Japanese Wiktionary",https://ja.wiktionary.org/wiki/oblongata,"CC BY-SA 4.0",2026-08-05,2026-08-14
obnoxious,"忌まわしい、不愉快な。 / 侵害に曝された。","Japanese Wiktionary",https://ja.wiktionary.org/wiki/obnoxious,"CC BY-SA 4.0",2026-08-05,2026-08-14
obscene,"道徳・規範に外れた。 / 淫らな、猥褻な。 / 不快な。 / 法外な。 / 腐敗に関して責任がある、腐敗の原因の。","Japanese Wiktionary",https://ja.wiktionary.org/wiki/obscene,"CC BY-SA 4.0",2026-08-05,2026-08-14
obscenely,"猥褻に、淫らに。 / 過剰に。","Japanese Wiktionary",https://ja.wiktionary.org/wiki/obscenely,"CC BY-SA 4.0",2026-08-05,2026-08-14
obscuration,"暗くすること。 / ぼんやりさせること、不明瞭化。","Japanese Wiktionary",https://ja.wiktionary.org/wiki/obscuration,"CC BY-SA 4.0",2026-08-05,2026-08-14
obscurely,"ぼやけて、不明瞭に、曖昧に。 / 無名のまま。","Japanese Wiktionary",https://ja.wiktionary.org/wiki/obscurely,"CC BY-SA 4.0",2026-08-05,2026-08-14
observant,"注意深い。観察力の鋭い。 / （法律・慣習などを）遵守する。","Japanese Wiktionary",https://ja.wiktionary.org/wiki/observant,"CC BY-SA 4.0",2026-08-05,2026-08-14
obsessively,"病的に、過度に、執拗に。","Japanese Wiktionary",https://ja.wiktionary.org/wiki/obsessively,"CC BY-SA 4.0",2026-08-05,2026-08-14
obsoletes,"""obsolete"" の三人称単数現在形。","Japanese Wiktionary",https://ja.wiktionary.org/wiki/obsoletes,"CC BY-SA 4.0",2026-08-05,2026-08-14
obstinate,"頑固な。 / しつこい、難治の。","Japanese Wiktionary",https://ja.wiktionary.org/wiki/obstinate,"CC BY-SA 4.0",2026-08-05,2026-08-14
obstinately,"頑固に、頑強に。","Japanese Wiktionary",https://ja.wiktionary.org/wiki/obstinately,"CC BY-SA 4.0",2026-08-05,2026-08-14
obstructive,"邪魔になる、妨害となる","Japanese Wiktionary",https://ja.wiktionary.org/wiki/obstructive,"CC BY-SA 4.0",2026-08-05,2026-08-14
obtainable,"得られる。獲得可能な。","Japanese Wiktionary",https://ja.wiktionary.org/wiki/obtainable,"CC BY-SA 4.0",2026-08-05,2026-08-14
obtrusive,"押し付けがましい、目障りな。 / ひどく目立つ。 / 突出した。","Japanese Wiktionary",https://ja.wiktionary.org/wiki/obtrusive,"CC BY-SA 4.0",2026-08-05,2026-08-14
obtuse,"鈍い / 鈍角の。 / 鈍感な、愚鈍な。","Japanese Wiktionary",https://ja.wiktionary.org/wiki/obtuse,"CC BY-SA 4.0",2026-08-05,2026-08-14
obvious,"明らかな、明白な、瞭然たる。","Japanese Wiktionary",https://ja.wiktionary.org/wiki/obvious,"CC BY-SA 4.0",2026-08-05,2026-08-14
obviously,"（目に見えて）明らかに。","Japanese Wiktionary",https://ja.wiktionary.org/wiki/obviously,"CC BY-SA 4.0",2026-08-05,2026-08-14
occasional,"時折の。たまの。 / 特別な場合のための。 / 臨時の。","Japanese Wiktionary",https://ja.wiktionary.org/wiki/occasional,"CC BY-SA 4.0",2026-08-05,2026-08-14
occasionally,"時時。","Japanese Wiktionary",https://ja.wiktionary.org/wiki/occasionally,"CC BY-SA 4.0",2026-08-05,2026-08-14
occupational,"職業の。職業に伴う。 / 占領の。","Japanese Wiktionary",https://ja.wiktionary.org/wiki/occupational,"CC BY-SA 4.0",2026-08-05,2026-08-14
oceanographic,"海洋学の。","Japanese Wiktionary",https://ja.wiktionary.org/wiki/oceanographic,"CC BY-SA 4.0",2026-08-05,2026-08-14
ocelli,"ocellusの複数形。","Japanese Wiktionary",https://ja.wiktionary.org/wiki/ocelli,"CC BY-SA 4.0",2026-08-05,2026-08-14
octagonal,"八角形の。","Japanese Wiktionary",https://ja.wiktionary.org/wiki/octagonal,"CC BY-SA 4.0",2026-08-05,2026-08-14
octahedra,"octahedronの複数形。","Japanese Wiktionary",https://ja.wiktionary.org/wiki/octahedra,"CC BY-SA 4.0",2026-08-05,2026-08-14
octahedral,"八面体の。","Japanese Wiktionary",https://ja.wiktionary.org/wiki/octahedral,"CC BY-SA 4.0",2026-08-05,2026-08-14
oda,"（ハーレム内の）部屋。","Japanese Wiktionary",https://ja.wiktionary.org/wiki/oda,"CC BY-SA 4.0",2026-08-05,2026-08-14
oddly,"奇妙に。 / 特異に。","Japanese Wiktionary",https://ja.wiktionary.org/wiki/oddly,"CC BY-SA 4.0",2026-08-05,2026-08-14
odious,"憎らしい、厭わしい、不愉快な。","Japanese Wiktionary",https://ja.wiktionary.org/wiki/odious,"CC BY-SA 4.0",2026-08-05,2026-08-14
odoriferous,"においを放つ、香りがする。","Japanese Wiktionary",https://ja.wiktionary.org/wiki/odoriferous,"CC BY-SA 4.0",2026-08-05,2026-08-14
odorless,"無臭の。","Japanese Wiktionary",https://ja.wiktionary.org/wiki/odorless,"CC BY-SA 4.0",2026-08-05,2026-08-14
odorous,"香りがする。芳しい。","Japanese Wiktionary",https://ja.wiktionary.org/wiki/odorous,"CC BY-SA 4.0",2026-08-05,2026-08-14
odourless,"無臭の。","Japanese Wiktionary",https://ja.wiktionary.org/wiki/odourless,"CC BY-SA 4.0",2026-08-05,2026-08-14
of,"(所有・所属）～の、～に属する。 / （材料・構成要素）～の、～で構成された。 / （分量）～の量の～ / （性質）～の性質を持つ～。 / （分量・程度）～程度の / （目的格関係）～の、～を / （他動詞の目的語）～を～すること。 / （部分）～の中の～。 / （同格）～という、～。～の～。 / ～前。（時刻で） / (起源･由来） / (年齢）～歳の / （限定）～の～ / （関連・関係）～について、～に関する。 / （動詞の主語）～が～をすること。～するとは、～（人）は～である。 / （形容詞）～を[に]。 / （隔たり）～から～を。～時～分に。 / （原因）～のため。 / （要素）～で作った～。 / （時間・時）～の間に。〜によく。 / （動作元）～によって。 / （非標準的）haveの異表記。","Japanese Wiktionary",https://ja.wiktionary.org/wiki/of,"CC BY-SA 4.0",2026-08-05,2026-08-14
off,"～から離れて、出発して、帰ろうとして。 / 休んで。 / 実現して。 / 中止して。 / ～から離れて。 / 外れた、誤った、間違った、正常でない。","Japanese Wiktionary",https://ja.wiktionary.org/wiki/off,"CC BY-SA 4.0",2026-08-05,2026-08-14
offen,"offの異綴。","Japanese Wiktionary",https://ja.wiktionary.org/wiki/offen,"CC BY-SA 4.0",2026-08-05,2026-08-14
offhand,"その場の、即興の、即座の、考えなしの、用意なしの / ぶっきらぼうな、くだけた、傲慢な、気取らない / その場で、即興で、即座に、考えなしに、用意なく / ぶっきらぼうに、くだけて、傲慢に、気取らず","Japanese Wiktionary",https://ja.wiktionary.org/wiki/offhand,"CC BY-SA 4.0",2026-08-05,2026-08-14
officially,"公式に、正式に。","Japanese Wiktionary",https://ja.wiktionary.org/wiki/officially,"CC BY-SA 4.0",2026-08-05,2026-08-14
offre,"offerの廃用。","Japanese Wiktionary",https://ja.wiktionary.org/wiki/offre,"CC BY-SA 4.0",2026-08-05,2026-08-14
offres,"offreの複数形。 / offreの直説法現在第三人称単数形。","Japanese Wiktionary",https://ja.wiktionary.org/wiki/offres,"CC BY-SA 4.0",2026-08-05,2026-08-14
oft,"よく、屡。","Japanese Wiktionary",https://ja.wiktionary.org/wiki/oft,"CC BY-SA 4.0",2026-08-05,2026-08-14
often,"よく、屡。","Japanese Wiktionary",https://ja.wiktionary.org/wiki/often,"CC BY-SA 4.0",2026-08-05,2026-08-14
ogrish,"鬼のような。","Japanese Wiktionary",https://ja.wiktionary.org/wiki/ogrish,"CC BY-SA 4.0",2026-08-05,2026-08-14
okonomiyaki,"お好み焼き。","Japanese Wiktionary",https://ja.wiktionary.org/wiki/okonomiyaki,"CC BY-SA 4.0",2026-08-05,2026-08-14
olden,"（限定用法のみ）古代の。 / （限定用法のみ）老人の、年老いた。 / 歳をとる、古くなる。 / 歳をとらせる、古くする。","Japanese Wiktionary",https://ja.wiktionary.org/wiki/olden,"CC BY-SA 4.0",2026-08-05,2026-08-14
oleum,"発煙硫酸。","Japanese Wiktionary",https://ja.wiktionary.org/wiki/oleum,"CC BY-SA 4.0",2026-08-05,2026-08-14
olfactory,"嗅覚の。 / 嗅覚器。 / 嗅神経。","Japanese Wiktionary",https://ja.wiktionary.org/wiki/olfactory,"CC BY-SA 4.0",2026-08-05,2026-08-14
olio,"スペイン風シチュー。 / ごった煮、ホッチポッチ。 / 雑曲集、雑文集。 / 幕前狂言、前座芸。","Japanese Wiktionary",https://ja.wiktionary.org/wiki/olio,"CC BY-SA 4.0",2026-08-05,2026-08-14
oliva,"オリーブ体。","Japanese Wiktionary",https://ja.wiktionary.org/wiki/oliva,"CC BY-SA 4.0",2026-08-05,2026-08-14
ominous,"前兆となる。 / 忌まわしい。縁起の悪い。凶兆が出ている。不吉な。","Japanese Wiktionary",https://ja.wiktionary.org/wiki/ominous,"CC BY-SA 4.0",2026-08-05,2026-08-14
omnipotent,"全能の。 / 全能者。","Japanese Wiktionary",https://ja.wiktionary.org/wiki/omnipotent,"CC BY-SA 4.0",2026-08-05,2026-08-14
omnipresent,"遍在する。","Japanese Wiktionary",https://ja.wiktionary.org/wiki/omnipresent,"CC BY-SA 4.0",2026-08-05,2026-08-14
omniscient,"全知の","Japanese Wiktionary",https://ja.wiktionary.org/wiki/omniscient,"CC BY-SA 4.0",2026-08-05,2026-08-14
omnivorous,"雑食の / 手当たり次第の、多岐にわたる","Japanese Wiktionary",https://ja.wiktionary.org/wiki/omnivorous,"CC BY-SA 4.0",2026-08-05,2026-08-14
on,"の上に（接触している）。表面に。 / について / に対して / のときに / の理由で / を服用して / の負担で、おごりで / 上に向かって / （衣類を）身に着けて / （映画・演劇などが）上演中","Japanese Wiktionary",https://ja.wiktionary.org/wiki/on,"CC BY-SA 4.0",2026-08-05,2026-08-14
once,"一度、一度だけ、一回 / かつて / ～するや否や。","Japanese Wiktionary",https://ja.wiktionary.org/wiki/once,"CC BY-SA 4.0",2026-08-05,2026-08-14
oncological,"腫瘍学の。","Japanese Wiktionary",https://ja.wiktionary.org/wiki/oncological,"CC BY-SA 4.0",2026-08-05,2026-08-14
ondine,"undineの異形。","Japanese Wiktionary",https://ja.wiktionary.org/wiki/ondine,"CC BY-SA 4.0",2026-08-05,2026-08-14
onerous,"厄介な。 / 負担付の、有償の。","Japanese Wiktionary",https://ja.wiktionary.org/wiki/onerous,"CC BY-SA 4.0",2026-08-05,2026-08-14
oneself,"既述の指示代名詞を（主格、又は目的格として）繰返し用いる場合 / 再帰代名詞の汎称として使用","Japanese Wiktionary",https://ja.wiktionary.org/wiki/oneself,"CC BY-SA 4.0",2026-08-05,2026-08-14
ongoing,"進行中の。","Japanese Wiktionary",https://ja.wiktionary.org/wiki/ongoing,"CC BY-SA 4.0",2026-08-05,2026-08-14
onigiri,"おにぎり。","Japanese Wiktionary",https://ja.wiktionary.org/wiki/onigiri,"CC BY-SA 4.0",2026-08-05,2026-08-14
online,"（コンピュータ）オンラインの / オンラインで","Japanese Wiktionary",https://ja.wiktionary.org/wiki/online,"CC BY-SA 4.0",2026-08-05,2026-08-14
only,"唯一の。 / 一人っ子の（同性の兄弟又は姉妹がいないこと）。 / 最高の。 / ～だけの、～に限って。唯一～で。 / まさに、ちょうど（just）。 / つい先ほど / しかし、～を除いて。","Japanese Wiktionary",https://ja.wiktionary.org/wiki/only,"CC BY-SA 4.0",2026-08-05,2026-08-14
onsen,"温泉。","Japanese Wiktionary",https://ja.wiktionary.org/wiki/onsen,"CC BY-SA 4.0",2026-08-05,2026-08-14
ontological,"存在論の。","Japanese Wiktionary",https://ja.wiktionary.org/wiki/ontological,"CC BY-SA 4.0",2026-08-05,2026-08-14
oom,"おじさん。","Japanese Wiktionary",https://ja.wiktionary.org/wiki/oom,"CC BY-SA 4.0",2026-08-05,2026-08-14
ooms,"oomの複数形。","Japanese Wiktionary",https://ja.wiktionary.org/wiki/ooms,"CC BY-SA 4.0",2026-08-05,2026-08-14
oozy,"じくじくとした。","Japanese Wiktionary",https://ja.wiktionary.org/wiki/oozy,"CC BY-SA 4.0",2026-08-05,2026-08-14
openly,"開いて。公開して。 / 明け透けに。隠さずに。表に出して。瞭然と。はっきり。","Japanese Wiktionary",https://ja.wiktionary.org/wiki/openly,"CC BY-SA 4.0",2026-08-05,2026-08-14
operable,"操作可能な。使用可能な。 / 手術可能な。","Japanese Wiktionary",https://ja.wiktionary.org/wiki/operable,"CC BY-SA 4.0",2026-08-05,2026-08-14
operational,"操作の。運営の。 / 作戦の。 / 作動している。操作可能な。使用可能な。","Japanese Wiktionary",https://ja.wiktionary.org/wiki/operational,"CC BY-SA 4.0",2026-08-05,2026-08-14
operationalisation,"operationalizationの異綴。","Japanese Wiktionary",https://ja.wiktionary.org/wiki/operationalisation,"CC BY-SA 4.0",2026-08-05,2026-08-14
operationalization,"操作可能にすること。","Japanese Wiktionary",https://ja.wiktionary.org/wiki/operationalization,"CC BY-SA 4.0",2026-08-05,2026-08-14
opere,"operaの複数形。","Japanese Wiktionary",https://ja.wiktionary.org/wiki/opere,"CC BY-SA 4.0",2026-08-05,2026-08-14
ophthalmic,"目の。眼科の。","Japanese Wiktionary",https://ja.wiktionary.org/wiki/ophthalmic,"CC BY-SA 4.0",2026-08-05,2026-08-14
opportune,"適切な、都合のよい / 時宜を得た、タイムリーな","Japanese Wiktionary",https://ja.wiktionary.org/wiki/opportune,"CC BY-SA 4.0",2026-08-05,2026-08-14
opportunely,"適切に、都合よく。 / 時宜を得て、タイムリーに。","Japanese Wiktionary",https://ja.wiktionary.org/wiki/opportunely,"CC BY-SA 4.0",2026-08-05,2026-08-14
opportunistic,"日和る、日和見主義の、御都合主義の。","Japanese Wiktionary",https://ja.wiktionary.org/wiki/opportunistic,"CC BY-SA 4.0",2026-08-05,2026-08-14
oppositely,"反対側に。向かい側に。","Japanese Wiktionary",https://ja.wiktionary.org/wiki/oppositely,"CC BY-SA 4.0",2026-08-05,2026-08-14
oppressive,"圧制的な。 / （税などが）過酷な。 / 重苦しい。 / （天候が）うだるような。蒸し暑い。","Japanese Wiktionary",https://ja.wiktionary.org/wiki/oppressive,"CC BY-SA 4.0",2026-08-05,2026-08-14
oppressively,"圧制的に。 / （税などが）過酷に。 / 重苦しく。 / （天候が）うだるように。蒸し暑く。","Japanese Wiktionary",https://ja.wiktionary.org/wiki/oppressively,"CC BY-SA 4.0",2026-08-05,2026-08-14
opprobrious,"侮辱的な、無礼な。","Japanese Wiktionary",https://ja.wiktionary.org/wiki/opprobrious,"CC BY-SA 4.0",2026-08-05,2026-08-14
optically,"光学的に。","Japanese Wiktionary",https://ja.wiktionary.org/wiki/optically,"CC BY-SA 4.0",2026-08-05,2026-08-14
optimistic,"楽観的な、楽天的な。","Japanese Wiktionary",https://ja.wiktionary.org/wiki/optimistic,"CC BY-SA 4.0",2026-08-05,2026-08-14
optimistically,"楽観的に、楽天的に、楽観して。","Japanese Wiktionary",https://ja.wiktionary.org/wiki/optimistically,"CC BY-SA 4.0",2026-08-05,2026-08-14
optional,"任意の、随意の","Japanese Wiktionary",https://ja.wiktionary.org/wiki/optional,"CC BY-SA 4.0",2026-08-05,2026-08-14
optioned,"optionの過去形・過去分詞","Japanese Wiktionary",https://ja.wiktionary.org/wiki/optioned,"CC BY-SA 4.0",2026-08-05,2026-08-14
opulent,"豪華な。 / 豊富な、裕福な。","Japanese Wiktionary",https://ja.wiktionary.org/wiki/opulent,"CC BY-SA 4.0",2026-08-05,2026-08-14
or,"か。または。あるいは。もしくは。 / さもなければ。さもないと。そうしないと。 / 金色、黄色（金色の代替色）。オア、オーア。 / 金色の、黄色の。","Japanese Wiktionary",https://ja.wiktionary.org/wiki/or,"CC BY-SA 4.0",2026-08-05,2026-08-14
orally,"口頭で、口述で。 / 経口で。","Japanese Wiktionary",https://ja.wiktionary.org/wiki/orally,"CC BY-SA 4.0",2026-08-05,2026-08-14
oranger,"orangeの比較級。","Japanese Wiktionary",https://ja.wiktionary.org/wiki/oranger,"CC BY-SA 4.0",2026-08-05,2026-08-14
orchestre,"orchestraの廃用。","Japanese Wiktionary",https://ja.wiktionary.org/wiki/orchestre,"CC BY-SA 4.0",2026-08-05,2026-08-14
ordinarily,"普通は / 普通に / 平凡に","Japanese Wiktionary",https://ja.wiktionary.org/wiki/ordinarily,"CC BY-SA 4.0",2026-08-05,2026-08-14
ordo,"祭祀の年間予定表、祭式規定書。","Japanese Wiktionary",https://ja.wiktionary.org/wiki/ordo,"CC BY-SA 4.0",2026-08-05,2026-08-14
ordonnance,"配置、構成。","Japanese Wiktionary",https://ja.wiktionary.org/wiki/ordonnance,"CC BY-SA 4.0",2026-08-05,2026-08-14
organogenesis,"器官形成。","Japanese Wiktionary",https://ja.wiktionary.org/wiki/organogenesis,"CC BY-SA 4.0",2026-08-05,2026-08-14
organum,"オルガヌム。 / 知識獲得の方法。","Japanese Wiktionary",https://ja.wiktionary.org/wiki/organum,"CC BY-SA 4.0",2026-08-05,2026-08-14
originally,"元は、最初は / 生まれは","Japanese Wiktionary",https://ja.wiktionary.org/wiki/originally,"CC BY-SA 4.0",2026-08-05,2026-08-14
orthodox,"伝統的な信仰教条に従順であること。 / オーソドックスな、古典的、伝統的、正統、主流派、保守的であること。","Japanese Wiktionary",https://ja.wiktionary.org/wiki/orthodox,"CC BY-SA 4.0",2026-08-05,2026-08-14
orthographic,"直交の。 / 正書法の、正字法の。","Japanese Wiktionary",https://ja.wiktionary.org/wiki/orthographic,"CC BY-SA 4.0",2026-08-05,2026-08-14
oscuro,"オスクーロ。","Japanese Wiktionary",https://ja.wiktionary.org/wiki/oscuro,"CC BY-SA 4.0",2026-08-05,2026-08-14
osm,"すごい。すばらしい。","Japanese Wiktionary",https://ja.wiktionary.org/wiki/osm,"CC BY-SA 4.0",2026-08-05,2026-08-14
osmotic,"浸透性の","Japanese Wiktionary",https://ja.wiktionary.org/wiki/osmotic,"CC BY-SA 4.0",2026-08-05,2026-08-14
ostensible,"明らかな、明白な。 / 表向きの、表面上の。","Japanese Wiktionary",https://ja.wiktionary.org/wiki/ostensible,"CC BY-SA 4.0",2026-08-05,2026-08-14
ostensibly,"うわべは、表向きは、表面上は。","Japanese Wiktionary",https://ja.wiktionary.org/wiki/ostensibly,"CC BY-SA 4.0",2026-08-05,2026-08-14
ostentatious,"誇示的な、見せびらかしの。","Japanese Wiktionary",https://ja.wiktionary.org/wiki/ostentatious,"CC BY-SA 4.0",2026-08-05,2026-08-14
osteogenesis,"骨形成。","Japanese Wiktionary",https://ja.wiktionary.org/wiki/osteogenesis,"CC BY-SA 4.0",2026-08-05,2026-08-14
otaku,"（特に漫画やアニメの）おたく。","Japanese Wiktionary",https://ja.wiktionary.org/wiki/otaku,"CC BY-SA 4.0",2026-08-05,2026-08-14
otherkin,"アザーキン。","Japanese Wiktionary",https://ja.wiktionary.org/wiki/otherkin,"CC BY-SA 4.0",2026-08-05,2026-08-14
otherwise,"そうでなければ、さもなければ。 / 違う風に / 他の点では / 別の。 / 違った。","Japanese Wiktionary",https://ja.wiktionary.org/wiki/otherwise,"CC BY-SA 4.0",2026-08-05,2026-08-14
otitis,"耳炎。","Japanese Wiktionary",https://ja.wiktionary.org/wiki/otitis,"CC BY-SA 4.0",2026-08-05,2026-08-14
otto,"attarの異形。","Japanese Wiktionary",https://ja.wiktionary.org/wiki/otto,"CC BY-SA 4.0",2026-08-05,2026-08-14
oud,"ウード。","Japanese Wiktionary",https://ja.wiktionary.org/wiki/oud,"CC BY-SA 4.0",2026-08-05,2026-08-14
ought,"oweの単純過去形。 / ～すべきである。 / ～した方が良い。 / ～するのがよい。 / ～できるだろう。 / (aught の異綴) 何か。 / (aught の異綴) まったく。 / 何かをしなければならない状態。 / (aught の異綴) ゼロ。","Japanese Wiktionary",https://ja.wiktionary.org/wiki/ought,"CC BY-SA 4.0",2026-08-05,2026-08-14
oui,"「yes」に同じ。","Japanese Wiktionary",https://ja.wiktionary.org/wiki/oui,"CC BY-SA 4.0",2026-08-05,2026-08-14
ours,"私たちの物","Japanese Wiktionary",https://ja.wiktionary.org/wiki/ours,"CC BY-SA 4.0",2026-08-05,2026-08-14
ourself,"単数のweの再帰代名詞。","Japanese Wiktionary",https://ja.wiktionary.org/wiki/ourself,"CC BY-SA 4.0",2026-08-05,2026-08-14
ourselves,"we の再帰形、一人称複数の人称代名詞。 / （動詞や前置詞の目的語として）我々自身。 / we を強調する。","Japanese Wiktionary",https://ja.wiktionary.org/wiki/ourselves,"CC BY-SA 4.0",2026-08-05,2026-08-14
outermost,"最も遠い。 / 最も離れた。","Japanese Wiktionary",https://ja.wiktionary.org/wiki/outermost,"CC BY-SA 4.0",2026-08-05,2026-08-14
outlying,"""outlie"" の動名詞又は現在分詞。 / 遠く離れた、辺鄙な。 / 外縁部にある、周辺にある。 / 遠隔地、僻地。","Japanese Wiktionary",https://ja.wiktionary.org/wiki/outlying,"CC BY-SA 4.0",2026-08-05,2026-08-14
outputted,"""output"" の過去形・過去分詞形。","Japanese Wiktionary",https://ja.wiktionary.org/wiki/outputted,"CC BY-SA 4.0",2026-08-05,2026-08-14
outrageous,"乱暴な、横暴な、無法な、とんでもない。","Japanese Wiktionary",https://ja.wiktionary.org/wiki/outrageous,"CC BY-SA 4.0",2026-08-05,2026-08-14
outrageously,"法外に、乱暴に、とんでもなく","Japanese Wiktionary",https://ja.wiktionary.org/wiki/outrageously,"CC BY-SA 4.0",2026-08-05,2026-08-14
outre,"outréの異綴。","Japanese Wiktionary",https://ja.wiktionary.org/wiki/outre,"CC BY-SA 4.0",2026-08-05,2026-08-14
outsources,"outsourceの直説法現在第三人称単数形。","Japanese Wiktionary",https://ja.wiktionary.org/wiki/outsources,"CC BY-SA 4.0",2026-08-05,2026-08-14
outwith,"（方言、スコットランド）～の外側に","Japanese Wiktionary",https://ja.wiktionary.org/wiki/outwith,"CC BY-SA 4.0",2026-08-05,2026-08-14
ovarian,"卵巣の。","Japanese Wiktionary",https://ja.wiktionary.org/wiki/ovarian,"CC BY-SA 4.0",2026-08-05,2026-08-14
overexpression,"（遺伝子の）過剰発現","Japanese Wiktionary",https://ja.wiktionary.org/wiki/overexpression,"CC BY-SA 4.0",2026-08-05,2026-08-14
overprotective,"過保護な。","Japanese Wiktionary",https://ja.wiktionary.org/wiki/overprotective,"CC BY-SA 4.0",2026-08-05,2026-08-14
overt,"公然の。あからさまな。","Japanese Wiktionary",https://ja.wiktionary.org/wiki/overt,"CC BY-SA 4.0",2026-08-05,2026-08-14
ovine,"羊の、羊に関する、羊に似た。 / 臆病な、びくびくした。 / 羊。","Japanese Wiktionary",https://ja.wiktionary.org/wiki/ovine,"CC BY-SA 4.0",2026-08-05,2026-08-14
oxi,"（ギリシア風の文脈で）いいえ。","Japanese Wiktionary",https://ja.wiktionary.org/wiki/oxi,"CC BY-SA 4.0",2026-08-05,2026-08-14
oxidative,"酸化の。","Japanese Wiktionary",https://ja.wiktionary.org/wiki/oxidative,"CC BY-SA 4.0",2026-08-05,2026-08-14
oxidatively,"酸化的に。","Japanese Wiktionary",https://ja.wiktionary.org/wiki/oxidatively,"CC BY-SA 4.0",2026-08-05,2026-08-14
oyez,"静粛に！、謹聴（裁判官が静聴を命じるときに、通例3回発する言葉）","Japanese Wiktionary",https://ja.wiktionary.org/wiki/oyez,"CC BY-SA 4.0",2026-08-05,2026-08-14
pacifico,"平和的な人。","Japanese Wiktionary",https://ja.wiktionary.org/wiki/pacifico,"CC BY-SA 4.0",2026-08-05,2026-08-14
painful,"痛い。 / 辛い。 / 骨の折れる。","Japanese Wiktionary",https://ja.wiktionary.org/wiki/painful,"CC BY-SA 4.0",2026-08-05,2026-08-14
painfully,"痛々しく、痛みを伴って。","Japanese Wiktionary",https://ja.wiktionary.org/wiki/painfully,"CC BY-SA 4.0",2026-08-05,2026-08-14
painless,"痛みのない / 楽な","Japanese Wiktionary",https://ja.wiktionary.org/wiki/painless,"CC BY-SA 4.0",2026-08-05,2026-08-14
painlessly,"痛まずに / 楽に","Japanese Wiktionary",https://ja.wiktionary.org/wiki/painlessly,"CC BY-SA 4.0",2026-08-05,2026-08-14
painstaking,"（仕事などが）骨の折れる。 / 勤勉な、労を惜しまない。 / 綿密な、丹念な。 / 勉励、苦心。","Japanese Wiktionary",https://ja.wiktionary.org/wiki/painstaking,"CC BY-SA 4.0",2026-08-05,2026-08-14
painstakingly,"労を惜しまず。苦労して、苦心して。","Japanese Wiktionary",https://ja.wiktionary.org/wiki/painstakingly,"CC BY-SA 4.0",2026-08-05,2026-08-14
pallid,"青ざめた、青白い、くすんだ。","Japanese Wiktionary",https://ja.wiktionary.org/wiki/pallid,"CC BY-SA 4.0",2026-08-05,2026-08-14
paltry,"僅かな / 無価値な","Japanese Wiktionary",https://ja.wiktionary.org/wiki/paltry,"CC BY-SA 4.0",2026-08-05,2026-08-14
palynological,"花粉学の","Japanese Wiktionary",https://ja.wiktionary.org/wiki/palynological,"CC BY-SA 4.0",2026-08-05,2026-08-14
palynology,"花粉学","Japanese Wiktionary",https://ja.wiktionary.org/wiki/palynology,"CC BY-SA 4.0",2026-08-05,2026-08-14
panas,"ponhawsの異綴。","Japanese Wiktionary",https://ja.wiktionary.org/wiki/panas,"CC BY-SA 4.0",2026-08-05,2026-08-14
pancreatic,"膵臓の。","Japanese Wiktionary",https://ja.wiktionary.org/wiki/pancreatic,"CC BY-SA 4.0",2026-08-05,2026-08-14
pancreatitis,"膵炎。","Japanese Wiktionary",https://ja.wiktionary.org/wiki/pancreatitis,"CC BY-SA 4.0",2026-08-05,2026-08-14
panicky,"恐慌状態の、恐怖による、びくびくした。","Japanese Wiktionary",https://ja.wiktionary.org/wiki/panicky,"CC BY-SA 4.0",2026-08-05,2026-08-14
panoramic,"全景の、パノラマの","Japanese Wiktionary",https://ja.wiktionary.org/wiki/panoramic,"CC BY-SA 4.0",2026-08-05,2026-08-14
panose,"パノース。","Japanese Wiktionary",https://ja.wiktionary.org/wiki/panose,"CC BY-SA 4.0",2026-08-05,2026-08-14
panter,"パンツ一組 / 網、輪縄 / パントラー","Japanese Wiktionary",https://ja.wiktionary.org/wiki/panter,"CC BY-SA 4.0",2026-08-05,2026-08-14
paradigma,"paradigmの異綴。","Japanese Wiktionary",https://ja.wiktionary.org/wiki/paradigma,"CC BY-SA 4.0",2026-08-05,2026-08-14
paradoxical,"逆説的な。 / 矛盾した。","Japanese Wiktionary",https://ja.wiktionary.org/wiki/paradoxical,"CC BY-SA 4.0",2026-08-05,2026-08-14
paradoxically,"逆説的に。","Japanese Wiktionary",https://ja.wiktionary.org/wiki/paradoxically,"CC BY-SA 4.0",2026-08-05,2026-08-14
paraffine,"paraffinの旧綴り。","Japanese Wiktionary",https://ja.wiktionary.org/wiki/paraffine,"CC BY-SA 4.0",2026-08-05,2026-08-14
paramount,"最高の、傑出した、最重要の。 / 優先する。 / 最高権力者、大帝。","Japanese Wiktionary",https://ja.wiktionary.org/wiki/paramount,"CC BY-SA 4.0",2026-08-05,2026-08-14
parapluie,"傘。","Japanese Wiktionary",https://ja.wiktionary.org/wiki/parapluie,"CC BY-SA 4.0",2026-08-05,2026-08-14
parapsychological,"超心理学の。","Japanese Wiktionary",https://ja.wiktionary.org/wiki/parapsychological,"CC BY-SA 4.0",2026-08-05,2026-08-14
parasitic,"寄生の。寄生する。 / （病気が）寄生虫による。 / 寄食する。居候の。 / 寄生振動。","Japanese Wiktionary",https://ja.wiktionary.org/wiki/parasitic,"CC BY-SA 4.0",2026-08-05,2026-08-14
parasitology,"寄生虫学。寄生虫研究。","Japanese Wiktionary",https://ja.wiktionary.org/wiki/parasitology,"CC BY-SA 4.0",2026-08-05,2026-08-14
parceled,"parcelの過去形・過去分詞。","Japanese Wiktionary",https://ja.wiktionary.org/wiki/parceled,"CC BY-SA 4.0",2026-08-05,2026-08-14
pardonable,"許せる / 大目に見てもよい","Japanese Wiktionary",https://ja.wiktionary.org/wiki/pardonable,"CC BY-SA 4.0",2026-08-05,2026-08-14
pareil,"等しいもの、匹敵するもの。","Japanese Wiktionary",https://ja.wiktionary.org/wiki/pareil,"CC BY-SA 4.0",2026-08-05,2026-08-14
parental,"親の。親としての。親に相応な。 / 親の系統の。親の属性の。 / 親の役割を果たす人。","Japanese Wiktionary",https://ja.wiktionary.org/wiki/parental,"CC BY-SA 4.0",2026-08-05,2026-08-14
parented,"""parent"" の過去形・過去分詞形。","Japanese Wiktionary",https://ja.wiktionary.org/wiki/parented,"CC BY-SA 4.0",2026-08-05,2026-08-14
parenting,"育児。子育て。 / parentの動名詞形又は現在分詞。","Japanese Wiktionary",https://ja.wiktionary.org/wiki/parenting,"CC BY-SA 4.0",2026-08-05,2026-08-14
pareo,"パレオ。","Japanese Wiktionary",https://ja.wiktionary.org/wiki/pareo,"CC BY-SA 4.0",2026-08-05,2026-08-14
pareos,"pareoの複数形。","Japanese Wiktionary",https://ja.wiktionary.org/wiki/pareos,"CC BY-SA 4.0",2026-08-05,2026-08-14
parliamentary,"議会の。議会で制定された。","Japanese Wiktionary",https://ja.wiktionary.org/wiki/parliamentary,"CC BY-SA 4.0",2026-08-05,2026-08-14
parrotfish,"ブダイ。","Japanese Wiktionary",https://ja.wiktionary.org/wiki/parrotfish,"CC BY-SA 4.0",2026-08-05,2026-08-14
parsa,"（距離の単位）パラサング。1パラサングは約4km。","Japanese Wiktionary",https://ja.wiktionary.org/wiki/parsa,"CC BY-SA 4.0",2026-08-05,2026-08-14
parsable,"構文解析可能な。","Japanese Wiktionary",https://ja.wiktionary.org/wiki/parsable,"CC BY-SA 4.0",2026-08-05,2026-08-14
parseable,"parsableの異綴。","Japanese Wiktionary",https://ja.wiktionary.org/wiki/parseable,"CC BY-SA 4.0",2026-08-05,2026-08-14
partially,"部分的に。不十分に。不完全に。 / 不公平に。","Japanese Wiktionary",https://ja.wiktionary.org/wiki/partially,"CC BY-SA 4.0",2026-08-05,2026-08-14
particularly,"特に、とりわけ。","Japanese Wiktionary",https://ja.wiktionary.org/wiki/particularly,"CC BY-SA 4.0",2026-08-05,2026-08-14
particules,"particuleの複数形。","Japanese Wiktionary",https://ja.wiktionary.org/wiki/particules,"CC BY-SA 4.0",2026-08-05,2026-08-14
partied,"""party"" の過去形・過去分詞形。","Japanese Wiktionary",https://ja.wiktionary.org/wiki/partied,"CC BY-SA 4.0",2026-08-05,2026-08-14
partly,"部分的に、ある程度は、少しは、一部は。","Japanese Wiktionary",https://ja.wiktionary.org/wiki/partly,"CC BY-SA 4.0",2026-08-05,2026-08-14
partying,"""party"" の動名詞形又は現在分詞形。","Japanese Wiktionary",https://ja.wiktionary.org/wiki/partying,"CC BY-SA 4.0",2026-08-05,2026-08-14
pasport,"passportの廃用。","Japanese Wiktionary",https://ja.wiktionary.org/wiki/pasport,"CC BY-SA 4.0",2026-08-05,2026-08-14
passably,"まずまず。まあまあ。","Japanese Wiktionary",https://ja.wiktionary.org/wiki/passably,"CC BY-SA 4.0",2026-08-05,2026-08-14
passaged,"passageの過去形・過去分詞。","Japanese Wiktionary",https://ja.wiktionary.org/wiki/passaged,"CC BY-SA 4.0",2026-08-05,2026-08-14
passionate,"情熱的な、熱烈な。 / 短気な、怒りっぽい。 / 情熱的な人。 / 情熱に満ちる。","Japanese Wiktionary",https://ja.wiktionary.org/wiki/passionate,"CC BY-SA 4.0",2026-08-05,2026-08-14
passionately,"情熱的に。熱烈に。","Japanese Wiktionary",https://ja.wiktionary.org/wiki/passionately,"CC BY-SA 4.0",2026-08-05,2026-08-14
passionfruit,"passion fruitの異綴。","Japanese Wiktionary",https://ja.wiktionary.org/wiki/passionfruit,"CC BY-SA 4.0",2026-08-05,2026-08-14
passivate,"不動態化する。","Japanese Wiktionary",https://ja.wiktionary.org/wiki/passivate,"CC BY-SA 4.0",2026-08-05,2026-08-14
passivated,"passivateの過去形・過去分詞。","Japanese Wiktionary",https://ja.wiktionary.org/wiki/passivated,"CC BY-SA 4.0",2026-08-05,2026-08-14
passivating,"passivateの現在分詞。","Japanese Wiktionary",https://ja.wiktionary.org/wiki/passivating,"CC BY-SA 4.0",2026-08-05,2026-08-14
passively,"消極的に / 受動的に","Japanese Wiktionary",https://ja.wiktionary.org/wiki/passively,"CC BY-SA 4.0",2026-08-05,2026-08-14
patently,"明らかに","Japanese Wiktionary",https://ja.wiktionary.org/wiki/patently,"CC BY-SA 4.0",2026-08-05,2026-08-14
paternal,"父親の、父方の、父性の。 / 父親らしい、父権的な。 / 父から受け継いだ。 / 父親として。","Japanese Wiktionary",https://ja.wiktionary.org/wiki/paternal,"CC BY-SA 4.0",2026-08-05,2026-08-14
paternally,"父親として。父親らしく。","Japanese Wiktionary",https://ja.wiktionary.org/wiki/paternally,"CC BY-SA 4.0",2026-08-05,2026-08-14
pathogenic,"病原性の、発病させる。","Japanese Wiktionary",https://ja.wiktionary.org/wiki/pathogenic,"CC BY-SA 4.0",2026-08-05,2026-08-14
patienter,"""patient"" の比較級。","Japanese Wiktionary",https://ja.wiktionary.org/wiki/patienter,"CC BY-SA 4.0",2026-08-05,2026-08-14
patiently,"忍耐強く、我慢強く","Japanese Wiktionary",https://ja.wiktionary.org/wiki/patiently,"CC BY-SA 4.0",2026-08-05,2026-08-14
patin,"patineの異形。","Japanese Wiktionary",https://ja.wiktionary.org/wiki/patin,"CC BY-SA 4.0",2026-08-05,2026-08-14
patins,"patinの複数形。","Japanese Wiktionary",https://ja.wiktionary.org/wiki/patins,"CC BY-SA 4.0",2026-08-05,2026-08-14
pav,"pavilionの短縮語。 / pavlovaの短縮語。 / パン。","Japanese Wiktionary",https://ja.wiktionary.org/wiki/pav,"CC BY-SA 4.0",2026-08-05,2026-08-14
pavon,"（騎士の槍の先に付けた）槍旗、ぺノン。","Japanese Wiktionary",https://ja.wiktionary.org/wiki/pavon,"CC BY-SA 4.0",2026-08-05,2026-08-14
pawling,"pawlの現在分詞。","Japanese Wiktionary",https://ja.wiktionary.org/wiki/pawling,"CC BY-SA 4.0",2026-08-05,2026-08-14
peaceable,"平和を好む。[14世紀より] / 穏やかな、平和な。[14世紀より]","Japanese Wiktionary",https://ja.wiktionary.org/wiki/peaceable,"CC BY-SA 4.0",2026-08-05,2026-08-14
peaceably,"平和に、平穏に。","Japanese Wiktionary",https://ja.wiktionary.org/wiki/peaceably,"CC BY-SA 4.0",2026-08-05,2026-08-14
peaceful,"平和な。平和的な。 / 平和を好む。暴力を避ける。 / 安らかな。穏やかな。平穏な。平静な。安泰な。","Japanese Wiktionary",https://ja.wiktionary.org/wiki/peaceful,"CC BY-SA 4.0",2026-08-05,2026-08-14
peacefully,"平和に、平和的に / 穏やかに","Japanese Wiktionary",https://ja.wiktionary.org/wiki/peacefully,"CC BY-SA 4.0",2026-08-05,2026-08-14
peachtree,"桃。","Japanese Wiktionary",https://ja.wiktionary.org/wiki/peachtree,"CC BY-SA 4.0",2026-08-05,2026-08-14
peculiarly,"特に、特別に / 奇妙に / 独特に","Japanese Wiktionary",https://ja.wiktionary.org/wiki/peculiarly,"CC BY-SA 4.0",2026-08-05,2026-08-14
pecuniary,"金銭の、貨幣の。 / （刑罰で）罰金刑のついた。","Japanese Wiktionary",https://ja.wiktionary.org/wiki/pecuniary,"CC BY-SA 4.0",2026-08-05,2026-08-14
pedagogical,"教育学の","Japanese Wiktionary",https://ja.wiktionary.org/wiki/pedagogical,"CC BY-SA 4.0",2026-08-05,2026-08-14
pediatric,"小児科の","Japanese Wiktionary",https://ja.wiktionary.org/wiki/pediatric,"CC BY-SA 4.0",2026-08-05,2026-08-14
peerless,"比類のない、無比の。","Japanese Wiktionary",https://ja.wiktionary.org/wiki/peerless,"CC BY-SA 4.0",2026-08-05,2026-08-14
peevish,"不機嫌な。気難しい。怒りっぽい。 / 不機嫌に。気難しく。怒りっぽく。","Japanese Wiktionary",https://ja.wiktionary.org/wiki/peevish,"CC BY-SA 4.0",2026-08-05,2026-08-14
pejoratively,"軽蔑的に。","Japanese Wiktionary",https://ja.wiktionary.org/wiki/pejoratively,"CC BY-SA 4.0",2026-08-05,2026-08-14
penal,"刑の。刑罰に関する。刑事上の。 / 罰せられるべき。懲罰的な。（＊刑法以外にも用いられる） / 刑罰に用いられた。","Japanese Wiktionary",https://ja.wiktionary.org/wiki/penal,"CC BY-SA 4.0",2026-08-05,2026-08-14
penciled,"""pencil"" の過去形・過去分詞形。","Japanese Wiktionary",https://ja.wiktionary.org/wiki/penciled,"CC BY-SA 4.0",2026-08-05,2026-08-14
penciling,"""pencil"" の動名詞形又は現在分詞形。","Japanese Wiktionary",https://ja.wiktionary.org/wiki/penciling,"CC BY-SA 4.0",2026-08-05,2026-08-14
pendidikan,"道徳。","Japanese Wiktionary",https://ja.wiktionary.org/wiki/pendidikan,"CC BY-SA 4.0",2026-08-05,2026-08-14
pending,"pendの現在分詞 / 未決定の、審理中の、懸案の / 差し迫った / ～まで、～の間","Japanese Wiktionary",https://ja.wiktionary.org/wiki/pending,"CC BY-SA 4.0",2026-08-05,2026-08-14
penetrable,"貫通できる。突破できる。 / 見抜ける。","Japanese Wiktionary",https://ja.wiktionary.org/wiki/penetrable,"CC BY-SA 4.0",2026-08-05,2026-08-14
penetrative,"貫通力のある。浸透する。 / （人が）鋭い。鋭敏な。","Japanese Wiktionary",https://ja.wiktionary.org/wiki/penetrative,"CC BY-SA 4.0",2026-08-05,2026-08-14
peninsular,"半島の","Japanese Wiktionary",https://ja.wiktionary.org/wiki/peninsular,"CC BY-SA 4.0",2026-08-05,2026-08-14
penna,"羽。","Japanese Wiktionary",https://ja.wiktionary.org/wiki/penna,"CC BY-SA 4.0",2026-08-05,2026-08-14
pentagonal,"五角形の。 / 五角形の物。","Japanese Wiktionary",https://ja.wiktionary.org/wiki/pentagonal,"CC BY-SA 4.0",2026-08-05,2026-08-14
pentane,"ペンタン。","Japanese Wiktionary",https://ja.wiktionary.org/wiki/pentane,"CC BY-SA 4.0",2026-08-05,2026-08-14
pentanes,"pentaneの複数形。","Japanese Wiktionary",https://ja.wiktionary.org/wiki/pentanes,"CC BY-SA 4.0",2026-08-05,2026-08-14
perceivable,"知覚できる。","Japanese Wiktionary",https://ja.wiktionary.org/wiki/perceivable,"CC BY-SA 4.0",2026-08-05,2026-08-14
perceptible,"知覚できる。","Japanese Wiktionary",https://ja.wiktionary.org/wiki/perceptible,"CC BY-SA 4.0",2026-08-05,2026-08-14
perceptibly,"知覚できるほどに","Japanese Wiktionary",https://ja.wiktionary.org/wiki/perceptibly,"CC BY-SA 4.0",2026-08-05,2026-08-14
perdu,"隠れた。 / 失われた。 / 待ち伏せする場所。 / 決死隊。","Japanese Wiktionary",https://ja.wiktionary.org/wiki/perdu,"CC BY-SA 4.0",2026-08-05,2026-08-14
peregrin,"peregrineの廃用。","Japanese Wiktionary",https://ja.wiktionary.org/wiki/peregrin,"CC BY-SA 4.0",2026-08-05,2026-08-14
peregrina,"ヤトロファ・インテゲリマ。","Japanese Wiktionary",https://ja.wiktionary.org/wiki/peregrina,"CC BY-SA 4.0",2026-08-05,2026-08-14
perfectly,"完全に、完璧に / 全く","Japanese Wiktionary",https://ja.wiktionary.org/wiki/perfectly,"CC BY-SA 4.0",2026-08-05,2026-08-14
perforce,"力づくで。 / 止むを得ず。 / 強制。 / 無理に～する。","Japanese Wiktionary",https://ja.wiktionary.org/wiki/perforce,"CC BY-SA 4.0",2026-08-05,2026-08-14
perhaps,"多分、おそらく。","Japanese Wiktionary",https://ja.wiktionary.org/wiki/perhaps,"CC BY-SA 4.0",2026-08-05,2026-08-14
perilous,"とても危険な。","Japanese Wiktionary",https://ja.wiktionary.org/wiki/perilous,"CC BY-SA 4.0",2026-08-05,2026-08-14
perilously,"危険な程","Japanese Wiktionary",https://ja.wiktionary.org/wiki/perilously,"CC BY-SA 4.0",2026-08-05,2026-08-14
perinatal,"出産前後の","Japanese Wiktionary",https://ja.wiktionary.org/wiki/perinatal,"CC BY-SA 4.0",2026-08-05,2026-08-14
perineal,"会陰の","Japanese Wiktionary",https://ja.wiktionary.org/wiki/perineal,"CC BY-SA 4.0",2026-08-05,2026-08-14
periosteal,"骨膜の。","Japanese Wiktionary",https://ja.wiktionary.org/wiki/periosteal,"CC BY-SA 4.0",2026-08-05,2026-08-14
peritonitis,"腹膜炎。","Japanese Wiktionary",https://ja.wiktionary.org/wiki/peritonitis,"CC BY-SA 4.0",2026-08-05,2026-08-14
permanently,"ずっと。永続的に。永久に。","Japanese Wiktionary",https://ja.wiktionary.org/wiki/permanently,"CC BY-SA 4.0",2026-08-05,2026-08-14
permeable,"透過性の、浸透性の。","Japanese Wiktionary",https://ja.wiktionary.org/wiki/permeable,"CC BY-SA 4.0",2026-08-05,2026-08-14
permittivity,"誘電率。","Japanese Wiktionary",https://ja.wiktionary.org/wiki/permittivity,"CC BY-SA 4.0",2026-08-05,2026-08-14
pernicious,"有害な。 / 致命的な。","Japanese Wiktionary",https://ja.wiktionary.org/wiki/pernicious,"CC BY-SA 4.0",2026-08-05,2026-08-14
persistent,"しつこい、固執する、頑固な。 / 永続的な、持続する。","Japanese Wiktionary",https://ja.wiktionary.org/wiki/persistent,"CC BY-SA 4.0",2026-08-05,2026-08-14
persistently,"しつこく、頑固に。","Japanese Wiktionary",https://ja.wiktionary.org/wiki/persistently,"CC BY-SA 4.0",2026-08-05,2026-08-14
personalia,"個人に関する物事。","Japanese Wiktionary",https://ja.wiktionary.org/wiki/personalia,"CC BY-SA 4.0",2026-08-05,2026-08-14
personally,"個人的に。 / 人手で。 / （人称）自身に関しては。 / 人間的に。","Japanese Wiktionary",https://ja.wiktionary.org/wiki/personally,"CC BY-SA 4.0",2026-08-05,2026-08-14
perspicuous,"明快な。明晰な。","Japanese Wiktionary",https://ja.wiktionary.org/wiki/perspicuous,"CC BY-SA 4.0",2026-08-05,2026-08-14
persuasive,"説得力のある。","Japanese Wiktionary",https://ja.wiktionary.org/wiki/persuasive,"CC BY-SA 4.0",2026-08-05,2026-08-14
pertinent,"付属物。 / 適切な、妥当な、関連する。","Japanese Wiktionary",https://ja.wiktionary.org/wiki/pertinent,"CC BY-SA 4.0",2026-08-05,2026-08-14
pertinently,"適切に、妥当に。","Japanese Wiktionary",https://ja.wiktionary.org/wiki/pertinently,"CC BY-SA 4.0",2026-08-05,2026-08-14
pessimistic,"悲観的な、厭世的な。","Japanese Wiktionary",https://ja.wiktionary.org/wiki/pessimistic,"CC BY-SA 4.0",2026-08-05,2026-08-14
phenomenal,"驚異的な / 並みはずれた","Japanese Wiktionary",https://ja.wiktionary.org/wiki/phenomenal,"CC BY-SA 4.0",2026-08-05,2026-08-14
phenomenally,"驚異的に / 並みはずれて","Japanese Wiktionary",https://ja.wiktionary.org/wiki/phenomenally,"CC BY-SA 4.0",2026-08-05,2026-08-14
philological,"言語学の。文献学の。","Japanese Wiktionary",https://ja.wiktionary.org/wiki/philological,"CC BY-SA 4.0",2026-08-05,2026-08-14
philosophie,"philosophyの廃用。","Japanese Wiktionary",https://ja.wiktionary.org/wiki/philosophie,"CC BY-SA 4.0",2026-08-05,2026-08-14
phlegmatic,"無気力な。 / 冷静な。沈着な。 / 痰の。痰性の。 / 冷静な人。","Japanese Wiktionary",https://ja.wiktionary.org/wiki/phlegmatic,"CC BY-SA 4.0",2026-08-05,2026-08-14
phonetically,"音声学上、音声学的に。","Japanese Wiktionary",https://ja.wiktionary.org/wiki/phonetically,"CC BY-SA 4.0",2026-08-05,2026-08-14
phonological,"音韻論の。 / 音韻的な。","Japanese Wiktionary",https://ja.wiktionary.org/wiki/phonological,"CC BY-SA 4.0",2026-08-05,2026-08-14
phonologically,"音韻的に。","Japanese Wiktionary",https://ja.wiktionary.org/wiki/phonologically,"CC BY-SA 4.0",2026-08-05,2026-08-14
photogenic,"写真写りのよい","Japanese Wiktionary",https://ja.wiktionary.org/wiki/photogenic,"CC BY-SA 4.0",2026-08-05,2026-08-14
photographic,"写真の","Japanese Wiktionary",https://ja.wiktionary.org/wiki/photographic,"CC BY-SA 4.0",2026-08-05,2026-08-14
photosynthetic,"光合成の。","Japanese Wiktionary",https://ja.wiktionary.org/wiki/photosynthetic,"CC BY-SA 4.0",2026-08-05,2026-08-14
phrasal,"句の / 句から成る","Japanese Wiktionary",https://ja.wiktionary.org/wiki/phrasal,"CC BY-SA 4.0",2026-08-05,2026-08-14
physically,"身体的に。肉体的に。 / 物理的に。","Japanese Wiktionary",https://ja.wiktionary.org/wiki/physically,"CC BY-SA 4.0",2026-08-05,2026-08-14
physiological,"生理学の、生理学的な。","Japanese Wiktionary",https://ja.wiktionary.org/wiki/physiological,"CC BY-SA 4.0",2026-08-05,2026-08-14
picturebook,"picture bookの異表記。","Japanese Wiktionary",https://ja.wiktionary.org/wiki/picturebook,"CC BY-SA 4.0",2026-08-05,2026-08-14
picturebooks,"picturebookの複数形。","Japanese Wiktionary",https://ja.wiktionary.org/wiki/picturebooks,"CC BY-SA 4.0",2026-08-05,2026-08-14
pigmentary,"色素の。顔料の。 / 色素を分泌する。","Japanese Wiktionary",https://ja.wiktionary.org/wiki/pigmentary,"CC BY-SA 4.0",2026-08-05,2026-08-14
pigmented,"pigmentの過去形・過去分詞。","Japanese Wiktionary",https://ja.wiktionary.org/wiki/pigmented,"CC BY-SA 4.0",2026-08-05,2026-08-14
piller,"略奪者。泥棒。","Japanese Wiktionary",https://ja.wiktionary.org/wiki/piller,"CC BY-SA 4.0",2026-08-05,2026-08-14
pilose,"（軟らかい）毛で覆われた。","Japanese Wiktionary",https://ja.wiktionary.org/wiki/pilose,"CC BY-SA 4.0",2026-08-05,2026-08-14
pineland,"松が豊富な森林。","Japanese Wiktionary",https://ja.wiktionary.org/wiki/pineland,"CC BY-SA 4.0",2026-08-05,2026-08-14
pinelands,"pinelandの複数形。","Japanese Wiktionary",https://ja.wiktionary.org/wiki/pinelands,"CC BY-SA 4.0",2026-08-05,2026-08-14
piner,"（悲しみなどで）窶れた人。","Japanese Wiktionary",https://ja.wiktionary.org/wiki/piner,"CC BY-SA 4.0",2026-08-05,2026-08-14
pinguin,"penguinの廃用。","Japanese Wiktionary",https://ja.wiktionary.org/wiki/pinguin,"CC BY-SA 4.0",2026-08-05,2026-08-14
pinkish,"桃色がかった。","Japanese Wiktionary",https://ja.wiktionary.org/wiki/pinkish,"CC BY-SA 4.0",2026-08-05,2026-08-14
pinyin,"ピンイン。","Japanese Wiktionary",https://ja.wiktionary.org/wiki/pinyin,"CC BY-SA 4.0",2026-08-05,2026-08-14
pious,"敬虔な。信心深い。 / 宗教的な。 / 偽善的な。","Japanese Wiktionary",https://ja.wiktionary.org/wiki/pious,"CC BY-SA 4.0",2026-08-05,2026-08-14
piously,"信心深く。","Japanese Wiktionary",https://ja.wiktionary.org/wiki/piously,"CC BY-SA 4.0",2026-08-05,2026-08-14
piquant,"（味が）ぴりっとする、辛い / 痛快な、刺激的な","Japanese Wiktionary",https://ja.wiktionary.org/wiki/piquant,"CC BY-SA 4.0",2026-08-05,2026-08-14
piteous,"痛ましい","Japanese Wiktionary",https://ja.wiktionary.org/wiki/piteous,"CC BY-SA 4.0",2026-08-05,2026-08-14
piteously,"哀れに","Japanese Wiktionary",https://ja.wiktionary.org/wiki/piteously,"CC BY-SA 4.0",2026-08-05,2026-08-14
pitiable,"哀れな、可哀相な","Japanese Wiktionary",https://ja.wiktionary.org/wiki/pitiable,"CC BY-SA 4.0",2026-08-05,2026-08-14
pitiful,"哀れな。 / 惨めな。 / 情けない。","Japanese Wiktionary",https://ja.wiktionary.org/wiki/pitiful,"CC BY-SA 4.0",2026-08-05,2026-08-14
pitiless,"情け容赦のない。無慈悲な。無情な。 / 過酷な。","Japanese Wiktionary",https://ja.wiktionary.org/wiki/pitiless,"CC BY-SA 4.0",2026-08-05,2026-08-14
pitilessly,"容赦なく。無慈悲に。 / 過酷に。","Japanese Wiktionary",https://ja.wiktionary.org/wiki/pitilessly,"CC BY-SA 4.0",2026-08-05,2026-08-14
pivotal,"中心、中枢 (pivot) に関わる、の一部である / 極めて重要な","Japanese Wiktionary",https://ja.wiktionary.org/wiki/pivotal,"CC BY-SA 4.0",2026-08-05,2026-08-14
placid,"静かな、穏やかな、落ち着いた、平静な。 / 自己満足した。","Japanese Wiktionary",https://ja.wiktionary.org/wiki/placid,"CC BY-SA 4.0",2026-08-05,2026-08-14
placidly,"穏やかに。落ち着いて。","Japanese Wiktionary",https://ja.wiktionary.org/wiki/placidly,"CC BY-SA 4.0",2026-08-05,2026-08-14
plained,"""plain"" の過去形・過去分詞形。","Japanese Wiktionary",https://ja.wiktionary.org/wiki/plained,"CC BY-SA 4.0",2026-08-05,2026-08-14
plaining,"""plain"" の動名詞形又は現在分詞形。","Japanese Wiktionary",https://ja.wiktionary.org/wiki/plaining,"CC BY-SA 4.0",2026-08-05,2026-08-14
plainly,"はっきりと / 率直に / 地味に","Japanese Wiktionary",https://ja.wiktionary.org/wiki/plainly,"CC BY-SA 4.0",2026-08-05,2026-08-14
plaintive,"悲しげな、哀れな。","Japanese Wiktionary",https://ja.wiktionary.org/wiki/plaintive,"CC BY-SA 4.0",2026-08-05,2026-08-14
plaintively,"悲しげに、哀れに","Japanese Wiktionary",https://ja.wiktionary.org/wiki/plaintively,"CC BY-SA 4.0",2026-08-05,2026-08-14
planar,"平面の。 / 平らな。","Japanese Wiktionary",https://ja.wiktionary.org/wiki/planar,"CC BY-SA 4.0",2026-08-05,2026-08-14
planta,"足底。","Japanese Wiktionary",https://ja.wiktionary.org/wiki/planta,"CC BY-SA 4.0",2026-08-05,2026-08-14
plantar,"足底の。","Japanese Wiktionary",https://ja.wiktionary.org/wiki/plantar,"CC BY-SA 4.0",2026-08-05,2026-08-14
platina,"白金、プラチナ。","Japanese Wiktionary",https://ja.wiktionary.org/wiki/platina,"CC BY-SA 4.0",2026-08-05,2026-08-14
plausible,"もっともな。妥当な。有望な。説得力のある。ありそうな。 / 口が上手い。尤もらしい。","Japanese Wiktionary",https://ja.wiktionary.org/wiki/plausible,"CC BY-SA 4.0",2026-08-05,2026-08-14
plausibly,"尤もらしく","Japanese Wiktionary",https://ja.wiktionary.org/wiki/plausibly,"CC BY-SA 4.0",2026-08-05,2026-08-14
playful,"陽気な、はしゃいだ。 / （言葉・態度などが）滑稽な。","Japanese Wiktionary",https://ja.wiktionary.org/wiki/playful,"CC BY-SA 4.0",2026-08-05,2026-08-14
playfully,"ふざけて。冗談半分で。","Japanese Wiktionary",https://ja.wiktionary.org/wiki/playfully,"CC BY-SA 4.0",2026-08-05,2026-08-14
pleadingly,"嘆願するように","Japanese Wiktionary",https://ja.wiktionary.org/wiki/pleadingly,"CC BY-SA 4.0",2026-08-05,2026-08-14
pleasantly,"楽しく。 / 愉快に。 / 愛想よく。","Japanese Wiktionary",https://ja.wiktionary.org/wiki/pleasantly,"CC BY-SA 4.0",2026-08-05,2026-08-14
pleasingly,"気持ちよく。 / 楽しく。","Japanese Wiktionary",https://ja.wiktionary.org/wiki/pleasingly,"CC BY-SA 4.0",2026-08-05,2026-08-14
pleasurable,"楽しい、愉快な。","Japanese Wiktionary",https://ja.wiktionary.org/wiki/pleasurable,"CC BY-SA 4.0",2026-08-05,2026-08-14
pleasurably,"楽しく。 / 愉快に。","Japanese Wiktionary",https://ja.wiktionary.org/wiki/pleasurably,"CC BY-SA 4.0",2026-08-05,2026-08-14
plenteous,"豊富な、十分な","Japanese Wiktionary",https://ja.wiktionary.org/wiki/plenteous,"CC BY-SA 4.0",2026-08-05,2026-08-14
plentiful,"豊富な、十分な、有り余るほどの。","Japanese Wiktionary",https://ja.wiktionary.org/wiki/plentiful,"CC BY-SA 4.0",2026-08-05,2026-08-14
plentifully,"沢山、豊富に","Japanese Wiktionary",https://ja.wiktionary.org/wiki/plentifully,"CC BY-SA 4.0",2026-08-05,2026-08-14
pliable,"曲げやすい、しなやかな、柔軟な。 / （他者から）影響されやすい。","Japanese Wiktionary",https://ja.wiktionary.org/wiki/pliable,"CC BY-SA 4.0",2026-08-05,2026-08-14
pliant,"曲げやすい。しなやかな。柔軟な。 / （他者から）影響されやすい。","Japanese Wiktionary",https://ja.wiktionary.org/wiki/pliant,"CC BY-SA 4.0",2026-08-05,2026-08-14
ploidy,"【生物学】倍数性。","Japanese Wiktionary",https://ja.wiktionary.org/wiki/ploidy,"CC BY-SA 4.0",2026-08-05,2026-08-14
plumming,"plumの現在分詞。","Japanese Wiktionary",https://ja.wiktionary.org/wiki/plumming,"CC BY-SA 4.0",2026-08-05,2026-08-14
pluripotent,"（生物学）動物の発生において多分化能をもつ、多能性の。","Japanese Wiktionary",https://ja.wiktionary.org/wiki/pluripotent,"CC BY-SA 4.0",2026-08-05,2026-08-14
pocketwatch,"pocket watchの異表記。","Japanese Wiktionary",https://ja.wiktionary.org/wiki/pocketwatch,"CC BY-SA 4.0",2026-08-05,2026-08-14
pocketwatches,"pocketwatchの複数形。","Japanese Wiktionary",https://ja.wiktionary.org/wiki/pocketwatches,"CC BY-SA 4.0",2026-08-05,2026-08-14
pocky,"あばたで覆われた、あばた面の。","Japanese Wiktionary",https://ja.wiktionary.org/wiki/pocky,"CC BY-SA 4.0",2026-08-05,2026-08-14
poeme,"poemの異綴。","Japanese Wiktionary",https://ja.wiktionary.org/wiki/poeme,"CC BY-SA 4.0",2026-08-05,2026-08-14
poesie,"poesyの異綴。","Japanese Wiktionary",https://ja.wiktionary.org/wiki/poesie,"CC BY-SA 4.0",2026-08-05,2026-08-14
poetically,"詩的に。","Japanese Wiktionary",https://ja.wiktionary.org/wiki/poetically,"CC BY-SA 4.0",2026-08-05,2026-08-14
poids,"poidの複数形。","Japanese Wiktionary",https://ja.wiktionary.org/wiki/poids,"CC BY-SA 4.0",2026-08-05,2026-08-14
poignant,"(武器などが) 鋭い。 / 適切な。当を得た。 / 感動させる。心を打つ。 / (味やにおいが) 刺激の強い。 / (批判などが) 辛辣な。痛烈な。","Japanese Wiktionary",https://ja.wiktionary.org/wiki/poignant,"CC BY-SA 4.0",2026-08-05,2026-08-14
poignantly,"痛烈に。","Japanese Wiktionary",https://ja.wiktionary.org/wiki/poignantly,"CC BY-SA 4.0",2026-08-05,2026-08-14
pointedly,"辛辣に。","Japanese Wiktionary",https://ja.wiktionary.org/wiki/pointedly,"CC BY-SA 4.0",2026-08-05,2026-08-14
pointless,"先のない、尖っていない。 / 無意味な、的外れな。 / 無得点の。","Japanese Wiktionary",https://ja.wiktionary.org/wiki/pointless,"CC BY-SA 4.0",2026-08-05,2026-08-14
poisonous,"有毒な。 / 有害な、悪意のある。 / 不愉快な。","Japanese Wiktionary",https://ja.wiktionary.org/wiki/poisonous,"CC BY-SA 4.0",2026-08-05,2026-08-14
politely,"礼儀正しく、丁寧に","Japanese Wiktionary",https://ja.wiktionary.org/wiki/politely,"CC BY-SA 4.0",2026-08-05,2026-08-14
political,"政治の","Japanese Wiktionary",https://ja.wiktionary.org/wiki/political,"CC BY-SA 4.0",2026-08-05,2026-08-14
polyamory,"ポリアモリー。","Japanese Wiktionary",https://ja.wiktionary.org/wiki/polyamory,"CC BY-SA 4.0",2026-08-05,2026-08-14
polygonal,"多角形の。","Japanese Wiktionary",https://ja.wiktionary.org/wiki/polygonal,"CC BY-SA 4.0",2026-08-05,2026-08-14
polyhedra,"polyhedronの複数形。","Japanese Wiktionary",https://ja.wiktionary.org/wiki/polyhedra,"CC BY-SA 4.0",2026-08-05,2026-08-14
pomodoro,"サンマルツァーノトマト。 / pomodoro sauceの省略形。 / 25分作業をし、5分の休憩を挟む手法。ポモドーロテクニック。","Japanese Wiktionary",https://ja.wiktionary.org/wiki/pomodoro,"CC BY-SA 4.0",2026-08-05,2026-08-14
pompous,"横柄な。尊大な。思い上がった。 / 華麗な。壮麗な。","Japanese Wiktionary",https://ja.wiktionary.org/wiki/pompous,"CC BY-SA 4.0",2026-08-05,2026-08-14
pompously,"横柄に。尊大に。思い上がって。大げさに。","Japanese Wiktionary",https://ja.wiktionary.org/wiki/pompously,"CC BY-SA 4.0",2026-08-05,2026-08-14
ponded,"pondの過去形・過去分詞。","Japanese Wiktionary",https://ja.wiktionary.org/wiki/ponded,"CC BY-SA 4.0",2026-08-05,2026-08-14
ponent,"西。 / 西の。","Japanese Wiktionary",https://ja.wiktionary.org/wiki/ponent,"CC BY-SA 4.0",2026-08-05,2026-08-14
ponytailed,"ポニーテールの。 / ponytailの過去形・過去分詞。","Japanese Wiktionary",https://ja.wiktionary.org/wiki/ponytailed,"CC BY-SA 4.0",2026-08-05,2026-08-14
ponzu,"ポン酢。","Japanese Wiktionary",https://ja.wiktionary.org/wiki/ponzu,"CC BY-SA 4.0",2026-08-05,2026-08-14
poopdeck,"poop deckの異綴。","Japanese Wiktionary",https://ja.wiktionary.org/wiki/poopdeck,"CC BY-SA 4.0",2026-08-05,2026-08-14
poorly,"貧しく、貧困に瀕して。 / うまくいかないで。 / 卑しく。 / 下手な状態で。 / 体調が悪い、気分が悪い。","Japanese Wiktionary",https://ja.wiktionary.org/wiki/poorly,"CC BY-SA 4.0",2026-08-05,2026-08-14
poot,"おなら。","Japanese Wiktionary",https://ja.wiktionary.org/wiki/poot,"CC BY-SA 4.0",2026-08-05,2026-08-14
popularly,"一般に。俗に。広く。 / 平易に。","Japanese Wiktionary",https://ja.wiktionary.org/wiki/popularly,"CC BY-SA 4.0",2026-08-05,2026-08-14
populous,"人口が多い。 / 言語使用者数が多い。 / 過密の。 / 人で混雑した。","Japanese Wiktionary",https://ja.wiktionary.org/wiki/populous,"CC BY-SA 4.0",2026-08-05,2026-08-14
porcine,"豚の、豚のような / 不潔な","Japanese Wiktionary",https://ja.wiktionary.org/wiki/porcine,"CC BY-SA 4.0",2026-08-05,2026-08-14
poria,"porionの複数形。","Japanese Wiktionary",https://ja.wiktionary.org/wiki/poria,"CC BY-SA 4.0",2026-08-05,2026-08-14
pornographic,"ポルノの。","Japanese Wiktionary",https://ja.wiktionary.org/wiki/pornographic,"CC BY-SA 4.0",2026-08-05,2026-08-14
porous,"多孔（性、質）の、浸透性の。 / （規制が）抜け穴だらけの、ざるの。 / 欠陥の多い。","Japanese Wiktionary",https://ja.wiktionary.org/wiki/porous,"CC BY-SA 4.0",2026-08-05,2026-08-14
portentous,"（凶事などの）前兆の。不吉な。 / 重大な。 / 尊大な。大仰な。","Japanese Wiktionary",https://ja.wiktionary.org/wiki/portentous,"CC BY-SA 4.0",2026-08-05,2026-08-14
portos,"portassの廃用。","Japanese Wiktionary",https://ja.wiktionary.org/wiki/portos,"CC BY-SA 4.0",2026-08-05,2026-08-14
positively,"積極的に。 / 確実に。 / 大変、かなり。","Japanese Wiktionary",https://ja.wiktionary.org/wiki/positively,"CC BY-SA 4.0",2026-08-05,2026-08-14
possibly,"もしかすると。ひょっとすると。（perhapsやmaybeより低い可能性）","Japanese Wiktionary",https://ja.wiktionary.org/wiki/possibly,"CC BY-SA 4.0",2026-08-05,2026-08-14
postnatal,"出産後の","Japanese Wiktionary",https://ja.wiktionary.org/wiki/postnatal,"CC BY-SA 4.0",2026-08-05,2026-08-14
posttraumatic,"外傷後の。","Japanese Wiktionary",https://ja.wiktionary.org/wiki/posttraumatic,"CC BY-SA 4.0",2026-08-05,2026-08-14
postwar,"post-warの異綴。","Japanese Wiktionary",https://ja.wiktionary.org/wiki/postwar,"CC BY-SA 4.0",2026-08-05,2026-08-14
potentially,"潜在的に。可能性がある。かもしれない。～しかねる。～しそうである。","Japanese Wiktionary",https://ja.wiktionary.org/wiki/potentially,"CC BY-SA 4.0",2026-08-05,2026-08-14
powdery,"粉末状の。粉になりやすい。粉だらけの。","Japanese Wiktionary",https://ja.wiktionary.org/wiki/powdery,"CC BY-SA 4.0",2026-08-05,2026-08-14
powerful,"有力な / 強力な / 影響力のある / 説得力のある / 効果的な","Japanese Wiktionary",https://ja.wiktionary.org/wiki/powerful,"CC BY-SA 4.0",2026-08-05,2026-08-14
powerfully,"強力に / 丈夫に","Japanese Wiktionary",https://ja.wiktionary.org/wiki/powerfully,"CC BY-SA 4.0",2026-08-05,2026-08-14
powerless,"無力な / 弱い、脆い / ～できない","Japanese Wiktionary",https://ja.wiktionary.org/wiki/powerless,"CC BY-SA 4.0",2026-08-05,2026-08-14
ppm,"parts per million: ppm。百万分率。","Japanese Wiktionary",https://ja.wiktionary.org/wiki/ppm,"CC BY-SA 4.0",2026-08-05,2026-08-14
practically,"殆ど。 / 現実的に。 / 実用的に。","Japanese Wiktionary",https://ja.wiktionary.org/wiki/practically,"CC BY-SA 4.0",2026-08-05,2026-08-14
praeludium,"preludiumの廃用。","Japanese Wiktionary",https://ja.wiktionary.org/wiki/praeludium,"CC BY-SA 4.0",2026-08-05,2026-08-14
praiseworthy,"賞賛に値する。","Japanese Wiktionary",https://ja.wiktionary.org/wiki/praiseworthy,"CC BY-SA 4.0",2026-08-05,2026-08-14
prata,"roti prataに同じ。","Japanese Wiktionary",https://ja.wiktionary.org/wiki/prata,"CC BY-SA 4.0",2026-08-05,2026-08-14
precarious,"不安定な、当てにならない、ぐらぐらする、危険な。 / 初期齲蝕の。","Japanese Wiktionary",https://ja.wiktionary.org/wiki/precarious,"CC BY-SA 4.0",2026-08-05,2026-08-14
precariously,"不安定に、危険と隣り合わせで。","Japanese Wiktionary",https://ja.wiktionary.org/wiki/precariously,"CC BY-SA 4.0",2026-08-05,2026-08-14
precious,"価値が高い、貴い、貴重な、大切な。 / 高価な。 / かわいい。いとしい。 / 凝り過ぎた。気取った。 / （皮肉で）ご大層な。ご立派な。恐れ入るばかりの。 / とても。","Japanese Wiktionary",https://ja.wiktionary.org/wiki/precious,"CC BY-SA 4.0",2026-08-05,2026-08-14
precipitately,"大急ぎで、軽率に","Japanese Wiktionary",https://ja.wiktionary.org/wiki/precipitately,"CC BY-SA 4.0",2026-08-05,2026-08-14
precipitous,"断崖絶壁の。 / 類義語: steep / 真っ逆さまの。 / 類義語: headlong / 性急な、急いで、突然の、急降下の。 / 類義語: hasty, rash, quick, sudden, precipitate","Japanese Wiktionary",https://ja.wiktionary.org/wiki/precipitous,"CC BY-SA 4.0",2026-08-05,2026-08-14
precipitously,"急峻に、急激に / 大急ぎで","Japanese Wiktionary",https://ja.wiktionary.org/wiki/precipitously,"CC BY-SA 4.0",2026-08-05,2026-08-14
precise,"正確な。精密な。 / 正にその。ちょうどの。 / はっきりした。明確な。 / 几帳面な。堅苦しい。","Japanese Wiktionary",https://ja.wiktionary.org/wiki/precise,"CC BY-SA 4.0",2026-08-05,2026-08-14
precisely,"正確に。精密に。ちょうど。 / 正に。","Japanese Wiktionary",https://ja.wiktionary.org/wiki/precisely,"CC BY-SA 4.0",2026-08-05,2026-08-14
predictable,"予測のつく、先が見える。 / ありきたりな","Japanese Wiktionary",https://ja.wiktionary.org/wiki/predictable,"CC BY-SA 4.0",2026-08-05,2026-08-14
predictably,"予想通りに、案の定","Japanese Wiktionary",https://ja.wiktionary.org/wiki/predictably,"CC BY-SA 4.0",2026-08-05,2026-08-14
predictive,"予想する / 予言の","Japanese Wiktionary",https://ja.wiktionary.org/wiki/predictive,"CC BY-SA 4.0",2026-08-05,2026-08-14
predominant,"優勢な。 / 支配的な。 / 影響力のある。 / 主要な。 / 顕著な。","Japanese Wiktionary",https://ja.wiktionary.org/wiki/predominant,"CC BY-SA 4.0",2026-08-05,2026-08-14
predominantly,"主に、圧倒的に","Japanese Wiktionary",https://ja.wiktionary.org/wiki/predominantly,"CC BY-SA 4.0",2026-08-05,2026-08-14
preeminent,"卓越した、抜群の","Japanese Wiktionary",https://ja.wiktionary.org/wiki/preeminent,"CC BY-SA 4.0",2026-08-05,2026-08-14
preeminently,"抜群に","Japanese Wiktionary",https://ja.wiktionary.org/wiki/preeminently,"CC BY-SA 4.0",2026-08-05,2026-08-14
prefatory,"序文の。前置きの。","Japanese Wiktionary",https://ja.wiktionary.org/wiki/prefatory,"CC BY-SA 4.0",2026-08-05,2026-08-14
preferable,"～より好ましい / ましな","Japanese Wiktionary",https://ja.wiktionary.org/wiki/preferable,"CC BY-SA 4.0",2026-08-05,2026-08-14
preferably,"むしろ / できれば","Japanese Wiktionary",https://ja.wiktionary.org/wiki/preferably,"CC BY-SA 4.0",2026-08-05,2026-08-14
preferential,"優遇の / （関税など）特恵の","Japanese Wiktionary",https://ja.wiktionary.org/wiki/preferential,"CC BY-SA 4.0",2026-08-05,2026-08-14
pregnant,"（比較級無し）妊娠している。 / 含蓄のある。 / 満ちている。","Japanese Wiktionary",https://ja.wiktionary.org/wiki/pregnant,"CC BY-SA 4.0",2026-08-05,2026-08-14
prehistoric,"先史の。 / 先史時代の。 / 大昔の。","Japanese Wiktionary",https://ja.wiktionary.org/wiki/prehistoric,"CC BY-SA 4.0",2026-08-05,2026-08-14
preindustrial,"産業革命前の。","Japanese Wiktionary",https://ja.wiktionary.org/wiki/preindustrial,"CC BY-SA 4.0",2026-08-05,2026-08-14
prejudicial,"偏見を持った。 / 有害な。","Japanese Wiktionary",https://ja.wiktionary.org/wiki/prejudicial,"CC BY-SA 4.0",2026-08-05,2026-08-14
preliminarily,"予備的に。","Japanese Wiktionary",https://ja.wiktionary.org/wiki/preliminarily,"CC BY-SA 4.0",2026-08-05,2026-08-14
premature,"早熟の、時期尚早の / 早産の","Japanese Wiktionary",https://ja.wiktionary.org/wiki/premature,"CC BY-SA 4.0",2026-08-05,2026-08-14
prematurely,"早まって、早産で。","Japanese Wiktionary",https://ja.wiktionary.org/wiki/prematurely,"CC BY-SA 4.0",2026-08-05,2026-08-14
premia,"premiumの複数形。","Japanese Wiktionary",https://ja.wiktionary.org/wiki/premia,"CC BY-SA 4.0",2026-08-05,2026-08-14
prenatal,"出産前の","Japanese Wiktionary",https://ja.wiktionary.org/wiki/prenatal,"CC BY-SA 4.0",2026-08-05,2026-08-14
prenup,"（離婚時の慰謝料等に関する）婚前契約。","Japanese Wiktionary",https://ja.wiktionary.org/wiki/prenup,"CC BY-SA 4.0",2026-08-05,2026-08-14
preparative,"予備の。 / 進学準備の。 / 前置きの。 / 予備、準備。","Japanese Wiktionary",https://ja.wiktionary.org/wiki/preparative,"CC BY-SA 4.0",2026-08-05,2026-08-14
preparatory,"予備の。 / 進学準備の。 / 前置きの。","Japanese Wiktionary",https://ja.wiktionary.org/wiki/preparatory,"CC BY-SA 4.0",2026-08-05,2026-08-14
preponderant,"優勢な、主要な、重要な","Japanese Wiktionary",https://ja.wiktionary.org/wiki/preponderant,"CC BY-SA 4.0",2026-08-05,2026-08-14
prepositional,"前置詞の","Japanese Wiktionary",https://ja.wiktionary.org/wiki/prepositional,"CC BY-SA 4.0",2026-08-05,2026-08-14
prepubescent,"思春期前の。 / 思春期前の少年や少女。","Japanese Wiktionary",https://ja.wiktionary.org/wiki/prepubescent,"CC BY-SA 4.0",2026-08-05,2026-08-14
presently,"直ちに、間をおかず。 / 少し後で。間もなくして。ほどなくして。じきに。 / 現在、現時点において。 / 実際に。","Japanese Wiktionary",https://ja.wiktionary.org/wiki/presently,"CC BY-SA 4.0",2026-08-05,2026-08-14
presidential,"主宰の、主宰に関する。 / プレジデント（president; 大統領、社長など）の、に関する。","Japanese Wiktionary",https://ja.wiktionary.org/wiki/presidential,"CC BY-SA 4.0",2026-08-05,2026-08-14
presider,"司式者。","Japanese Wiktionary",https://ja.wiktionary.org/wiki/presider,"CC BY-SA 4.0",2026-08-05,2026-08-14
pressurisation,"(主に英)加圧。","Japanese Wiktionary",https://ja.wiktionary.org/wiki/pressurisation,"CC BY-SA 4.0",2026-08-05,2026-08-14
pressurization,"(主に米)加圧。","Japanese Wiktionary",https://ja.wiktionary.org/wiki/pressurization,"CC BY-SA 4.0",2026-08-05,2026-08-14
presumable,"推測できる、ありそうな。","Japanese Wiktionary",https://ja.wiktionary.org/wiki/presumable,"CC BY-SA 4.0",2026-08-05,2026-08-14
presumably,"おそらく、多分、思うに、推定上。","Japanese Wiktionary",https://ja.wiktionary.org/wiki/presumably,"CC BY-SA 4.0",2026-08-05,2026-08-14
presumptive,"推定の、推測の。","Japanese Wiktionary",https://ja.wiktionary.org/wiki/presumptive,"CC BY-SA 4.0",2026-08-05,2026-08-14
presumptively,"推測して、推測によると。","Japanese Wiktionary",https://ja.wiktionary.org/wiki/presumptively,"CC BY-SA 4.0",2026-08-05,2026-08-14
presumptuous,"生意気な、度を弁えない。","Japanese Wiktionary",https://ja.wiktionary.org/wiki/presumptuous,"CC BY-SA 4.0",2026-08-05,2026-08-14
presumptuously,"生意気に、烏滸がましく。","Japanese Wiktionary",https://ja.wiktionary.org/wiki/presumptuously,"CC BY-SA 4.0",2026-08-05,2026-08-14
pretentious,"思い上がった。自惚れた。 / 気取った。大袈裟な。","Japanese Wiktionary",https://ja.wiktionary.org/wiki/pretentious,"CC BY-SA 4.0",2026-08-05,2026-08-14
prettily,"綺麗に / かわいらしく","Japanese Wiktionary",https://ja.wiktionary.org/wiki/prettily,"CC BY-SA 4.0",2026-08-05,2026-08-14
prevalent,"広く行き渡った、普及した、流行した。 / 優勢な。","Japanese Wiktionary",https://ja.wiktionary.org/wiki/prevalent,"CC BY-SA 4.0",2026-08-05,2026-08-14
preventable,"防げる。阻める。防止可能な。予防法の有る。 / 防げるもの。","Japanese Wiktionary",https://ja.wiktionary.org/wiki/preventable,"CC BY-SA 4.0",2026-08-05,2026-08-14
previous,"前の、先の","Japanese Wiktionary",https://ja.wiktionary.org/wiki/previous,"CC BY-SA 4.0",2026-08-05,2026-08-14
previously,"以前に / 前以て","Japanese Wiktionary",https://ja.wiktionary.org/wiki/previously,"CC BY-SA 4.0",2026-08-05,2026-08-14
prewar,"pre-warの異形。","Japanese Wiktionary",https://ja.wiktionary.org/wiki/prewar,"CC BY-SA 4.0",2026-08-05,2026-08-14
prex,"学長。 / prefix。","Japanese Wiktionary",https://ja.wiktionary.org/wiki/prex,"CC BY-SA 4.0",2026-08-05,2026-08-14
prez,"大統領。","Japanese Wiktionary",https://ja.wiktionary.org/wiki/prez,"CC BY-SA 4.0",2026-08-05,2026-08-14
priceless,"値段が付けられないほど貴重な。[rom 1590年代より] / 全く馬鹿げた。 / 非常に面白い。[1907年より] / すばらしい。 / 値段が付けられていない。 / 価値の無い。無価値な。","Japanese Wiktionary",https://ja.wiktionary.org/wiki/priceless,"CC BY-SA 4.0",2026-08-05,2026-08-14
prier,"詮索する人。","Japanese Wiktionary",https://ja.wiktionary.org/wiki/prier,"CC BY-SA 4.0",2026-08-05,2026-08-14
priestly,"聖職者の、聖職者に関する。 / 教団において高位の。","Japanese Wiktionary",https://ja.wiktionary.org/wiki/priestly,"CC BY-SA 4.0",2026-08-05,2026-08-14
primarily,"第一に、最初に。","Japanese Wiktionary",https://ja.wiktionary.org/wiki/primarily,"CC BY-SA 4.0",2026-08-05,2026-08-14
primeval,"原始的な。 / 最初の。 / 原始の、太古の。","Japanese Wiktionary",https://ja.wiktionary.org/wiki/primeval,"CC BY-SA 4.0",2026-08-05,2026-08-14
primordia,"primordiumの複数形。","Japanese Wiktionary",https://ja.wiktionary.org/wiki/primordia,"CC BY-SA 4.0",2026-08-05,2026-08-14
primordial,"最初の、最初から存在する。 / 原始の。 / 原始の、原始的な。 / 基本原理。","Japanese Wiktionary",https://ja.wiktionary.org/wiki/primordial,"CC BY-SA 4.0",2026-08-05,2026-08-14
principally,"主として。","Japanese Wiktionary",https://ja.wiktionary.org/wiki/principally,"CC BY-SA 4.0",2026-08-05,2026-08-14
printable,"印刷可能な。 / 出版に適した。 / 印刷用の画像。","Japanese Wiktionary",https://ja.wiktionary.org/wiki/printable,"CC BY-SA 4.0",2026-08-05,2026-08-14
printables,"printableの複数形。","Japanese Wiktionary",https://ja.wiktionary.org/wiki/printables,"CC BY-SA 4.0",2026-08-05,2026-08-14
printery,"印刷所。","Japanese Wiktionary",https://ja.wiktionary.org/wiki/printery,"CC BY-SA 4.0",2026-08-05,2026-08-14
prithee,"ねがわくば。何とぞ。 (I pray theeを短く言ったもの)","Japanese Wiktionary",https://ja.wiktionary.org/wiki/prithee,"CC BY-SA 4.0",2026-08-05,2026-08-14
privado,"親友。","Japanese Wiktionary",https://ja.wiktionary.org/wiki/privado,"CC BY-SA 4.0",2026-08-05,2026-08-14
privados,"privadoの複数形。","Japanese Wiktionary",https://ja.wiktionary.org/wiki/privados,"CC BY-SA 4.0",2026-08-05,2026-08-14
privately,"私的に、個人的に。","Japanese Wiktionary",https://ja.wiktionary.org/wiki/privately,"CC BY-SA 4.0",2026-08-05,2026-08-14
probably,"多分、十中八九、高確率で。","Japanese Wiktionary",https://ja.wiktionary.org/wiki/probably,"CC BY-SA 4.0",2026-08-05,2026-08-14
probleme,"problemの旧綴り","Japanese Wiktionary",https://ja.wiktionary.org/wiki/probleme,"CC BY-SA 4.0",2026-08-05,2026-08-14
problemes,"problemeの複数形。","Japanese Wiktionary",https://ja.wiktionary.org/wiki/problemes,"CC BY-SA 4.0",2026-08-05,2026-08-14
processi,"processusの複数形。","Japanese Wiktionary",https://ja.wiktionary.org/wiki/processi,"CC BY-SA 4.0",2026-08-05,2026-08-14
processus,"突起。","Japanese Wiktionary",https://ja.wiktionary.org/wiki/processus,"CC BY-SA 4.0",2026-08-05,2026-08-14
proctored,"proctorの過去形・過去分詞。","Japanese Wiktionary",https://ja.wiktionary.org/wiki/proctored,"CC BY-SA 4.0",2026-08-05,2026-08-14
proctoring,"proctorの現在分詞。","Japanese Wiktionary",https://ja.wiktionary.org/wiki/proctoring,"CC BY-SA 4.0",2026-08-05,2026-08-14
prodigious,"巨大な、莫大な。","Japanese Wiktionary",https://ja.wiktionary.org/wiki/prodigious,"CC BY-SA 4.0",2026-08-05,2026-08-14
producible,"造れる。製造できる。生産できる。","Japanese Wiktionary",https://ja.wiktionary.org/wiki/producible,"CC BY-SA 4.0",2026-08-05,2026-08-14
productive,"多産の、生産力のある、肥沃な。 / 齎す、引き起こす。 / 生産的な、生産上の。 / 造語力のある。 / 痰を伴う。 / 炎症の。 / 生産的な。","Japanese Wiktionary",https://ja.wiktionary.org/wiki/productive,"CC BY-SA 4.0",2026-08-05,2026-08-14
productively,"生産的に。実り多く。","Japanese Wiktionary",https://ja.wiktionary.org/wiki/productively,"CC BY-SA 4.0",2026-08-05,2026-08-14
professedly,"自称して。上辺では。 / 公言して。公然と。","Japanese Wiktionary",https://ja.wiktionary.org/wiki/professedly,"CC BY-SA 4.0",2026-08-05,2026-08-14
proficient,"熟練した、熟達した、堪能な。 / 熟練者、達人。","Japanese Wiktionary",https://ja.wiktionary.org/wiki/proficient,"CC BY-SA 4.0",2026-08-05,2026-08-14
proficiently,"熟練して。上手に。","Japanese Wiktionary",https://ja.wiktionary.org/wiki/proficiently,"CC BY-SA 4.0",2026-08-05,2026-08-14
profiler,"型彫り機。 / プロファイラー、性格分析官。 / プロファイラー。","Japanese Wiktionary",https://ja.wiktionary.org/wiki/profiler,"CC BY-SA 4.0",2026-08-05,2026-08-14
profilers,"profilerの複数形。","Japanese Wiktionary",https://ja.wiktionary.org/wiki/profilers,"CC BY-SA 4.0",2026-08-05,2026-08-14
profitable,"利益になる、有益な","Japanese Wiktionary",https://ja.wiktionary.org/wiki/profitable,"CC BY-SA 4.0",2026-08-05,2026-08-14
profitably,"有益に / 有利に","Japanese Wiktionary",https://ja.wiktionary.org/wiki/profitably,"CC BY-SA 4.0",2026-08-05,2026-08-14
profiter,"利益を得る人。","Japanese Wiktionary",https://ja.wiktionary.org/wiki/profiter,"CC BY-SA 4.0",2026-08-05,2026-08-14
profoundly,"深く、深遠に。 / 重要に。 / かなり。おおいに。多大に。","Japanese Wiktionary",https://ja.wiktionary.org/wiki/profoundly,"CC BY-SA 4.0",2026-08-05,2026-08-14
profuse,"豊富な、大量の。 / 気前がいい、贅沢な。 / 気前よく振る舞う。","Japanese Wiktionary",https://ja.wiktionary.org/wiki/profuse,"CC BY-SA 4.0",2026-08-05,2026-08-14
profusely,"豊富に、大量に。 / 気前よく、贅沢に。","Japanese Wiktionary",https://ja.wiktionary.org/wiki/profusely,"CC BY-SA 4.0",2026-08-05,2026-08-14
progressively,"次第に。","Japanese Wiktionary",https://ja.wiktionary.org/wiki/progressively,"CC BY-SA 4.0",2026-08-05,2026-08-14
prohibitive,"禁止の。禁制の。 / （値段が）法外に高い。 / 勝利の可能性が高い。 / 禁止命令。","Japanese Wiktionary",https://ja.wiktionary.org/wiki/prohibitive,"CC BY-SA 4.0",2026-08-05,2026-08-14
prohibitively,"ひどく。法外に。","Japanese Wiktionary",https://ja.wiktionary.org/wiki/prohibitively,"CC BY-SA 4.0",2026-08-05,2026-08-14
prohibitory,"禁止するための。","Japanese Wiktionary",https://ja.wiktionary.org/wiki/prohibitory,"CC BY-SA 4.0",2026-08-05,2026-08-14
prolific,"（人や動物が）多産の。 / （植物が）実を多く結ぶ。 / 多作の。 / （スポーツ選手が）得点の多い。","Japanese Wiktionary",https://ja.wiktionary.org/wiki/prolific,"CC BY-SA 4.0",2026-08-05,2026-08-14
prolix,"くどい。冗長な。 / 長ったらしい。","Japanese Wiktionary",https://ja.wiktionary.org/wiki/prolix,"CC BY-SA 4.0",2026-08-05,2026-08-14
prominently,"目だって。","Japanese Wiktionary",https://ja.wiktionary.org/wiki/prominently,"CC BY-SA 4.0",2026-08-05,2026-08-14
promiscuous,"誰とでも性交する。 / ごちゃ混ぜの。 / 無差別の。","Japanese Wiktionary",https://ja.wiktionary.org/wiki/promiscuous,"CC BY-SA 4.0",2026-08-05,2026-08-14
promptly,"即時に。","Japanese Wiktionary",https://ja.wiktionary.org/wiki/promptly,"CC BY-SA 4.0",2026-08-05,2026-08-14
prone,"うつ伏せの。 / ～の傾向がある、～しがちな。","Japanese Wiktionary",https://ja.wiktionary.org/wiki/prone,"CC BY-SA 4.0",2026-08-05,2026-08-14
pronounceable,"発音しやすい","Japanese Wiktionary",https://ja.wiktionary.org/wiki/pronounceable,"CC BY-SA 4.0",2026-08-05,2026-08-14
proper,"適切な、適当な。 / 本物の。 / 特有の。 / 礼儀正しい。","Japanese Wiktionary",https://ja.wiktionary.org/wiki/proper,"CC BY-SA 4.0",2026-08-05,2026-08-14
properly,"正確に。 / 独自に、個別に。","Japanese Wiktionary",https://ja.wiktionary.org/wiki/properly,"CC BY-SA 4.0",2026-08-05,2026-08-14
prophetic,"予言の。預言の。 / 前兆となる。","Japanese Wiktionary",https://ja.wiktionary.org/wiki/prophetic,"CC BY-SA 4.0",2026-08-05,2026-08-14
prophetically,"予言的に。","Japanese Wiktionary",https://ja.wiktionary.org/wiki/prophetically,"CC BY-SA 4.0",2026-08-05,2026-08-14
propitiatory,"宥める。ご機嫌取りの。","Japanese Wiktionary",https://ja.wiktionary.org/wiki/propitiatory,"CC BY-SA 4.0",2026-08-05,2026-08-14
propitious,"好都合な。幸先のよい。 / 好意的な。","Japanese Wiktionary",https://ja.wiktionary.org/wiki/propitious,"CC BY-SA 4.0",2026-08-05,2026-08-14
propone,"（他動詞、スコットランド）提案する","Japanese Wiktionary",https://ja.wiktionary.org/wiki/propone,"CC BY-SA 4.0",2026-08-05,2026-08-14
proportionally,"比例して、つり合って","Japanese Wiktionary",https://ja.wiktionary.org/wiki/proportionally,"CC BY-SA 4.0",2026-08-05,2026-08-14
proportionate,"比例した、つり合った / 比例させる、つり合わせる","Japanese Wiktionary",https://ja.wiktionary.org/wiki/proportionate,"CC BY-SA 4.0",2026-08-05,2026-08-14
proportioning,"proportionの動名詞又は現在分詞。","Japanese Wiktionary",https://ja.wiktionary.org/wiki/proportioning,"CC BY-SA 4.0",2026-08-05,2026-08-14
propulse,"追い払う。","Japanese Wiktionary",https://ja.wiktionary.org/wiki/propulse,"CC BY-SA 4.0",2026-08-05,2026-08-14
prosaic,"散文の。散文的な。 / （文章・話などが）詩趣に乏しい。 / 平凡な。退屈な。","Japanese Wiktionary",https://ja.wiktionary.org/wiki/prosaic,"CC BY-SA 4.0",2026-08-05,2026-08-14
prosperous,"繁栄している。 / 成功している。 / 順調な。","Japanese Wiktionary",https://ja.wiktionary.org/wiki/prosperous,"CC BY-SA 4.0",2026-08-05,2026-08-14
prosperously,"繁栄して。","Japanese Wiktionary",https://ja.wiktionary.org/wiki/prosperously,"CC BY-SA 4.0",2026-08-05,2026-08-14
prostatitis,"前立腺炎。","Japanese Wiktionary",https://ja.wiktionary.org/wiki/prostatitis,"CC BY-SA 4.0",2026-08-05,2026-08-14
prototypical,"原型的な。","Japanese Wiktionary",https://ja.wiktionary.org/wiki/prototypical,"CC BY-SA 4.0",2026-08-05,2026-08-14
protuberant,"隆起した。突出した。","Japanese Wiktionary",https://ja.wiktionary.org/wiki/protuberant,"CC BY-SA 4.0",2026-08-05,2026-08-14
proudly,"誇らしげに。","Japanese Wiktionary",https://ja.wiktionary.org/wiki/proudly,"CC BY-SA 4.0",2026-08-05,2026-08-14
provable,"証明できる","Japanese Wiktionary",https://ja.wiktionary.org/wiki/provable,"CC BY-SA 4.0",2026-08-05,2026-08-14
provincially,"地方によって。田舎風に。","Japanese Wiktionary",https://ja.wiktionary.org/wiki/provincially,"CC BY-SA 4.0",2026-08-05,2026-08-14
provocative,"挑発的な。 / 怒らせる。","Japanese Wiktionary",https://ja.wiktionary.org/wiki/provocative,"CC BY-SA 4.0",2026-08-05,2026-08-14
provocatively,"挑発的に","Japanese Wiktionary",https://ja.wiktionary.org/wiki/provocatively,"CC BY-SA 4.0",2026-08-05,2026-08-14
proximal,"近位の。基部に近い。 / 近称の。","Japanese Wiktionary",https://ja.wiktionary.org/wiki/proximal,"CC BY-SA 4.0",2026-08-05,2026-08-14
proximate,"最も近い。接近した。 / （原因が）直接の。 / 差し迫った。","Japanese Wiktionary",https://ja.wiktionary.org/wiki/proximate,"CC BY-SA 4.0",2026-08-05,2026-08-14
proximo,"来月の。","Japanese Wiktionary",https://ja.wiktionary.org/wiki/proximo,"CC BY-SA 4.0",2026-08-05,2026-08-14
proxying,"""proxy"" の動名詞又は現在分詞。","Japanese Wiktionary",https://ja.wiktionary.org/wiki/proxying,"CC BY-SA 4.0",2026-08-05,2026-08-14
prudently,"慎重に。用心深く。","Japanese Wiktionary",https://ja.wiktionary.org/wiki/prudently,"CC BY-SA 4.0",2026-08-05,2026-08-14
prudish,"上品ぶった。","Japanese Wiktionary",https://ja.wiktionary.org/wiki/prudish,"CC BY-SA 4.0",2026-08-05,2026-08-14
pseudorandom,"擬似乱数の。","Japanese Wiktionary",https://ja.wiktionary.org/wiki/pseudorandom,"CC BY-SA 4.0",2026-08-05,2026-08-14
psychical,"精神の、精神的な。 / 心霊の、超自然的な。","Japanese Wiktionary",https://ja.wiktionary.org/wiki/psychical,"CC BY-SA 4.0",2026-08-05,2026-08-14
psychoactive,"精神に作用する。 / 向精神薬。","Japanese Wiktionary",https://ja.wiktionary.org/wiki/psychoactive,"CC BY-SA 4.0",2026-08-05,2026-08-14
psychological,"心理学の。 / 心理的な。精神的な。","Japanese Wiktionary",https://ja.wiktionary.org/wiki/psychological,"CC BY-SA 4.0",2026-08-05,2026-08-14
psychologically,"心理的に。心理学上。","Japanese Wiktionary",https://ja.wiktionary.org/wiki/psychologically,"CC BY-SA 4.0",2026-08-05,2026-08-14
psychopathic,"精神病質の、精神異常の、性格異常の。 / 精神異常者。","Japanese Wiktionary",https://ja.wiktionary.org/wiki/psychopathic,"CC BY-SA 4.0",2026-08-05,2026-08-14
pubescent,"思春期の。 / 毛で覆われた。 / 思春期を経験済みの人。","Japanese Wiktionary",https://ja.wiktionary.org/wiki/pubescent,"CC BY-SA 4.0",2026-08-05,2026-08-14
pubic,"恥骨の、陰部の。","Japanese Wiktionary",https://ja.wiktionary.org/wiki/pubic,"CC BY-SA 4.0",2026-08-05,2026-08-14
publically,"publiclyの異綴。","Japanese Wiktionary",https://ja.wiktionary.org/wiki/publically,"CC BY-SA 4.0",2026-08-05,2026-08-14
publicly,"公然と。公的に。公開で。","Japanese Wiktionary",https://ja.wiktionary.org/wiki/publicly,"CC BY-SA 4.0",2026-08-05,2026-08-14
publique,"publicの廃用。","Japanese Wiktionary",https://ja.wiktionary.org/wiki/publique,"CC BY-SA 4.0",2026-08-05,2026-08-14
publiques,"publiqueの複数形。","Japanese Wiktionary",https://ja.wiktionary.org/wiki/publiques,"CC BY-SA 4.0",2026-08-05,2026-08-14
pudendal,"外陰部の。","Japanese Wiktionary",https://ja.wiktionary.org/wiki/pudendal,"CC BY-SA 4.0",2026-08-05,2026-08-14
puissant,"権力のある。","Japanese Wiktionary",https://ja.wiktionary.org/wiki/puissant,"CC BY-SA 4.0",2026-08-05,2026-08-14
pulmonary,"肺の、肺疾患の。","Japanese Wiktionary",https://ja.wiktionary.org/wiki/pulmonary,"CC BY-SA 4.0",2026-08-05,2026-08-14
pumper,"ポンプを使う人・物。 / 血流と筋肥大を促進するステロイド・薬物。","Japanese Wiktionary",https://ja.wiktionary.org/wiki/pumper,"CC BY-SA 4.0",2026-08-05,2026-08-14
pumpers,"pumperの複数形。","Japanese Wiktionary",https://ja.wiktionary.org/wiki/pumpers,"CC BY-SA 4.0",2026-08-05,2026-08-14
punctilious,"几帳面な。律儀な。","Japanese Wiktionary",https://ja.wiktionary.org/wiki/punctilious,"CC BY-SA 4.0",2026-08-05,2026-08-14
punctual,"時間を守る","Japanese Wiktionary",https://ja.wiktionary.org/wiki/punctual,"CC BY-SA 4.0",2026-08-05,2026-08-14
punctually,"時間どおりに。","Japanese Wiktionary",https://ja.wiktionary.org/wiki/punctually,"CC BY-SA 4.0",2026-08-05,2026-08-14
pungent,"刺激臭のある。 / 舌を刺すような強い味の。 / 辛辣な。 / 棘のある。","Japanese Wiktionary",https://ja.wiktionary.org/wiki/pungent,"CC BY-SA 4.0",2026-08-05,2026-08-14
punishable,"罰を受けるべき、懲罰されるべき。 / 罰や刑を科せられる。罰せられる。懲罰が可能な。","Japanese Wiktionary",https://ja.wiktionary.org/wiki/punishable,"CC BY-SA 4.0",2026-08-05,2026-08-14
purely,"全く、完全に / 単に","Japanese Wiktionary",https://ja.wiktionary.org/wiki/purely,"CC BY-SA 4.0",2026-08-05,2026-08-14
purplish,"紫がかった。","Japanese Wiktionary",https://ja.wiktionary.org/wiki/purplish,"CC BY-SA 4.0",2026-08-05,2026-08-14
purposeless,"目的のない / 無意味な","Japanese Wiktionary",https://ja.wiktionary.org/wiki/purposeless,"CC BY-SA 4.0",2026-08-05,2026-08-14
purposely,"故意に / わざわざ","Japanese Wiktionary",https://ja.wiktionary.org/wiki/purposely,"CC BY-SA 4.0",2026-08-05,2026-08-14
purpure,"紫、紫色。 / 紫の、紫色の。","Japanese Wiktionary",https://ja.wiktionary.org/wiki/purpure,"CC BY-SA 4.0",2026-08-05,2026-08-14
putdown,"put-downの異綴。","Japanese Wiktionary",https://ja.wiktionary.org/wiki/putdown,"CC BY-SA 4.0",2026-08-05,2026-08-14
putrid,"腐った、腐敗した / 悪臭のする / 不快な","Japanese Wiktionary",https://ja.wiktionary.org/wiki/putrid,"CC BY-SA 4.0",2026-08-05,2026-08-14
pye,"pieの旧綴り。 / pye-dogの短縮。","Japanese Wiktionary",https://ja.wiktionary.org/wiki/pye,"CC BY-SA 4.0",2026-08-05,2026-08-14
pyramidal,"角錐の。ピラミッド型の。 / 巨大な。堂々とした。","Japanese Wiktionary",https://ja.wiktionary.org/wiki/pyramidal,"CC BY-SA 4.0",2026-08-05,2026-08-14
quadrangular,"四角形の。","Japanese Wiktionary",https://ja.wiktionary.org/wiki/quadrangular,"CC BY-SA 4.0",2026-08-05,2026-08-14
quadrennial,"4年毎の。4年に1回の。 / 四年祭。4周年の記念行事。 / 四年間。","Japanese Wiktionary",https://ja.wiktionary.org/wiki/quadrennial,"CC BY-SA 4.0",2026-08-05,2026-08-14
qual,"資格認定試験。 / qualiの異形。","Japanese Wiktionary",https://ja.wiktionary.org/wiki/qual,"CC BY-SA 4.0",2026-08-05,2026-08-14
quale,"特質。","Japanese Wiktionary",https://ja.wiktionary.org/wiki/quale,"CC BY-SA 4.0",2026-08-05,2026-08-14
quali,"qualifyingの短縮。 / qualifierの短縮。","Japanese Wiktionary",https://ja.wiktionary.org/wiki/quali,"CC BY-SA 4.0",2026-08-05,2026-08-14
qualia,"qualeの複数形。","Japanese Wiktionary",https://ja.wiktionary.org/wiki/qualia,"CC BY-SA 4.0",2026-08-05,2026-08-14
qualis,"qualiの複数形。","Japanese Wiktionary",https://ja.wiktionary.org/wiki/qualis,"CC BY-SA 4.0",2026-08-05,2026-08-14
qualitative,"質の、質的な。 / 定性的な。 / 質的なもの。","Japanese Wiktionary",https://ja.wiktionary.org/wiki/qualitative,"CC BY-SA 4.0",2026-08-05,2026-08-14
qualitatively,"質的に。","Japanese Wiktionary",https://ja.wiktionary.org/wiki/qualitatively,"CC BY-SA 4.0",2026-08-05,2026-08-14
quantitation,"計量。","Japanese Wiktionary",https://ja.wiktionary.org/wiki/quantitation,"CC BY-SA 4.0",2026-08-05,2026-08-14
quantitative,"量の、量的な。 / 定量的な。","Japanese Wiktionary",https://ja.wiktionary.org/wiki/quantitative,"CC BY-SA 4.0",2026-08-05,2026-08-14
quantitatively,"量的に、定量的に。","Japanese Wiktionary",https://ja.wiktionary.org/wiki/quantitatively,"CC BY-SA 4.0",2026-08-05,2026-08-14
quarreled,"quarrelの過去形・過去分詞。","Japanese Wiktionary",https://ja.wiktionary.org/wiki/quarreled,"CC BY-SA 4.0",2026-08-05,2026-08-14
quarreling,"quarrelの動名詞又は現在分詞。 / quarrellingの異綴。","Japanese Wiktionary",https://ja.wiktionary.org/wiki/quarreling,"CC BY-SA 4.0",2026-08-05,2026-08-14
quarrelsome,"短気な、怒りっぽい。","Japanese Wiktionary",https://ja.wiktionary.org/wiki/quarrelsome,"CC BY-SA 4.0",2026-08-05,2026-08-14
quasi,"擬似の。類似の。","Japanese Wiktionary",https://ja.wiktionary.org/wiki/quasi,"CC BY-SA 4.0",2026-08-05,2026-08-14
quate,"静かな。","Japanese Wiktionary",https://ja.wiktionary.org/wiki/quate,"CC BY-SA 4.0",2026-08-05,2026-08-14
quatro,"cuatroの異綴。","Japanese Wiktionary",https://ja.wiktionary.org/wiki/quatro,"CC BY-SA 4.0",2026-08-05,2026-08-14
queening,"""queen"" の動名詞又は現在分詞。","Japanese Wiktionary",https://ja.wiktionary.org/wiki/queening,"CC BY-SA 4.0",2026-08-05,2026-08-14
questionable,"疑わしい。怪しい。不審な。","Japanese Wiktionary",https://ja.wiktionary.org/wiki/questionable,"CC BY-SA 4.0",2026-08-05,2026-08-14
questioningly,"疑問に満ちて。もの問いたげに。","Japanese Wiktionary",https://ja.wiktionary.org/wiki/questioningly,"CC BY-SA 4.0",2026-08-05,2026-08-14
quickly,"速く / 急いで / 即座に","Japanese Wiktionary",https://ja.wiktionary.org/wiki/quickly,"CC BY-SA 4.0",2026-08-05,2026-08-14
quicks,"quickの複数形。 / quickの三人称単数現在形。","Japanese Wiktionary",https://ja.wiktionary.org/wiki/quicks,"CC BY-SA 4.0",2026-08-05,2026-08-14
quietly,"静かに。音も無く。","Japanese Wiktionary",https://ja.wiktionary.org/wiki/quietly,"CC BY-SA 4.0",2026-08-05,2026-08-14
quinquennial,"五年毎の。五年に一回の。 / 五年間の。五年に亘る。 / 五周年。 / 五年間。","Japanese Wiktionary",https://ja.wiktionary.org/wiki/quinquennial,"CC BY-SA 4.0",2026-08-05,2026-08-14
quintessential,"典型的な / 真髄。","Japanese Wiktionary",https://ja.wiktionary.org/wiki/quintessential,"CC BY-SA 4.0",2026-08-05,2026-08-14
quite,"全く、完全に、すっかり。 / 大変に、非常に、かなり。 / （反語的に）そこそこ、まあまあ。 / まあまあの、そこそこの。 / （強い同意）いかにも、そのとおり。","Japanese Wiktionary",https://ja.wiktionary.org/wiki/quite,"CC BY-SA 4.0",2026-08-05,2026-08-14
quod,"""quethe"" の過去形。","Japanese Wiktionary",https://ja.wiktionary.org/wiki/quod,"CC BY-SA 4.0",2026-08-05,2026-08-14
quoth,"""quethe"" の過去形。","Japanese Wiktionary",https://ja.wiktionary.org/wiki/quoth,"CC BY-SA 4.0",2026-08-05,2026-08-14
quranic,"Qur'anicの異綴。","Japanese Wiktionary",https://ja.wiktionary.org/wiki/quranic,"CC BY-SA 4.0",2026-08-05,2026-08-14
rabi,"春。[18世紀より] / 春の収穫。[19世紀より]","Japanese Wiktionary",https://ja.wiktionary.org/wiki/rabi,"CC BY-SA 4.0",2026-08-05,2026-08-14
racial,"人種の、人種的な。 / 民族の。","Japanese Wiktionary",https://ja.wiktionary.org/wiki/racial,"CC BY-SA 4.0",2026-08-05,2026-08-14
radiant,"熱や光を発する。輝く。 / 放射の。輻射の。 / 喜びに満ちた。 / 放射状の。 / 放射源。 / 放射点。 / （放射状に伸びる）直線。","Japanese Wiktionary",https://ja.wiktionary.org/wiki/radiant,"CC BY-SA 4.0",2026-08-05,2026-08-14
radically,"そもそも。根本的に。 / 根本から。根底から。抜本的に。","Japanese Wiktionary",https://ja.wiktionary.org/wiki/radically,"CC BY-SA 4.0",2026-08-05,2026-08-14
radioactive,"放射性の。 / 放射性物質。","Japanese Wiktionary",https://ja.wiktionary.org/wiki/radioactive,"CC BY-SA 4.0",2026-08-05,2026-08-14
rakish,"粋な、洒落た。 / 淫らな、ふしだらな。","Japanese Wiktionary",https://ja.wiktionary.org/wiki/rakish,"CC BY-SA 4.0",2026-08-05,2026-08-14
rancid,"腐臭のする。 / 不愉快な。","Japanese Wiktionary",https://ja.wiktionary.org/wiki/rancid,"CC BY-SA 4.0",2026-08-05,2026-08-14
rancorous,"恨みのある。憎悪の。","Japanese Wiktionary",https://ja.wiktionary.org/wiki/rancorous,"CC BY-SA 4.0",2026-08-05,2026-08-14
random,"うろつき。放浪。 / 全速力。性急。[14-17世紀] / （弾丸などの発射物を）撃てる角度の範囲。[16-19世紀] / 野次馬。[20世紀より] / 活字を構成する枠。 / 無作為の。でたらめの。 / 任意の。 / 擬似乱数の。","Japanese Wiktionary",https://ja.wiktionary.org/wiki/random,"CC BY-SA 4.0",2026-08-05,2026-08-14
randomly,"ランダムに。無作為に。 / ランダムアクセスで。","Japanese Wiktionary",https://ja.wiktionary.org/wiki/randomly,"CC BY-SA 4.0",2026-08-05,2026-08-14
randoms,"randomの複数形。","Japanese Wiktionary",https://ja.wiktionary.org/wiki/randoms,"CC BY-SA 4.0",2026-08-05,2026-08-14
rango,"arangoの異綴。","Japanese Wiktionary",https://ja.wiktionary.org/wiki/rango,"CC BY-SA 4.0",2026-08-05,2026-08-14
rapidly,"速く。 / 急いで。","Japanese Wiktionary",https://ja.wiktionary.org/wiki/rapidly,"CC BY-SA 4.0",2026-08-05,2026-08-14
rapt,"心を奪われた、有頂天の、うっとりした / 夢中にさせる、うっとりさせる / さらう / 有頂天、恍惚 / 素早さ","Japanese Wiktionary",https://ja.wiktionary.org/wiki/rapt,"CC BY-SA 4.0",2026-08-05,2026-08-14
rapturous,"歓喜の、有頂天の、熱狂的な","Japanese Wiktionary",https://ja.wiktionary.org/wiki/rapturous,"CC BY-SA 4.0",2026-08-05,2026-08-14
rapturously,"歓喜して","Japanese Wiktionary",https://ja.wiktionary.org/wiki/rapturously,"CC BY-SA 4.0",2026-08-05,2026-08-14
rarely,"滅多に～しない","Japanese Wiktionary",https://ja.wiktionary.org/wiki/rarely,"CC BY-SA 4.0",2026-08-05,2026-08-14
ratatouille,"ラタトゥイユ。","Japanese Wiktionary",https://ja.wiktionary.org/wiki/ratatouille,"CC BY-SA 4.0",2026-08-05,2026-08-14
rather,"むしろ。 / (A rather than B) BではなくA。 / （否定的、消極的述語とともに用い）あまり, どちらかと言えば。 / さらに。","Japanese Wiktionary",https://ja.wiktionary.org/wiki/rather,"CC BY-SA 4.0",2026-08-05,2026-08-14
ratu,"ラツ。フィジーの族長。","Japanese Wiktionary",https://ja.wiktionary.org/wiki/ratu,"CC BY-SA 4.0",2026-08-05,2026-08-14
rav,"ラビ。 / 先生。宗教上の指導者。","Japanese Wiktionary",https://ja.wiktionary.org/wiki/rav,"CC BY-SA 4.0",2026-08-05,2026-08-14
ravenous,"飢えた、ひどく空腹の。 / 貪欲な。","Japanese Wiktionary",https://ja.wiktionary.org/wiki/ravenous,"CC BY-SA 4.0",2026-08-05,2026-08-14
ravenously,"ひどく空腹で。貪欲に。","Japanese Wiktionary",https://ja.wiktionary.org/wiki/ravenously,"CC BY-SA 4.0",2026-08-05,2026-08-14
ravin,"略奪する。強奪する。 / 略奪。強奪。略奪した食料。 / ひどく空腹の。","Japanese Wiktionary",https://ja.wiktionary.org/wiki/ravin,"CC BY-SA 4.0",2026-08-05,2026-08-14
rawer,"rawの比較級。","Japanese Wiktionary",https://ja.wiktionary.org/wiki/rawer,"CC BY-SA 4.0",2026-08-05,2026-08-14
raws,"rawの複数形。","Japanese Wiktionary",https://ja.wiktionary.org/wiki/raws,"CC BY-SA 4.0",2026-08-05,2026-08-14
rayed,"""ray"" の過去形・過去分詞。","Japanese Wiktionary",https://ja.wiktionary.org/wiki/rayed,"CC BY-SA 4.0",2026-08-05,2026-08-14
raying,"""ray"" の動名詞又は現在分詞。","Japanese Wiktionary",https://ja.wiktionary.org/wiki/raying,"CC BY-SA 4.0",2026-08-05,2026-08-14
reactive,"反応する、反発する。 / （化学）反応しやすい、反応性の。","Japanese Wiktionary",https://ja.wiktionary.org/wiki/reactive,"CC BY-SA 4.0",2026-08-05,2026-08-14
readable,"（文字や印刷が）読みやすい。判読しやすい。 / （本が）面白い。","Japanese Wiktionary",https://ja.wiktionary.org/wiki/readable,"CC BY-SA 4.0",2026-08-05,2026-08-14
readiest,"""ready"" の最上級。","Japanese Wiktionary",https://ja.wiktionary.org/wiki/readiest,"CC BY-SA 4.0",2026-08-05,2026-08-14
readily,"積極的に。進んで。 / 容易に。","Japanese Wiktionary",https://ja.wiktionary.org/wiki/readily,"CC BY-SA 4.0",2026-08-05,2026-08-14
realer,"""real"" の比較級。","Japanese Wiktionary",https://ja.wiktionary.org/wiki/realer,"CC BY-SA 4.0",2026-08-05,2026-08-14
realest,"""real"" の最上級。","Japanese Wiktionary",https://ja.wiktionary.org/wiki/realest,"CC BY-SA 4.0",2026-08-05,2026-08-14
realisable,"実現可能な。 / 換金できる。","Japanese Wiktionary",https://ja.wiktionary.org/wiki/realisable,"CC BY-SA 4.0",2026-08-05,2026-08-14
realistic,"現実的な。実際的な。現実主義の。 / リアルな。本物そっくりの。 / 写実主義の。","Japanese Wiktionary",https://ja.wiktionary.org/wiki/realistic,"CC BY-SA 4.0",2026-08-05,2026-08-14
realistically,"現実的に。写実的に。","Japanese Wiktionary",https://ja.wiktionary.org/wiki/realistically,"CC BY-SA 4.0",2026-08-05,2026-08-14
realizable,"実現可能な。 / 換金できる。","Japanese Wiktionary",https://ja.wiktionary.org/wiki/realizable,"CC BY-SA 4.0",2026-08-05,2026-08-14
really,"本当に / 本当は / 実際に / 全く","Japanese Wiktionary",https://ja.wiktionary.org/wiki/really,"CC BY-SA 4.0",2026-08-05,2026-08-14
reamed,"reamの過去形・過去分詞。","Japanese Wiktionary",https://ja.wiktionary.org/wiki/reamed,"CC BY-SA 4.0",2026-08-05,2026-08-14
reames,"reameの複数形。","Japanese Wiktionary",https://ja.wiktionary.org/wiki/reames,"CC BY-SA 4.0",2026-08-05,2026-08-14
reasonable,"理性的な。 / 理に適った。 / （値段など）適当な。妥当な。リーズナブルな。","Japanese Wiktionary",https://ja.wiktionary.org/wiki/reasonable,"CC BY-SA 4.0",2026-08-05,2026-08-14
reasonably,"理にかなって / 理性的に / 適度に / かなり","Japanese Wiktionary",https://ja.wiktionary.org/wiki/reasonably,"CC BY-SA 4.0",2026-08-05,2026-08-14
rebellious,"反乱を起こした。 / 反抗的な、開き直った。 / 頑固な。","Japanese Wiktionary",https://ja.wiktionary.org/wiki/rebellious,"CC BY-SA 4.0",2026-08-05,2026-08-14
reborn,"再生した、復活した、蘇った。","Japanese Wiktionary",https://ja.wiktionary.org/wiki/reborn,"CC BY-SA 4.0",2026-08-05,2026-08-14
recently,"最近","Japanese Wiktionary",https://ja.wiktionary.org/wiki/recently,"CC BY-SA 4.0",2026-08-05,2026-08-14
receptive,"理解の早い、受け入れる","Japanese Wiktionary",https://ja.wiktionary.org/wiki/receptive,"CC BY-SA 4.0",2026-08-05,2026-08-14
recessionary,"景気後退の","Japanese Wiktionary",https://ja.wiktionary.org/wiki/recessionary,"CC BY-SA 4.0",2026-08-05,2026-08-14
recharger,"充電器。","Japanese Wiktionary",https://ja.wiktionary.org/wiki/recharger,"CC BY-SA 4.0",2026-08-05,2026-08-14
rechargers,"rechargerの複数形。","Japanese Wiktionary",https://ja.wiktionary.org/wiki/rechargers,"CC BY-SA 4.0",2026-08-05,2026-08-14
reckless,"向こう見ずな、無謀な、無茶な、無鉄砲な / ～を気にかけない","Japanese Wiktionary",https://ja.wiktionary.org/wiki/reckless,"CC BY-SA 4.0",2026-08-05,2026-08-14
reclame,"reclaim の廃用。","Japanese Wiktionary",https://ja.wiktionary.org/wiki/reclame,"CC BY-SA 4.0",2026-08-05,2026-08-14
recognizable,"見覚えのある / 見分けのつく","Japanese Wiktionary",https://ja.wiktionary.org/wiki/recognizable,"CC BY-SA 4.0",2026-08-05,2026-08-14
recognizably,"見分けがつく程","Japanese Wiktionary",https://ja.wiktionary.org/wiki/recognizably,"CC BY-SA 4.0",2026-08-05,2026-08-14
reconstructive,"再建の。再建的な。","Japanese Wiktionary",https://ja.wiktionary.org/wiki/reconstructive,"CC BY-SA 4.0",2026-08-05,2026-08-14
recta,"rectumの複数形。","Japanese Wiktionary",https://ja.wiktionary.org/wiki/recta,"CC BY-SA 4.0",2026-08-05,2026-08-14
rectangular,"直角の / 長方形の","Japanese Wiktionary",https://ja.wiktionary.org/wiki/rectangular,"CC BY-SA 4.0",2026-08-05,2026-08-14
recurrent,"再発性の。再発する。再来する。","Japanese Wiktionary",https://ja.wiktionary.org/wiki/recurrent,"CC BY-SA 4.0",2026-08-05,2026-08-14
recurse,"再帰的に処理する。","Japanese Wiktionary",https://ja.wiktionary.org/wiki/recurse,"CC BY-SA 4.0",2026-08-05,2026-08-14
recurses,"recurseの直説法現在第三人称単数形。","Japanese Wiktionary",https://ja.wiktionary.org/wiki/recurses,"CC BY-SA 4.0",2026-08-05,2026-08-14
recursing,"recurseの現在分詞。","Japanese Wiktionary",https://ja.wiktionary.org/wiki/recursing,"CC BY-SA 4.0",2026-08-05,2026-08-14
recursive,"反復的な。 / 再帰的な、帰納的な。","Japanese Wiktionary",https://ja.wiktionary.org/wiki/recursive,"CC BY-SA 4.0",2026-08-05,2026-08-14
recuse,"拒絶する、忌避する。 / 辞退する。","Japanese Wiktionary",https://ja.wiktionary.org/wiki/recuse,"CC BY-SA 4.0",2026-08-05,2026-08-14
reddish,"赤みがかった、赤色をおびた。","Japanese Wiktionary",https://ja.wiktionary.org/wiki/reddish,"CC BY-SA 4.0",2026-08-05,2026-08-14
redirection,"（方向を）向け直すこと。 / 出力先変更。リダイレクト。 / 再尋問。","Japanese Wiktionary",https://ja.wiktionary.org/wiki/redirection,"CC BY-SA 4.0",2026-08-05,2026-08-14
redirections,"redirectionの複数形。","Japanese Wiktionary",https://ja.wiktionary.org/wiki/redirections,"CC BY-SA 4.0",2026-08-05,2026-08-14
redolent,"香りの良い。芳香のある。 / 〜のにおいがする。 / 思い出させる。想起させる。","Japanese Wiktionary",https://ja.wiktionary.org/wiki/redolent,"CC BY-SA 4.0",2026-08-05,2026-08-14
reducible,"減らせる。削減できる。 / 約分できる。可約の。 / 還元できる。","Japanese Wiktionary",https://ja.wiktionary.org/wiki/reducible,"CC BY-SA 4.0",2026-08-05,2026-08-14
redundant,"余分な、余剰の、冗長な。 / 解雇された。","Japanese Wiktionary",https://ja.wiktionary.org/wiki/redundant,"CC BY-SA 4.0",2026-08-05,2026-08-14
reede,"reedの廃用。","Japanese Wiktionary",https://ja.wiktionary.org/wiki/reede,"CC BY-SA 4.0",2026-08-05,2026-08-14
reeducation,"再教育","Japanese Wiktionary",https://ja.wiktionary.org/wiki/reeducation,"CC BY-SA 4.0",2026-08-05,2026-08-14
reflexology,"反射学。 / リフレクソロジー、反射療法、圧力療法。","Japanese Wiktionary",https://ja.wiktionary.org/wiki/reflexology,"CC BY-SA 4.0",2026-08-05,2026-08-14
refugia,"refugiumの複数形。","Japanese Wiktionary",https://ja.wiktionary.org/wiki/refugia,"CC BY-SA 4.0",2026-08-05,2026-08-14
refugium,"退避地。","Japanese Wiktionary",https://ja.wiktionary.org/wiki/refugium,"CC BY-SA 4.0",2026-08-05,2026-08-14
refutable,"言い返せる。反駁できる。","Japanese Wiktionary",https://ja.wiktionary.org/wiki/refutable,"CC BY-SA 4.0",2026-08-05,2026-08-14
regally,"王らしく。威厳を持って。","Japanese Wiktionary",https://ja.wiktionary.org/wiki/regally,"CC BY-SA 4.0",2026-08-05,2026-08-14
regardless,"注意しない、無頓着な / とにかく、御構い無しに / ～に関係なく","Japanese Wiktionary",https://ja.wiktionary.org/wiki/regardless,"CC BY-SA 4.0",2026-08-05,2026-08-14
registre,"registerの廃用。","Japanese Wiktionary",https://ja.wiktionary.org/wiki/registre,"CC BY-SA 4.0",2026-08-05,2026-08-14
registres,"registreの複数形。 / registreの直説法現在第三人称単数形。","Japanese Wiktionary",https://ja.wiktionary.org/wiki/registres,"CC BY-SA 4.0",2026-08-05,2026-08-14
rego,"（不可算、口語、豪、ニュージーランド）自動車の登録。 / （不可算、口語、豪、ニュージーランド）登録料。 / （可算、口語、豪、ニュージーランド）自動車登録番号。","Japanese Wiktionary",https://ja.wiktionary.org/wiki/rego,"CC BY-SA 4.0",2026-08-05,2026-08-14
regretful,"残念そうな。後悔した。","Japanese Wiktionary",https://ja.wiktionary.org/wiki/regretful,"CC BY-SA 4.0",2026-08-05,2026-08-14
regretfully,"残念そうに。悔やんで。 / 残念なことに。","Japanese Wiktionary",https://ja.wiktionary.org/wiki/regretfully,"CC BY-SA 4.0",2026-08-05,2026-08-14
regrettable,"残念な。遺憾な。","Japanese Wiktionary",https://ja.wiktionary.org/wiki/regrettable,"CC BY-SA 4.0",2026-08-05,2026-08-14
regrettably,"残念ながら。遺憾なことに。","Japanese Wiktionary",https://ja.wiktionary.org/wiki/regrettably,"CC BY-SA 4.0",2026-08-05,2026-08-14
regrowth,"再生。再増殖、再成長。取り除かれた後に、再び成長すること。また、その過程、あるいはその再生によって生じたもの。","Japanese Wiktionary",https://ja.wiktionary.org/wiki/regrowth,"CC BY-SA 4.0",2026-08-05,2026-08-14
regularly,"規則的に。そろって。 / 規則にそって。正式に。 / いつも。日常的に。通常は。定期的に。","Japanese Wiktionary",https://ja.wiktionary.org/wiki/regularly,"CC BY-SA 4.0",2026-08-05,2026-08-14
regulon,"レギュロン。","Japanese Wiktionary",https://ja.wiktionary.org/wiki/regulon,"CC BY-SA 4.0",2026-08-05,2026-08-14
reinvigoration,"再活性化。","Japanese Wiktionary",https://ja.wiktionary.org/wiki/reinvigoration,"CC BY-SA 4.0",2026-08-05,2026-08-14
relatively,"比較的","Japanese Wiktionary",https://ja.wiktionary.org/wiki/relatively,"CC BY-SA 4.0",2026-08-05,2026-08-14
relevant,"関係のある、関連する、妥当な。 / 今日的な意義のある。","Japanese Wiktionary",https://ja.wiktionary.org/wiki/relevant,"CC BY-SA 4.0",2026-08-05,2026-08-14
reliable,"信頼できる、当てになる / 頼もしい","Japanese Wiktionary",https://ja.wiktionary.org/wiki/reliable,"CC BY-SA 4.0",2026-08-05,2026-08-14
reliably,"頼もしく。","Japanese Wiktionary",https://ja.wiktionary.org/wiki/reliably,"CC BY-SA 4.0",2026-08-05,2026-08-14
reliant,"信頼している / 依存している","Japanese Wiktionary",https://ja.wiktionary.org/wiki/reliant,"CC BY-SA 4.0",2026-08-05,2026-08-14
religiously,"宗教的に。 / 熱心に。誠実に。きちんと。","Japanese Wiktionary",https://ja.wiktionary.org/wiki/religiously,"CC BY-SA 4.0",2026-08-05,2026-08-14
relo,"親戚、親類。","Japanese Wiktionary",https://ja.wiktionary.org/wiki/relo,"CC BY-SA 4.0",2026-08-05,2026-08-14
reloadable,"チャージ式の。 / 再装弾できる。","Japanese Wiktionary",https://ja.wiktionary.org/wiki/reloadable,"CC BY-SA 4.0",2026-08-05,2026-08-14
reluctant,"気乗りしない、気の進まない。","Japanese Wiktionary",https://ja.wiktionary.org/wiki/reluctant,"CC BY-SA 4.0",2026-08-05,2026-08-14
reluctantly,"渋渋。嫌嫌ながら。","Japanese Wiktionary",https://ja.wiktionary.org/wiki/reluctantly,"CC BY-SA 4.0",2026-08-05,2026-08-14
remailer,"識別情報を付加せずに電子メールの文面を転送することで、匿名電子メールを提供するサービス。匿名メール送信サービス。","Japanese Wiktionary",https://ja.wiktionary.org/wiki/remailer,"CC BY-SA 4.0",2026-08-05,2026-08-14
remailers,"remailerの複数形。","Japanese Wiktionary",https://ja.wiktionary.org/wiki/remailers,"CC BY-SA 4.0",2026-08-05,2026-08-14
remarkable,"注目されるべき。目立つ。特異な。奇異な。驚異的な。 / 傑出した。偉秀な。優れていて目立つ。","Japanese Wiktionary",https://ja.wiktionary.org/wiki/remarkable,"CC BY-SA 4.0",2026-08-05,2026-08-14
remarkably,"目立って、著しく。","Japanese Wiktionary",https://ja.wiktionary.org/wiki/remarkably,"CC BY-SA 4.0",2026-08-05,2026-08-14
reminiscent,"回想的な。追想の。 / 思い出させる。想起させる。","Japanese Wiktionary",https://ja.wiktionary.org/wiki/reminiscent,"CC BY-SA 4.0",2026-08-05,2026-08-14
remodeled,"remodelの過去形・過去分詞。","Japanese Wiktionary",https://ja.wiktionary.org/wiki/remodeled,"CC BY-SA 4.0",2026-08-05,2026-08-14
remodeling,"remodelの現在分詞。 / 改造、改装。","Japanese Wiktionary",https://ja.wiktionary.org/wiki/remodeling,"CC BY-SA 4.0",2026-08-05,2026-08-14
remorseful,"後悔した、悔恨の。","Japanese Wiktionary",https://ja.wiktionary.org/wiki/remorseful,"CC BY-SA 4.0",2026-08-05,2026-08-14
remorseless,"無慈悲な、無情な、残忍な、容赦ない。","Japanese Wiktionary",https://ja.wiktionary.org/wiki/remorseless,"CC BY-SA 4.0",2026-08-05,2026-08-14
remorselessly,"無慈悲に、無情に、残忍に、容赦なく。","Japanese Wiktionary",https://ja.wiktionary.org/wiki/remorselessly,"CC BY-SA 4.0",2026-08-05,2026-08-14
remotely,"遠く。 / よそよそしく。 / 全く。","Japanese Wiktionary",https://ja.wiktionary.org/wiki/remotely,"CC BY-SA 4.0",2026-08-05,2026-08-14
remunerative,"報酬のある、利益になる。","Japanese Wiktionary",https://ja.wiktionary.org/wiki/remunerative,"CC BY-SA 4.0",2026-08-05,2026-08-14
ren,"腎臓。 / レン、古代エジプトにおいて個人につけられた秘密の名前。","Japanese Wiktionary",https://ja.wiktionary.org/wiki/ren,"CC BY-SA 4.0",2026-08-05,2026-08-14
renal,"腎臓の。","Japanese Wiktionary",https://ja.wiktionary.org/wiki/renal,"CC BY-SA 4.0",2026-08-05,2026-08-14
renowned,"有名な。","Japanese Wiktionary",https://ja.wiktionary.org/wiki/renowned,"CC BY-SA 4.0",2026-08-05,2026-08-14
repairable,"修理・修繕できる。 / とりかえしのつく。","Japanese Wiktionary",https://ja.wiktionary.org/wiki/repairable,"CC BY-SA 4.0",2026-08-05,2026-08-14
repayable,"返済しなければならない。","Japanese Wiktionary",https://ja.wiktionary.org/wiki/repayable,"CC BY-SA 4.0",2026-08-05,2026-08-14
repeatable,"繰り返し可能な。","Japanese Wiktionary",https://ja.wiktionary.org/wiki/repeatable,"CC BY-SA 4.0",2026-08-05,2026-08-14
repeatedly,"何度も、繰り返し","Japanese Wiktionary",https://ja.wiktionary.org/wiki/repeatedly,"CC BY-SA 4.0",2026-08-05,2026-08-14
repentant,"後悔している。","Japanese Wiktionary",https://ja.wiktionary.org/wiki/repentant,"CC BY-SA 4.0",2026-08-05,2026-08-14
repetitious,"繰り返しの多い","Japanese Wiktionary",https://ja.wiktionary.org/wiki/repetitious,"CC BY-SA 4.0",2026-08-05,2026-08-14
repetitive,"繰り返しの。反復される。","Japanese Wiktionary",https://ja.wiktionary.org/wiki/repetitive,"CC BY-SA 4.0",2026-08-05,2026-08-14
reportable,"（病気などが）報告義務のある。 / 報告可能な。 / 報告する価値のある。","Japanese Wiktionary",https://ja.wiktionary.org/wiki/reportable,"CC BY-SA 4.0",2026-08-05,2026-08-14
reportedly,"伝えられるところによると、うわさによると。","Japanese Wiktionary",https://ja.wiktionary.org/wiki/reportedly,"CC BY-SA 4.0",2026-08-05,2026-08-14
reprehensible,"非難されるべき。 / 非難されるべき人。悪人。","Japanese Wiktionary",https://ja.wiktionary.org/wiki/reprehensible,"CC BY-SA 4.0",2026-08-05,2026-08-14
representational,"写実的な","Japanese Wiktionary",https://ja.wiktionary.org/wiki/representational,"CC BY-SA 4.0",2026-08-05,2026-08-14
repressive,"抑圧的な。弾圧的な。","Japanese Wiktionary",https://ja.wiktionary.org/wiki/repressive,"CC BY-SA 4.0",2026-08-05,2026-08-14
reproducible,"再生産ができる。再現性のある。","Japanese Wiktionary",https://ja.wiktionary.org/wiki/reproducible,"CC BY-SA 4.0",2026-08-05,2026-08-14
repulsive,"反発する。 / 相手を斥ける。不愉快な。嫌悪感を持たせる。","Japanese Wiktionary",https://ja.wiktionary.org/wiki/repulsive,"CC BY-SA 4.0",2026-08-05,2026-08-14
reputable,"評判のよい","Japanese Wiktionary",https://ja.wiktionary.org/wiki/reputable,"CC BY-SA 4.0",2026-08-05,2026-08-14
resentful,"憤慨した。怒った。腹が立った。腹を立てた。","Japanese Wiktionary",https://ja.wiktionary.org/wiki/resentful,"CC BY-SA 4.0",2026-08-05,2026-08-14
resentfully,"憤慨して","Japanese Wiktionary",https://ja.wiktionary.org/wiki/resentfully,"CC BY-SA 4.0",2026-08-05,2026-08-14
residential,"居住の。住居の。住宅の。 / 住宅に適した。 / 居住設備のある。","Japanese Wiktionary",https://ja.wiktionary.org/wiki/residential,"CC BY-SA 4.0",2026-08-05,2026-08-14
resignedly,"諦めて。","Japanese Wiktionary",https://ja.wiktionary.org/wiki/resignedly,"CC BY-SA 4.0",2026-08-05,2026-08-14
resinous,"樹脂の。 / （電荷が）負の。","Japanese Wiktionary",https://ja.wiktionary.org/wiki/resinous,"CC BY-SA 4.0",2026-08-05,2026-08-14
resistant,"抵抗者、反抗者 / 抵抗する、反抗する、妨害する / 抵抗力のある / ～を防ぐ","Japanese Wiktionary",https://ja.wiktionary.org/wiki/resistant,"CC BY-SA 4.0",2026-08-05,2026-08-14
resistent,"resistantの異綴。","Japanese Wiktionary",https://ja.wiktionary.org/wiki/resistent,"CC BY-SA 4.0",2026-08-05,2026-08-14
resolutely,"断固として、決然と。","Japanese Wiktionary",https://ja.wiktionary.org/wiki/resolutely,"CC BY-SA 4.0",2026-08-05,2026-08-14
resolvable,"解決できる / 溶解性の","Japanese Wiktionary",https://ja.wiktionary.org/wiki/resolvable,"CC BY-SA 4.0",2026-08-05,2026-08-14
resonant,"よく響く。反響する。 / 共鳴する。 / 共鳴音。","Japanese Wiktionary",https://ja.wiktionary.org/wiki/resonant,"CC BY-SA 4.0",2026-08-05,2026-08-14
resonantly,"響き渡って。反響して。","Japanese Wiktionary",https://ja.wiktionary.org/wiki/resonantly,"CC BY-SA 4.0",2026-08-05,2026-08-14
resoundingly,"鳴り響いて。 / 目覚ましく。","Japanese Wiktionary",https://ja.wiktionary.org/wiki/resoundingly,"CC BY-SA 4.0",2026-08-05,2026-08-14
resourceful,"資源が豊富な。資金が豊富な。 / 臨機応変の。機転が利く。","Japanese Wiktionary",https://ja.wiktionary.org/wiki/resourceful,"CC BY-SA 4.0",2026-08-05,2026-08-14
respectably,"立派に、まともに、きちんと。 / まずまず、そこそこ。","Japanese Wiktionary",https://ja.wiktionary.org/wiki/respectably,"CC BY-SA 4.0",2026-08-05,2026-08-14
respectful,"尊敬的な、敬う態度の / 尊重する","Japanese Wiktionary",https://ja.wiktionary.org/wiki/respectful,"CC BY-SA 4.0",2026-08-05,2026-08-14
respectfully,"恭しく。","Japanese Wiktionary",https://ja.wiktionary.org/wiki/respectfully,"CC BY-SA 4.0",2026-08-05,2026-08-14
respective,"それぞれの。","Japanese Wiktionary",https://ja.wiktionary.org/wiki/respective,"CC BY-SA 4.0",2026-08-05,2026-08-14
respectively,"それぞれ。","Japanese Wiktionary",https://ja.wiktionary.org/wiki/respectively,"CC BY-SA 4.0",2026-08-05,2026-08-14
respiratory,"呼吸の。","Japanese Wiktionary",https://ja.wiktionary.org/wiki/respiratory,"CC BY-SA 4.0",2026-08-05,2026-08-14
resplendent,"きらきら輝く。煌びやかな。眩い。","Japanese Wiktionary",https://ja.wiktionary.org/wiki/resplendent,"CC BY-SA 4.0",2026-08-05,2026-08-14
responsible,"責任のある / 原因である / 信頼できる","Japanese Wiktionary",https://ja.wiktionary.org/wiki/responsible,"CC BY-SA 4.0",2026-08-05,2026-08-14
responsibly,"責任を持って。","Japanese Wiktionary",https://ja.wiktionary.org/wiki/responsibly,"CC BY-SA 4.0",2026-08-05,2026-08-14
responsive,"応答の / 反応の早い","Japanese Wiktionary",https://ja.wiktionary.org/wiki/responsive,"CC BY-SA 4.0",2026-08-05,2026-08-14
restive,"落ち着きのない、そわそわした。 / 強情な。 / 前進しようとしない。","Japanese Wiktionary",https://ja.wiktionary.org/wiki/restive,"CC BY-SA 4.0",2026-08-05,2026-08-14
restless,"落ち着きのない。 / 眠れない。 / 不断の。","Japanese Wiktionary",https://ja.wiktionary.org/wiki/restless,"CC BY-SA 4.0",2026-08-05,2026-08-14
restlessly,"落ち着きなく","Japanese Wiktionary",https://ja.wiktionary.org/wiki/restlessly,"CC BY-SA 4.0",2026-08-05,2026-08-14
resto,"レストラン。","Japanese Wiktionary",https://ja.wiktionary.org/wiki/resto,"CC BY-SA 4.0",2026-08-05,2026-08-14
restrictive,"限定する、制限的な。","Japanese Wiktionary",https://ja.wiktionary.org/wiki/restrictive,"CC BY-SA 4.0",2026-08-05,2026-08-14
retentive,"記憶力のよい。 / 保持力のある。 / 抑制。自制。","Japanese Wiktionary",https://ja.wiktionary.org/wiki/retentive,"CC BY-SA 4.0",2026-08-05,2026-08-14
retoucher,"修整者。","Japanese Wiktionary",https://ja.wiktionary.org/wiki/retoucher,"CC BY-SA 4.0",2026-08-05,2026-08-14
retractable,"引っ込められる。格納可能な。 / （発言などを）撤回できる。 / 格納式のペン。","Japanese Wiktionary",https://ja.wiktionary.org/wiki/retractable,"CC BY-SA 4.0",2026-08-05,2026-08-14
retributive,"報いの、報復の。","Japanese Wiktionary",https://ja.wiktionary.org/wiki/retributive,"CC BY-SA 4.0",2026-08-05,2026-08-14
retrievable,"取り戻せる、回復できる。","Japanese Wiktionary",https://ja.wiktionary.org/wiki/retrievable,"CC BY-SA 4.0",2026-08-05,2026-08-14
retroactive,"遡及する。遡って効力がある。","Japanese Wiktionary",https://ja.wiktionary.org/wiki/retroactive,"CC BY-SA 4.0",2026-08-05,2026-08-14
retroactively,"遡及的に。遡って。","Japanese Wiktionary",https://ja.wiktionary.org/wiki/retroactively,"CC BY-SA 4.0",2026-08-05,2026-08-14
retrogressive,"後退する。逆行する。退化する。退行する。 / 逆行的な意見・方針の人。","Japanese Wiktionary",https://ja.wiktionary.org/wiki/retrogressive,"CC BY-SA 4.0",2026-08-05,2026-08-14
retrospectively,"遡及して。遡って。","Japanese Wiktionary",https://ja.wiktionary.org/wiki/retrospectively,"CC BY-SA 4.0",2026-08-05,2026-08-14
reusability,"再利用できること乃至その度合い、再利用可能性。","Japanese Wiktionary",https://ja.wiktionary.org/wiki/reusability,"CC BY-SA 4.0",2026-08-05,2026-08-14
reusable,"再使用可能な。再利用可能な。 / 再使用可能な物。","Japanese Wiktionary",https://ja.wiktionary.org/wiki/reusable,"CC BY-SA 4.0",2026-08-05,2026-08-14
revelator,"啓示者、預言者","Japanese Wiktionary",https://ja.wiktionary.org/wiki/revelator,"CC BY-SA 4.0",2026-08-05,2026-08-14
reverberant,"反響する。響き渡る。","Japanese Wiktionary",https://ja.wiktionary.org/wiki/reverberant,"CC BY-SA 4.0",2026-08-05,2026-08-14
reverent,"恭しい、敬虔な。","Japanese Wiktionary",https://ja.wiktionary.org/wiki/reverent,"CC BY-SA 4.0",2026-08-05,2026-08-14
reverential,"恭しい、敬虔な、畏敬の念に満ちた。","Japanese Wiktionary",https://ja.wiktionary.org/wiki/reverential,"CC BY-SA 4.0",2026-08-05,2026-08-14
reverentially,"恭しく、敬意を込めて。","Japanese Wiktionary",https://ja.wiktionary.org/wiki/reverentially,"CC BY-SA 4.0",2026-08-05,2026-08-14
reverently,"恭しく、敬虔に。","Japanese Wiktionary",https://ja.wiktionary.org/wiki/reverently,"CC BY-SA 4.0",2026-08-05,2026-08-14
reys,"旅。旅行。 / 遠征。","Japanese Wiktionary",https://ja.wiktionary.org/wiki/reys,"CC BY-SA 4.0",2026-08-05,2026-08-14
rhetorically,"修辞的に。 / 美辞麗句的に。","Japanese Wiktionary",https://ja.wiktionary.org/wiki/rhetorically,"CC BY-SA 4.0",2026-08-05,2026-08-14
rhum,"ラム酒。","Japanese Wiktionary",https://ja.wiktionary.org/wiki/rhum,"CC BY-SA 4.0",2026-08-05,2026-08-14
rhythmical,"リズミカルな。律動的な。","Japanese Wiktionary",https://ja.wiktionary.org/wiki/rhythmical,"CC BY-SA 4.0",2026-08-05,2026-08-14
rhythmically,"リズミカルに。律動的に。","Japanese Wiktionary",https://ja.wiktionary.org/wiki/rhythmically,"CC BY-SA 4.0",2026-08-05,2026-08-14
riah,"髪、髪の毛。","Japanese Wiktionary",https://ja.wiktionary.org/wiki/riah,"CC BY-SA 4.0",2026-08-05,2026-08-14
ribboned,"ribbonの過去形・過去分詞形。","Japanese Wiktionary",https://ja.wiktionary.org/wiki/ribboned,"CC BY-SA 4.0",2026-08-05,2026-08-14
richly,"裕福に。 / 豊富に。","Japanese Wiktionary",https://ja.wiktionary.org/wiki/richly,"CC BY-SA 4.0",2026-08-05,2026-08-14
ridged,"ridgeの過去形・過去分詞。","Japanese Wiktionary",https://ja.wiktionary.org/wiki/ridged,"CC BY-SA 4.0",2026-08-05,2026-08-14
ridiculous,"馬鹿げた、途方もない。 / 信じられないほどすごい。","Japanese Wiktionary",https://ja.wiktionary.org/wiki/ridiculous,"CC BY-SA 4.0",2026-08-05,2026-08-14
ridiculously,"馬鹿げて、途方もなく","Japanese Wiktionary",https://ja.wiktionary.org/wiki/ridiculously,"CC BY-SA 4.0",2026-08-05,2026-08-14
righteous,"正しい、正義の、公正な、高潔な。 / すばらしい。","Japanese Wiktionary",https://ja.wiktionary.org/wiki/righteous,"CC BY-SA 4.0",2026-08-05,2026-08-14
righteously,"正しく、正当に、高潔に。","Japanese Wiktionary",https://ja.wiktionary.org/wiki/righteously,"CC BY-SA 4.0",2026-08-05,2026-08-14
rightly,"正しく、もっともなことに。","Japanese Wiktionary",https://ja.wiktionary.org/wiki/rightly,"CC BY-SA 4.0",2026-08-05,2026-08-14
rigid,"堅い。 / 固定された。 / 頑固で厳しい。固陋な。","Japanese Wiktionary",https://ja.wiktionary.org/wiki/rigid,"CC BY-SA 4.0",2026-08-05,2026-08-14
rigidly,"頑丈に / 厳しく","Japanese Wiktionary",https://ja.wiktionary.org/wiki/rigidly,"CC BY-SA 4.0",2026-08-05,2026-08-14
rigorous,"厳しい、厳密な、厳格な。 / （天候などが）過酷な。","Japanese Wiktionary",https://ja.wiktionary.org/wiki/rigorous,"CC BY-SA 4.0",2026-08-05,2026-08-14
rigorously,"厳密に、厳格に。","Japanese Wiktionary",https://ja.wiktionary.org/wiki/rigorously,"CC BY-SA 4.0",2026-08-05,2026-08-14
rikishi,"力士。","Japanese Wiktionary",https://ja.wiktionary.org/wiki/rikishi,"CC BY-SA 4.0",2026-08-05,2026-08-14
rimless,"縁無しの。","Japanese Wiktionary",https://ja.wiktionary.org/wiki/rimless,"CC BY-SA 4.0",2026-08-05,2026-08-14
riotous,"暴動の。 / 暴動を起こす。 / 騒がしい、騒騒しい。 / 放埒な、奔放の。","Japanese Wiktionary",https://ja.wiktionary.org/wiki/riotous,"CC BY-SA 4.0",2026-08-05,2026-08-14
riotously,"騒騒しく。 / 放埒に、奔放に。","Japanese Wiktionary",https://ja.wiktionary.org/wiki/riotously,"CC BY-SA 4.0",2026-08-05,2026-08-14
risque,"risquéの異綴。 / riskの廃用。","Japanese Wiktionary",https://ja.wiktionary.org/wiki/risque,"CC BY-SA 4.0",2026-08-05,2026-08-14
risques,"risqueの複数形。","Japanese Wiktionary",https://ja.wiktionary.org/wiki/risques,"CC BY-SA 4.0",2026-08-05,2026-08-14
ristorante,"イタリア料理店。","Japanese Wiktionary",https://ja.wiktionary.org/wiki/ristorante,"CC BY-SA 4.0",2026-08-05,2026-08-14
ritually,"儀式的に、儀式として。 / 習慣的に、習慣として。","Japanese Wiktionary",https://ja.wiktionary.org/wiki/ritually,"CC BY-SA 4.0",2026-08-05,2026-08-14
rivaled,"rivalの過去形・過去分詞。","Japanese Wiktionary",https://ja.wiktionary.org/wiki/rivaled,"CC BY-SA 4.0",2026-08-05,2026-08-14
robusta,"ロブスタコーヒーノキ。 / ロブスタ。","Japanese Wiktionary",https://ja.wiktionary.org/wiki/robusta,"CC BY-SA 4.0",2026-08-05,2026-08-14
roge,"rogueの廃用。","Japanese Wiktionary",https://ja.wiktionary.org/wiki/roge,"CC BY-SA 4.0",2026-08-05,2026-08-14
roko,"交通を混乱させる抗議活動。","Japanese Wiktionary",https://ja.wiktionary.org/wiki/roko,"CC BY-SA 4.0",2026-08-05,2026-08-14
romaji,"ローマ字。","Japanese Wiktionary",https://ja.wiktionary.org/wiki/romaji,"CC BY-SA 4.0",2026-08-05,2026-08-14
romanization,"ローマ字化する過程。 / ローマ字化。","Japanese Wiktionary",https://ja.wiktionary.org/wiki/romanization,"CC BY-SA 4.0",2026-08-05,2026-08-14
romantically,"空想的に、ロマンチックに。","Japanese Wiktionary",https://ja.wiktionary.org/wiki/romantically,"CC BY-SA 4.0",2026-08-05,2026-08-14
rosaria,"rosariumの複数形。","Japanese Wiktionary",https://ja.wiktionary.org/wiki/rosaria,"CC BY-SA 4.0",2026-08-05,2026-08-14
rosegarden,"rose gardenの異綴。","Japanese Wiktionary",https://ja.wiktionary.org/wiki/rosegarden,"CC BY-SA 4.0",2026-08-05,2026-08-14
rotatable,"回転可能な。","Japanese Wiktionary",https://ja.wiktionary.org/wiki/rotatable,"CC BY-SA 4.0",2026-08-05,2026-08-14
rotten,"腐った、腐敗した。 / 朽ちた、ぼろぼろの。 / 酷い、残酷な、不道徳な。 / 悪い、恐ろしい。 / ひどく。","Japanese Wiktionary",https://ja.wiktionary.org/wiki/rotten,"CC BY-SA 4.0",2026-08-05,2026-08-14
roughly,"ざらざらして。 / 乱暴に。 / およそ、概。 / 大まかに、大雑把に。","Japanese Wiktionary",https://ja.wiktionary.org/wiki/roughly,"CC BY-SA 4.0",2026-08-05,2026-08-14
routeing,"routeの現在分詞。 / ルーティング。経路制御。","Japanese Wiktionary",https://ja.wiktionary.org/wiki/routeing,"CC BY-SA 4.0",2026-08-05,2026-08-14
royale,"（料理）ロワイヤル。","Japanese Wiktionary",https://ja.wiktionary.org/wiki/royale,"CC BY-SA 4.0",2026-08-05,2026-08-14
royales,"royaleの複数形。","Japanese Wiktionary",https://ja.wiktionary.org/wiki/royales,"CC BY-SA 4.0",2026-08-05,2026-08-14
royally,"王にふさわしく。 / 立派に。すばらしく。","Japanese Wiktionary",https://ja.wiktionary.org/wiki/royally,"CC BY-SA 4.0",2026-08-05,2026-08-14
rubbies,"rubbyの複数形。","Japanese Wiktionary",https://ja.wiktionary.org/wiki/rubbies,"CC BY-SA 4.0",2026-08-05,2026-08-14
rudden,"赤みがかる。","Japanese Wiktionary",https://ja.wiktionary.org/wiki/rudden,"CC BY-SA 4.0",2026-08-05,2026-08-14
rudely,"無礼に / 乱暴に / 突然に","Japanese Wiktionary",https://ja.wiktionary.org/wiki/rudely,"CC BY-SA 4.0",2026-08-05,2026-08-14
rueful,"後悔した、残念そうな、悲しそうな。","Japanese Wiktionary",https://ja.wiktionary.org/wiki/rueful,"CC BY-SA 4.0",2026-08-05,2026-08-14
ruefully,"後悔して、残念そうに。","Japanese Wiktionary",https://ja.wiktionary.org/wiki/ruefully,"CC BY-SA 4.0",2026-08-05,2026-08-14
rumored,"""rumor"" の過去形・過去分詞。","Japanese Wiktionary",https://ja.wiktionary.org/wiki/rumored,"CC BY-SA 4.0",2026-08-05,2026-08-14
runnerup,"runner-upの別形。","Japanese Wiktionary",https://ja.wiktionary.org/wiki/runnerup,"CC BY-SA 4.0",2026-08-05,2026-08-14
rural,"田舎の、農村の","Japanese Wiktionary",https://ja.wiktionary.org/wiki/rural,"CC BY-SA 4.0",2026-08-05,2026-08-14
ruthless,"無慈悲な、非情な、残酷な、断固とした。","Japanese Wiktionary",https://ja.wiktionary.org/wiki/ruthless,"CC BY-SA 4.0",2026-08-05,2026-08-14
ruthlessly,"無慈悲に。非情に。残酷に。断固として。","Japanese Wiktionary",https://ja.wiktionary.org/wiki/ruthlessly,"CC BY-SA 4.0",2026-08-05,2026-08-14
ryokan,"旅館。","Japanese Wiktionary",https://ja.wiktionary.org/wiki/ryokan,"CC BY-SA 4.0",2026-08-05,2026-08-14
rythmic,"rhythmicの異綴。","Japanese Wiktionary",https://ja.wiktionary.org/wiki/rythmic,"CC BY-SA 4.0",2026-08-05,2026-08-14
ryu,"流儀、流派。","Japanese Wiktionary",https://ja.wiktionary.org/wiki/ryu,"CC BY-SA 4.0",2026-08-05,2026-08-14
sacred,"聖らかな、神々しい、神のような、聖なる、神聖な。 / 宗教的な、宗教上の。 / 侵し難い。不可侵の。 / 祭った、捧げられた / sacreの過去分詞。","Japanese Wiktionary",https://ja.wiktionary.org/wiki/sacred,"CC BY-SA 4.0",2026-08-05,2026-08-14
sacrificial,"犠牲の、生贄の","Japanese Wiktionary",https://ja.wiktionary.org/wiki/sacrificial,"CC BY-SA 4.0",2026-08-05,2026-08-14
sacrilegious,"冒涜的な、不敬の。","Japanese Wiktionary",https://ja.wiktionary.org/wiki/sacrilegious,"CC BY-SA 4.0",2026-08-05,2026-08-14
sacrosanct,"神聖な、侵すことのできない","Japanese Wiktionary",https://ja.wiktionary.org/wiki/sacrosanct,"CC BY-SA 4.0",2026-08-05,2026-08-14
sadlier,"""sadly"" の比較級。","Japanese Wiktionary",https://ja.wiktionary.org/wiki/sadlier,"CC BY-SA 4.0",2026-08-05,2026-08-14
sadly,"悲しく、悲嘆に暮れて。 / 悲しいことに、不運なことに、残念なことに。 / 深く。","Japanese Wiktionary",https://ja.wiktionary.org/wiki/sadly,"CC BY-SA 4.0",2026-08-05,2026-08-14
sado,"茶道。","Japanese Wiktionary",https://ja.wiktionary.org/wiki/sado,"CC BY-SA 4.0",2026-08-05,2026-08-14
safed,"safeの過去形・過去分詞。","Japanese Wiktionary",https://ja.wiktionary.org/wiki/safed,"CC BY-SA 4.0",2026-08-05,2026-08-14
safely,"安全に、無事に / 間違いなく","Japanese Wiktionary",https://ja.wiktionary.org/wiki/safely,"CC BY-SA 4.0",2026-08-05,2026-08-14
sagacious,"賢明な。明敏な。","Japanese Wiktionary",https://ja.wiktionary.org/wiki/sagacious,"CC BY-SA 4.0",2026-08-05,2026-08-14
sailfish,"バショウカジキ。","Japanese Wiktionary",https://ja.wiktionary.org/wiki/sailfish,"CC BY-SA 4.0",2026-08-05,2026-08-14
sainted,"saintの過去形・過去分詞。 / 列聖された。聖人とされた。 / 天国にいる。天に召された。 / 神聖な。","Japanese Wiktionary",https://ja.wiktionary.org/wiki/sainted,"CC BY-SA 4.0",2026-08-05,2026-08-14
saison,"セゾンビール。","Japanese Wiktionary",https://ja.wiktionary.org/wiki/saison,"CC BY-SA 4.0",2026-08-05,2026-08-14
saisons,"saisonの複数形。","Japanese Wiktionary",https://ja.wiktionary.org/wiki/saisons,"CC BY-SA 4.0",2026-08-05,2026-08-14
sal,"（化学）塩^(（えん）)","Japanese Wiktionary",https://ja.wiktionary.org/wiki/sal,"CC BY-SA 4.0",2026-08-05,2026-08-14
salaried,"月給を稼いでいる。 / （地位などが）有給の。 / salaryの過去形・過去分詞。","Japanese Wiktionary",https://ja.wiktionary.org/wiki/salaried,"CC BY-SA 4.0",2026-08-05,2026-08-14
salivary,"唾液の。唾の。 / 唾液腺。","Japanese Wiktionary",https://ja.wiktionary.org/wiki/salivary,"CC BY-SA 4.0",2026-08-05,2026-08-14
salm,"psalmの廃用。","Japanese Wiktionary",https://ja.wiktionary.org/wiki/salm,"CC BY-SA 4.0",2026-08-05,2026-08-14
salo,"サーロ。","Japanese Wiktionary",https://ja.wiktionary.org/wiki/salo,"CC BY-SA 4.0",2026-08-05,2026-08-14
salvar,"shalwarの異形。","Japanese Wiktionary",https://ja.wiktionary.org/wiki/salvar,"CC BY-SA 4.0",2026-08-05,2026-08-14
samadhi,"三昧、定。","Japanese Wiktionary",https://ja.wiktionary.org/wiki/samadhi,"CC BY-SA 4.0",2026-08-05,2026-08-14
samsa,"サムサ。","Japanese Wiktionary",https://ja.wiktionary.org/wiki/samsa,"CC BY-SA 4.0",2026-08-05,2026-08-14
sanely,"正気で、分別をもって","Japanese Wiktionary",https://ja.wiktionary.org/wiki/sanely,"CC BY-SA 4.0",2026-08-05,2026-08-14
sangen,"三味線。","Japanese Wiktionary",https://ja.wiktionary.org/wiki/sangen,"CC BY-SA 4.0",2026-08-05,2026-08-14
sanguinary,"流血の、血みどろの、凶暴な。","Japanese Wiktionary",https://ja.wiktionary.org/wiki/sanguinary,"CC BY-SA 4.0",2026-08-05,2026-08-14
sapient,"賢い。知恵のある。賢明な。 / （SFなどで）知能を持った。 / （SFなどで）知能を持つもの。","Japanese Wiktionary",https://ja.wiktionary.org/wiki/sapient,"CC BY-SA 4.0",2026-08-05,2026-08-14
sappy,"ひどく感傷的な。 / 樹液の多い。 / 水分の多い。 / 多孔質の。 / 腐臭のする。","Japanese Wiktionary",https://ja.wiktionary.org/wiki/sappy,"CC BY-SA 4.0",2026-08-05,2026-08-14
sarcastic,"皮肉な、辛辣な。","Japanese Wiktionary",https://ja.wiktionary.org/wiki/sarcastic,"CC BY-SA 4.0",2026-08-05,2026-08-14
sarcastically,"皮肉っぽく","Japanese Wiktionary",https://ja.wiktionary.org/wiki/sarcastically,"CC BY-SA 4.0",2026-08-05,2026-08-14
satiric,"風刺の。風刺的な。","Japanese Wiktionary",https://ja.wiktionary.org/wiki/satiric,"CC BY-SA 4.0",2026-08-05,2026-08-14
satirical,"風刺の。風刺的な。","Japanese Wiktionary",https://ja.wiktionary.org/wiki/satirical,"CC BY-SA 4.0",2026-08-05,2026-08-14
satirically,"皮肉っぽく。風刺的に。","Japanese Wiktionary",https://ja.wiktionary.org/wiki/satirically,"CC BY-SA 4.0",2026-08-05,2026-08-14
satisfactorily,"満足して、十分に。","Japanese Wiktionary",https://ja.wiktionary.org/wiki/satisfactorily,"CC BY-SA 4.0",2026-08-05,2026-08-14
satisfactory,"満足いく、十分な。","Japanese Wiktionary",https://ja.wiktionary.org/wiki/satisfactory,"CC BY-SA 4.0",2026-08-05,2026-08-14
satisfyingly,"満足のいくように。十分に。","Japanese Wiktionary",https://ja.wiktionary.org/wiki/satisfyingly,"CC BY-SA 4.0",2026-08-05,2026-08-14
saturnine,"陰気な。不機嫌な。むっつりした。 / 鉛の。鉛を含む。 / 鉛毒の。鉛中毒の。 / 土星の影響を受けている。","Japanese Wiktionary",https://ja.wiktionary.org/wiki/saturnine,"CC BY-SA 4.0",2026-08-05,2026-08-14
savored,"savorの過去形・過去分詞。","Japanese Wiktionary",https://ja.wiktionary.org/wiki/savored,"CC BY-SA 4.0",2026-08-05,2026-08-14
scala,"階。","Japanese Wiktionary",https://ja.wiktionary.org/wiki/scala,"CC BY-SA 4.0",2026-08-05,2026-08-14
scalable,"（山などが）登れる。[16世紀より] / 拡大・縮小可能な。[20世紀より] / 拡張可能な。[1980年代より] / 測定可能な。","Japanese Wiktionary",https://ja.wiktionary.org/wiki/scalable,"CC BY-SA 4.0",2026-08-05,2026-08-14
scamming,"scamの現在分詞。","Japanese Wiktionary",https://ja.wiktionary.org/wiki/scamming,"CC BY-SA 4.0",2026-08-05,2026-08-14
scandia,"酸化スカンジウム。","Japanese Wiktionary",https://ja.wiktionary.org/wiki/scandia,"CC BY-SA 4.0",2026-08-05,2026-08-14
scantily,"不十分に。乏しく。","Japanese Wiktionary",https://ja.wiktionary.org/wiki/scantily,"CC BY-SA 4.0",2026-08-05,2026-08-14
scarcely,"ほとんど～ない。 / きっと～ない。 / めったに～しない。","Japanese Wiktionary",https://ja.wiktionary.org/wiki/scarcely,"CC BY-SA 4.0",2026-08-05,2026-08-14
scatterbrained,"注意力の散漫な","Japanese Wiktionary",https://ja.wiktionary.org/wiki/scatterbrained,"CC BY-SA 4.0",2026-08-05,2026-08-14
scenic,"景色の、景色のよい","Japanese Wiktionary",https://ja.wiktionary.org/wiki/scenic,"CC BY-SA 4.0",2026-08-05,2026-08-14
scenically,"風景に関して","Japanese Wiktionary",https://ja.wiktionary.org/wiki/scenically,"CC BY-SA 4.0",2026-08-05,2026-08-14
sceptical,"skepticalの異綴。","Japanese Wiktionary",https://ja.wiktionary.org/wiki/sceptical,"CC BY-SA 4.0",2026-08-05,2026-08-14
sceptred,"sceptreの過去形・過去分詞。","Japanese Wiktionary",https://ja.wiktionary.org/wiki/sceptred,"CC BY-SA 4.0",2026-08-05,2026-08-14
scholarly,"学生に関する、学生らしい。 / 学者に関する、学者らしい。 / 学問に関する、学問らしい。 / 奨学金に関する。 / 学生に関して、学生らしく。 / 学者に関して、学者らしく。 / 学問に関して、学問らしく。 / 奨学金に関して。","Japanese Wiktionary",https://ja.wiktionary.org/wiki/scholarly,"CC BY-SA 4.0",2026-08-05,2026-08-14
sci,"science, sciencesの略。 / scientist, scientistsの略。","Japanese Wiktionary",https://ja.wiktionary.org/wiki/sci,"CC BY-SA 4.0",2026-08-05,2026-08-14
scientific,"科学の。自然科学の。 / 科学的な。","Japanese Wiktionary",https://ja.wiktionary.org/wiki/scientific,"CC BY-SA 4.0",2026-08-05,2026-08-14
scientifically,"科学的に。","Japanese Wiktionary",https://ja.wiktionary.org/wiki/scientifically,"CC BY-SA 4.0",2026-08-05,2026-08-14
scirocco,"siroccoの異綴。","Japanese Wiktionary",https://ja.wiktionary.org/wiki/scirocco,"CC BY-SA 4.0",2026-08-05,2026-08-14
scootering,"""scooter"" の動名詞又は現在分詞。","Japanese Wiktionary",https://ja.wiktionary.org/wiki/scootering,"CC BY-SA 4.0",2026-08-05,2026-08-14
scopa,"花粉ブラシ。 / スコパ。","Japanese Wiktionary",https://ja.wiktionary.org/wiki/scopa,"CC BY-SA 4.0",2026-08-05,2026-08-14
scoped,"scopeの過去形・過去分詞。","Japanese Wiktionary",https://ja.wiktionary.org/wiki/scoped,"CC BY-SA 4.0",2026-08-05,2026-08-14
scornful,"嘲笑に満ちた、嘲笑的な、軽蔑に満ちた、軽蔑的な","Japanese Wiktionary",https://ja.wiktionary.org/wiki/scornful,"CC BY-SA 4.0",2026-08-05,2026-08-14
scornfully,"嘲る態度で、蔑む態度で、嘲笑的に、軽蔑的に","Japanese Wiktionary",https://ja.wiktionary.org/wiki/scornfully,"CC BY-SA 4.0",2026-08-05,2026-08-14
screenprinting,"screen printingの異形。","Japanese Wiktionary",https://ja.wiktionary.org/wiki/screenprinting,"CC BY-SA 4.0",2026-08-05,2026-08-14
screensaver,"スクリーンセーバー。 / スマートフォンやパソコンなどの背景画像。","Japanese Wiktionary",https://ja.wiktionary.org/wiki/screensaver,"CC BY-SA 4.0",2026-08-05,2026-08-14
screensavers,"screensaverの複数形。","Japanese Wiktionary",https://ja.wiktionary.org/wiki/screensavers,"CC BY-SA 4.0",2026-08-05,2026-08-14
scribal,"筆写の。","Japanese Wiktionary",https://ja.wiktionary.org/wiki/scribal,"CC BY-SA 4.0",2026-08-05,2026-08-14
scrollbar,"scroll barの異綴。","Japanese Wiktionary",https://ja.wiktionary.org/wiki/scrollbar,"CC BY-SA 4.0",2026-08-05,2026-08-14
scrollbars,"scrollbarの複数形。","Japanese Wiktionary",https://ja.wiktionary.org/wiki/scrollbars,"CC BY-SA 4.0",2026-08-05,2026-08-14
scrotal,"陰嚢の","Japanese Wiktionary",https://ja.wiktionary.org/wiki/scrotal,"CC BY-SA 4.0",2026-08-05,2026-08-14
scrupulous,"良心的な、誠実な、慎重な。 / 綿密な、周到な。","Japanese Wiktionary",https://ja.wiktionary.org/wiki/scrupulous,"CC BY-SA 4.0",2026-08-05,2026-08-14
scrupulously,"良心的に、誠実に、慎重に。 / 綿密に、周到に。","Japanese Wiktionary",https://ja.wiktionary.org/wiki/scrupulously,"CC BY-SA 4.0",2026-08-05,2026-08-14
sculptural,"彫刻の。彫刻のような。","Japanese Wiktionary",https://ja.wiktionary.org/wiki/sculptural,"CC BY-SA 4.0",2026-08-05,2026-08-14
seasick,"船酔いした。","Japanese Wiktionary",https://ja.wiktionary.org/wiki/seasick,"CC BY-SA 4.0",2026-08-05,2026-08-14
seasonable,"時季が適当な。 / 季節にふさわしい。 / 季節限りの。 / 狩りが許される期間。 / 年季の入った。","Japanese Wiktionary",https://ja.wiktionary.org/wiki/seasonable,"CC BY-SA 4.0",2026-08-05,2026-08-14
seasonally,"季節的に / 季節に応じて。","Japanese Wiktionary",https://ja.wiktionary.org/wiki/seasonally,"CC BY-SA 4.0",2026-08-05,2026-08-14
seatrout,"sea troutの異綴","Japanese Wiktionary",https://ja.wiktionary.org/wiki/seatrout,"CC BY-SA 4.0",2026-08-05,2026-08-14
seau,"陶器製のバケツ。","Japanese Wiktionary",https://ja.wiktionary.org/wiki/seau,"CC BY-SA 4.0",2026-08-05,2026-08-14
seawolf,"スズキ目オオカミウオ科に属する魚のうち、大西洋に生息する種類のもの。特にしろおおかみうおを指す。 / はまぎぎ / 海賊","Japanese Wiktionary",https://ja.wiktionary.org/wiki/seawolf,"CC BY-SA 4.0",2026-08-05,2026-08-14
seaworthy,"（船が）航海に適する。","Japanese Wiktionary",https://ja.wiktionary.org/wiki/seaworthy,"CC BY-SA 4.0",2026-08-05,2026-08-14
sebaceous,"脂肪質の","Japanese Wiktionary",https://ja.wiktionary.org/wiki/sebaceous,"CC BY-SA 4.0",2026-08-05,2026-08-14
secondhand,"中古の。 / 間接の。又聞きの。 / 中古で。 / 又聞きで。","Japanese Wiktionary",https://ja.wiktionary.org/wiki/secondhand,"CC BY-SA 4.0",2026-08-05,2026-08-14
secondly,"2番目に。","Japanese Wiktionary",https://ja.wiktionary.org/wiki/secondly,"CC BY-SA 4.0",2026-08-05,2026-08-14
secretly,"秘密に。密かに。こっそり。","Japanese Wiktionary",https://ja.wiktionary.org/wiki/secretly,"CC BY-SA 4.0",2026-08-05,2026-08-14
securely,"安全に。","Japanese Wiktionary",https://ja.wiktionary.org/wiki/securely,"CC BY-SA 4.0",2026-08-05,2026-08-14
sedately,"落ち着いて。ゆっくりと。","Japanese Wiktionary",https://ja.wiktionary.org/wiki/sedately,"CC BY-SA 4.0",2026-08-05,2026-08-14
seditious,"扇動の、扇動的な。","Japanese Wiktionary",https://ja.wiktionary.org/wiki/seditious,"CC BY-SA 4.0",2026-08-05,2026-08-14
seductive,"誘惑的な。魅惑的な。","Japanese Wiktionary",https://ja.wiktionary.org/wiki/seductive,"CC BY-SA 4.0",2026-08-05,2026-08-14
seedless,"種のない。種無しの。","Japanese Wiktionary",https://ja.wiktionary.org/wiki/seedless,"CC BY-SA 4.0",2026-08-05,2026-08-14
seemingly,"一見したところ、上辺は。","Japanese Wiktionary",https://ja.wiktionary.org/wiki/seemingly,"CC BY-SA 4.0",2026-08-05,2026-08-14
seemly,"適当な / 上品な","Japanese Wiktionary",https://ja.wiktionary.org/wiki/seemly,"CC BY-SA 4.0",2026-08-05,2026-08-14
sei,"イワシクジラ。","Japanese Wiktionary",https://ja.wiktionary.org/wiki/sei,"CC BY-SA 4.0",2026-08-05,2026-08-14
seismic,"地震の / 地震による","Japanese Wiktionary",https://ja.wiktionary.org/wiki/seismic,"CC BY-SA 4.0",2026-08-05,2026-08-14
sekali,"もし〜だったら。 / 突然、不意に。","Japanese Wiktionary",https://ja.wiktionary.org/wiki/sekali,"CC BY-SA 4.0",2026-08-05,2026-08-14
seldom,"滅多に～しない","Japanese Wiktionary",https://ja.wiktionary.org/wiki/seldom,"CC BY-SA 4.0",2026-08-05,2026-08-14
selfing,"selfの動名詞又は現在分詞。 / 自殖。","Japanese Wiktionary",https://ja.wiktionary.org/wiki/selfing,"CC BY-SA 4.0",2026-08-05,2026-08-14
selfish,"利己的な。 / わがままな。","Japanese Wiktionary",https://ja.wiktionary.org/wiki/selfish,"CC BY-SA 4.0",2026-08-05,2026-08-14
selfishly,"利己的に","Japanese Wiktionary",https://ja.wiktionary.org/wiki/selfishly,"CC BY-SA 4.0",2026-08-05,2026-08-14
selfless,"無私の。無欲の。","Japanese Wiktionary",https://ja.wiktionary.org/wiki/selfless,"CC BY-SA 4.0",2026-08-05,2026-08-14
selflessly,"無私で。無欲で。","Japanese Wiktionary",https://ja.wiktionary.org/wiki/selflessly,"CC BY-SA 4.0",2026-08-05,2026-08-14
selfs,"""self"" の現在第三人称単数形。","Japanese Wiktionary",https://ja.wiktionary.org/wiki/selfs,"CC BY-SA 4.0",2026-08-05,2026-08-14
semantically,"意味的に。意味の上では。 / 意味論に関して。","Japanese Wiktionary",https://ja.wiktionary.org/wiki/semantically,"CC BY-SA 4.0",2026-08-05,2026-08-14
semiannual,"半年ごとの","Japanese Wiktionary",https://ja.wiktionary.org/wiki/semiannual,"CC BY-SA 4.0",2026-08-05,2026-08-14
semiannually,"半年ごとに。","Japanese Wiktionary",https://ja.wiktionary.org/wiki/semiannually,"CC BY-SA 4.0",2026-08-05,2026-08-14
semicircular,"半円の。半円形の。","Japanese Wiktionary",https://ja.wiktionary.org/wiki/semicircular,"CC BY-SA 4.0",2026-08-05,2026-08-14
sempre,"いつも、常に、絶えず。","Japanese Wiktionary",https://ja.wiktionary.org/wiki/sempre,"CC BY-SA 4.0",2026-08-05,2026-08-14
sencha,"煎茶。","Japanese Wiktionary",https://ja.wiktionary.org/wiki/sencha,"CC BY-SA 4.0",2026-08-05,2026-08-14
senseless,"意識を失った、感覚のない / 無意味な、無分別な、愚かな","Japanese Wiktionary",https://ja.wiktionary.org/wiki/senseless,"CC BY-SA 4.0",2026-08-05,2026-08-14
senselessly,"無意味に、無分別に、愚かに。","Japanese Wiktionary",https://ja.wiktionary.org/wiki/senselessly,"CC BY-SA 4.0",2026-08-05,2026-08-14
sentimental,"感傷的な、涙脆い。 / 感情的な、心情的な。","Japanese Wiktionary",https://ja.wiktionary.org/wiki/sentimental,"CC BY-SA 4.0",2026-08-05,2026-08-14
sentimentally,"感傷的に。","Japanese Wiktionary",https://ja.wiktionary.org/wiki/sentimentally,"CC BY-SA 4.0",2026-08-05,2026-08-14
separable,"切り離せる、分離できる、別個にされうる。 / 可分の。","Japanese Wiktionary",https://ja.wiktionary.org/wiki/separable,"CC BY-SA 4.0",2026-08-05,2026-08-14
separately,"離れて、分かれて / 別別に","Japanese Wiktionary",https://ja.wiktionary.org/wiki/separately,"CC BY-SA 4.0",2026-08-05,2026-08-14
septic,"敗血症の。 / 敗血性の。腐敗性の。 / （浄化槽を用いた）下水設備の。 / 腐敗物。 / 浄化槽。セプティックタンク。 / 七次式。 / 七次の。七次式。 / アメリカ人。","Japanese Wiktionary",https://ja.wiktionary.org/wiki/septic,"CC BY-SA 4.0",2026-08-05,2026-08-14
sera,"serumの複数形。","Japanese Wiktionary",https://ja.wiktionary.org/wiki/sera,"CC BY-SA 4.0",2026-08-05,2026-08-14
serena,"sereneの廃用。","Japanese Wiktionary",https://ja.wiktionary.org/wiki/serena,"CC BY-SA 4.0",2026-08-05,2026-08-14
serene,"静かな、穏やかな。 / 落ち着いた、平穏な。 / 晴れた、澄み切った。 / 静かにする、穏やかにする。 / 静けさ、平穏。 / 日没後の晴れ渡った空からの小糠雨。","Japanese Wiktionary",https://ja.wiktionary.org/wiki/serene,"CC BY-SA 4.0",2026-08-05,2026-08-14
serenely,"穏やかに、落ち着いて。","Japanese Wiktionary",https://ja.wiktionary.org/wiki/serenely,"CC BY-SA 4.0",2026-08-05,2026-08-14
serious,"重大な。深刻な。 / まじめな。真剣な。 / (本などの内容が) 堅い。 / 大量の。","Japanese Wiktionary",https://ja.wiktionary.org/wiki/serious,"CC BY-SA 4.0",2026-08-05,2026-08-14
seriously,"まじめに、真剣に。 / 重大に。 / 冗談は抜きにして。","Japanese Wiktionary",https://ja.wiktionary.org/wiki/seriously,"CC BY-SA 4.0",2026-08-05,2026-08-14
serviceable,"使える。役にたつ。 / 丈夫な。長持ちする。","Japanese Wiktionary",https://ja.wiktionary.org/wiki/serviceable,"CC BY-SA 4.0",2026-08-05,2026-08-14
servicemember,"軍人。","Japanese Wiktionary",https://ja.wiktionary.org/wiki/servicemember,"CC BY-SA 4.0",2026-08-05,2026-08-14
servicemembers,"servicememberの複数形。","Japanese Wiktionary",https://ja.wiktionary.org/wiki/servicemembers,"CC BY-SA 4.0",2026-08-05,2026-08-14
sevenfold,"七重の、七倍の / 七倍に","Japanese Wiktionary",https://ja.wiktionary.org/wiki/sevenfold,"CC BY-SA 4.0",2026-08-05,2026-08-14
several,"幾つかの、数個の、数人の。複数の。(多数ではないが、一つではないことを表す) / 数個のもの。数人の人。 / 各自の、銘々の。 / 様々な。 / めいめいで（severally）。 / 私有地。 / 個々のもの。","Japanese Wiktionary",https://ja.wiktionary.org/wiki/several,"CC BY-SA 4.0",2026-08-05,2026-08-14
severely,"厳しく、深刻に。 / 地味に、簡素に。","Japanese Wiktionary",https://ja.wiktionary.org/wiki/severely,"CC BY-SA 4.0",2026-08-05,2026-08-14
sexe,"sexの廃用。","Japanese Wiktionary",https://ja.wiktionary.org/wiki/sexe,"CC BY-SA 4.0",2026-08-05,2026-08-14
sexily,"セクシーに。色っぽく。","Japanese Wiktionary",https://ja.wiktionary.org/wiki/sexily,"CC BY-SA 4.0",2026-08-05,2026-08-14
sexology,"性科学。","Japanese Wiktionary",https://ja.wiktionary.org/wiki/sexology,"CC BY-SA 4.0",2026-08-05,2026-08-14
sexual,"性の、性別の。 / 性的な。 / 有性の。","Japanese Wiktionary",https://ja.wiktionary.org/wiki/sexual,"CC BY-SA 4.0",2026-08-05,2026-08-14
sexually,"性的に。 / 性交によって。","Japanese Wiktionary",https://ja.wiktionary.org/wiki/sexually,"CC BY-SA 4.0",2026-08-05,2026-08-14
shadowplay,"shadow playの異綴。","Japanese Wiktionary",https://ja.wiktionary.org/wiki/shadowplay,"CC BY-SA 4.0",2026-08-05,2026-08-14
shakily,"震えて。揺れて。よろよろして。","Japanese Wiktionary",https://ja.wiktionary.org/wiki/shakily,"CC BY-SA 4.0",2026-08-05,2026-08-14
shakuhachi,"尺八。","Japanese Wiktionary",https://ja.wiktionary.org/wiki/shakuhachi,"CC BY-SA 4.0",2026-08-05,2026-08-14
shalt,"shall の二人称単数現在形。主語が thou のときに用いられる。","Japanese Wiktionary",https://ja.wiktionary.org/wiki/shalt,"CC BY-SA 4.0",2026-08-05,2026-08-14
shamefaced,"内気な / 恥ずかしそうな","Japanese Wiktionary",https://ja.wiktionary.org/wiki/shamefaced,"CC BY-SA 4.0",2026-08-05,2026-08-14
shameful,"恥ずべき。醜い。","Japanese Wiktionary",https://ja.wiktionary.org/wiki/shameful,"CC BY-SA 4.0",2026-08-05,2026-08-14
shamefully,"恥ずかしくも","Japanese Wiktionary",https://ja.wiktionary.org/wiki/shamefully,"CC BY-SA 4.0",2026-08-05,2026-08-14
shameless,"恥知らずの / 厚かましい","Japanese Wiktionary",https://ja.wiktionary.org/wiki/shameless,"CC BY-SA 4.0",2026-08-05,2026-08-14
shamelessly,"厚かましく。","Japanese Wiktionary",https://ja.wiktionary.org/wiki/shamelessly,"CC BY-SA 4.0",2026-08-05,2026-08-14
shapeless,"無形の、形の無い。 / 不格好な。","Japanese Wiktionary",https://ja.wiktionary.org/wiki/shapeless,"CC BY-SA 4.0",2026-08-05,2026-08-14
sharply,"鋭く、鋭敏に。","Japanese Wiktionary",https://ja.wiktionary.org/wiki/sharply,"CC BY-SA 4.0",2026-08-05,2026-08-14
sheepish,"おどおどした","Japanese Wiktionary",https://ja.wiktionary.org/wiki/sheepish,"CC BY-SA 4.0",2026-08-05,2026-08-14
sheepishly,"おどおどして","Japanese Wiktionary",https://ja.wiktionary.org/wiki/sheepishly,"CC BY-SA 4.0",2026-08-05,2026-08-14
sheva,"shvaの異形。","Japanese Wiktionary",https://ja.wiktionary.org/wiki/sheva,"CC BY-SA 4.0",2026-08-05,2026-08-14
shinkansen,"新幹線。 / 弾丸列車。","Japanese Wiktionary",https://ja.wiktionary.org/wiki/shinkansen,"CC BY-SA 4.0",2026-08-05,2026-08-14
shipshape,"整然として","Japanese Wiktionary",https://ja.wiktionary.org/wiki/shipshape,"CC BY-SA 4.0",2026-08-05,2026-08-14
shirted,"""shirt"" の過去形・過去分詞。","Japanese Wiktionary",https://ja.wiktionary.org/wiki/shirted,"CC BY-SA 4.0",2026-08-05,2026-08-14
shochu,"焼酎。","Japanese Wiktionary",https://ja.wiktionary.org/wiki/shochu,"CC BY-SA 4.0",2026-08-05,2026-08-14
shoed,"shoeの過去形・過去分詞。","Japanese Wiktionary",https://ja.wiktionary.org/wiki/shoed,"CC BY-SA 4.0",2026-08-05,2026-08-14
shoeless,"裸足の。","Japanese Wiktionary",https://ja.wiktionary.org/wiki/shoeless,"CC BY-SA 4.0",2026-08-05,2026-08-14
shortchanging,"""shortchange"" の動名詞形又は現在分詞形。","Japanese Wiktionary",https://ja.wiktionary.org/wiki/shortchanging,"CC BY-SA 4.0",2026-08-05,2026-08-14
shortly,"簡単に / すぐに / 無愛想に","Japanese Wiktionary",https://ja.wiktionary.org/wiki/shortly,"CC BY-SA 4.0",2026-08-05,2026-08-14
should,"（時制の一致）shallの過去形 / （義務、当然）～すべき / （高い蓋然性）～するはずだ / （仮定法で可能性）万一～ならば（cf. were to） / （倒置法でIf/in case ofと同意義）もし","Japanese Wiktionary",https://ja.wiktionary.org/wiki/should,"CC BY-SA 4.0",2026-08-05,2026-08-14
shouldst,"shall の二人称単数過去形。主語が thou の時に用いられる。","Japanese Wiktionary",https://ja.wiktionary.org/wiki/shouldst,"CC BY-SA 4.0",2026-08-05,2026-08-14
shoveled,"shovelの過去形又は過去分詞形。","Japanese Wiktionary",https://ja.wiktionary.org/wiki/shoveled,"CC BY-SA 4.0",2026-08-05,2026-08-14
shoveling,"shovelの動名詞又は現在分詞形。 / shovellingの別形。","Japanese Wiktionary",https://ja.wiktionary.org/wiki/shoveling,"CC BY-SA 4.0",2026-08-05,2026-08-14
showery,"にわかあめの","Japanese Wiktionary",https://ja.wiktionary.org/wiki/showery,"CC BY-SA 4.0",2026-08-05,2026-08-14
shrewdly,"利口に。鋭く。抜け目なく。","Japanese Wiktionary",https://ja.wiktionary.org/wiki/shrewdly,"CC BY-SA 4.0",2026-08-05,2026-08-14
shriveled,"皺が寄った。 / shrivelの過去形・過去分詞。","Japanese Wiktionary",https://ja.wiktionary.org/wiki/shriveled,"CC BY-SA 4.0",2026-08-05,2026-08-14
shriveling,"shrivelの現在分詞。 / 萎びること。皺が寄ること。","Japanese Wiktionary",https://ja.wiktionary.org/wiki/shriveling,"CC BY-SA 4.0",2026-08-05,2026-08-14
shva,"シェバー。","Japanese Wiktionary",https://ja.wiktionary.org/wiki/shva,"CC BY-SA 4.0",2026-08-05,2026-08-14
sidelong,"横の、斜めの。 / 間接的な、遠回しの。 / 横へ、斜めに。","Japanese Wiktionary",https://ja.wiktionary.org/wiki/sidelong,"CC BY-SA 4.0",2026-08-05,2026-08-14
sideway,"脇道、横道。 / 横の、斜めの。 / 横へ、斜めに。","Japanese Wiktionary",https://ja.wiktionary.org/wiki/sideway,"CC BY-SA 4.0",2026-08-05,2026-08-14
sideways,"sidewayの複数形。 / 横への、側面の、斜めの。 / 遠回しの。 / 横に、側面に、斜めに。","Japanese Wiktionary",https://ja.wiktionary.org/wiki/sideways,"CC BY-SA 4.0",2026-08-05,2026-08-14
sightly,"見栄えの良い。 / 見晴らしの良い。展望の利く。","Japanese Wiktionary",https://ja.wiktionary.org/wiki/sightly,"CC BY-SA 4.0",2026-08-05,2026-08-14
signally,"著しく。","Japanese Wiktionary",https://ja.wiktionary.org/wiki/signally,"CC BY-SA 4.0",2026-08-05,2026-08-14
significant,"有意義な、意味深長な / 無視できない、重要な、肝腎な / 顕著な、かなりの","Japanese Wiktionary",https://ja.wiktionary.org/wiki/significant,"CC BY-SA 4.0",2026-08-05,2026-08-14
significantly,"意味ありげに / 有意に / 大いに、著しく、かなり","Japanese Wiktionary",https://ja.wiktionary.org/wiki/significantly,"CC BY-SA 4.0",2026-08-05,2026-08-14
signup,"（署名による）加入、契約。","Japanese Wiktionary",https://ja.wiktionary.org/wiki/signup,"CC BY-SA 4.0",2026-08-05,2026-08-14
signups,"signupの複数形。","Japanese Wiktionary",https://ja.wiktionary.org/wiki/signups,"CC BY-SA 4.0",2026-08-05,2026-08-14
silent,"静かな、音がしない、耳に聞こえない。 / 静かな。黙っている、無口な、無言の。 / 黙字の、発声されない。声や音に出されない。 / 物言わぬ、意思を表示しない。 / 安静にして。 / 効果のない。 / 発声・発音機能のない。 / 黙っていて目立たない。 / 音を発しないもの、静寂のとき。 / 無声映画。","Japanese Wiktionary",https://ja.wiktionary.org/wiki/silent,"CC BY-SA 4.0",2026-08-05,2026-08-14
silently,"静かに、黙って、音を立てずに。","Japanese Wiktionary",https://ja.wiktionary.org/wiki/silently,"CC BY-SA 4.0",2026-08-05,2026-08-14
siliceous,"シリカの。シリカを含む。","Japanese Wiktionary",https://ja.wiktionary.org/wiki/siliceous,"CC BY-SA 4.0",2026-08-05,2026-08-14
silken,"絹の、絹製の。 / 絹織物のような。 / なめらかな、よどみない。 / 絹織物を着た。 / 絹織物又は絹織物用のものを織る。","Japanese Wiktionary",https://ja.wiktionary.org/wiki/silken,"CC BY-SA 4.0",2026-08-05,2026-08-14
silvery,"銀のような、銀色の / （音色が）澄んだ","Japanese Wiktionary",https://ja.wiktionary.org/wiki/silvery,"CC BY-SA 4.0",2026-08-05,2026-08-14
similar,"似ている。同質の。 / 相似の。 / 相似物。","Japanese Wiktionary",https://ja.wiktionary.org/wiki/similar,"CC BY-SA 4.0",2026-08-05,2026-08-14
similarly,"同様に、類似して。","Japanese Wiktionary",https://ja.wiktionary.org/wiki/similarly,"CC BY-SA 4.0",2026-08-05,2026-08-14
simples,"""simple"" の複数形。 / ""simple"" の現在第三人称単数形。","Japanese Wiktionary",https://ja.wiktionary.org/wiki/simples,"CC BY-SA 4.0",2026-08-05,2026-08-14
simplifier,"単純化する人。","Japanese Wiktionary",https://ja.wiktionary.org/wiki/simplifier,"CC BY-SA 4.0",2026-08-05,2026-08-14
simply,"単純に。 / 明快に、飾ることなく。 / あさはかに、熟慮することなく。 / 単に。 / 絶対的に、積極的に。 / 率直に。","Japanese Wiktionary",https://ja.wiktionary.org/wiki/simply,"CC BY-SA 4.0",2026-08-05,2026-08-14
simultaneous,"同時の。","Japanese Wiktionary",https://ja.wiktionary.org/wiki/simultaneous,"CC BY-SA 4.0",2026-08-05,2026-08-14
simultaneously,"同時に、一斉に","Japanese Wiktionary",https://ja.wiktionary.org/wiki/simultaneously,"CC BY-SA 4.0",2026-08-05,2026-08-14
since,"（時間、完了表現に頻用される）それ以来、それから。 / （時間、完了表現に頻用される）～以来、～から。 / （看板のロゴなどで）～創立、～創業。およそ100年以上経過し現在も続く組織に用いる。 / （理由）なぜならば、～だから。理由には、聞き手も知っていると思われる情報が用いられる。理由に新情報を提示するbecauseと対照的。","Japanese Wiktionary",https://ja.wiktionary.org/wiki/since,"CC BY-SA 4.0",2026-08-05,2026-08-14
sincerely,"誠実に、正直に。 / 敬具。","Japanese Wiktionary",https://ja.wiktionary.org/wiki/sincerely,"CC BY-SA 4.0",2026-08-05,2026-08-14
sinful,"罪深い、邪悪な。 / 罰当たりの。","Japanese Wiktionary",https://ja.wiktionary.org/wiki/sinful,"CC BY-SA 4.0",2026-08-05,2026-08-14
sinfully,"罪深く。","Japanese Wiktionary",https://ja.wiktionary.org/wiki/sinfully,"CC BY-SA 4.0",2026-08-05,2026-08-14
singable,"歌える。歌いやすい。","Japanese Wiktionary",https://ja.wiktionary.org/wiki/singable,"CC BY-SA 4.0",2026-08-05,2026-08-14
singularly,"奇妙に。 / 著しく、目立って。 / 単独で。","Japanese Wiktionary",https://ja.wiktionary.org/wiki/singularly,"CC BY-SA 4.0",2026-08-05,2026-08-14
sinh,"シン。","Japanese Wiktionary",https://ja.wiktionary.org/wiki/sinh,"CC BY-SA 4.0",2026-08-05,2026-08-14
sinusitis,"副鼻腔炎。","Japanese Wiktionary",https://ja.wiktionary.org/wiki/sinusitis,"CC BY-SA 4.0",2026-08-05,2026-08-14
sipes,"sipeの複数形。","Japanese Wiktionary",https://ja.wiktionary.org/wiki/sipes,"CC BY-SA 4.0",2026-08-05,2026-08-14
sisterly,"姉妹の、姉妹のような。 / 姉妹のように。","Japanese Wiktionary",https://ja.wiktionary.org/wiki/sisterly,"CC BY-SA 4.0",2026-08-05,2026-08-14
situational,"状況の、場面の。","Japanese Wiktionary",https://ja.wiktionary.org/wiki/situational,"CC BY-SA 4.0",2026-08-05,2026-08-14
situps,"situpの複数形。","Japanese Wiktionary",https://ja.wiktionary.org/wiki/situps,"CC BY-SA 4.0",2026-08-05,2026-08-14
sizable,"（量が）かなり大きな。たくさんの。","Japanese Wiktionary",https://ja.wiktionary.org/wiki/sizable,"CC BY-SA 4.0",2026-08-05,2026-08-14
sizeable,"（量が）かなり大きな。たくさんの。","Japanese Wiktionary",https://ja.wiktionary.org/wiki/sizeable,"CC BY-SA 4.0",2026-08-05,2026-08-14
skee,"ski の廃用。","Japanese Wiktionary",https://ja.wiktionary.org/wiki/skee,"CC BY-SA 4.0",2026-08-05,2026-08-14
skeptical,"疑っている。懐疑的な。","Japanese Wiktionary",https://ja.wiktionary.org/wiki/skeptical,"CC BY-SA 4.0",2026-08-05,2026-08-14
skilful,"熟練した。巧みな。","Japanese Wiktionary",https://ja.wiktionary.org/wiki/skilful,"CC BY-SA 4.0",2026-08-05,2026-08-14
skilfully,"巧みに。上手に。","Japanese Wiktionary",https://ja.wiktionary.org/wiki/skilfully,"CC BY-SA 4.0",2026-08-05,2026-08-14
skillful,"熟練した。巧みな。腕のいい。見事な。","Japanese Wiktionary",https://ja.wiktionary.org/wiki/skillful,"CC BY-SA 4.0",2026-08-05,2026-08-14
skillfully,"巧みに。上手に。","Japanese Wiktionary",https://ja.wiktionary.org/wiki/skillfully,"CC BY-SA 4.0",2026-08-05,2026-08-14
skilling,"""skill"" の動名詞又は現在分詞。","Japanese Wiktionary",https://ja.wiktionary.org/wiki/skilling,"CC BY-SA 4.0",2026-08-05,2026-08-14
skoal,"乾杯。","Japanese Wiktionary",https://ja.wiktionary.org/wiki/skoal,"CC BY-SA 4.0",2026-08-05,2026-08-14
slanderous,"中傷する、名誉棄損の","Japanese Wiktionary",https://ja.wiktionary.org/wiki/slanderous,"CC BY-SA 4.0",2026-08-05,2026-08-14
slavish,"奴隷の。奴隷的な。 / 奴隷根性の。隷従的な。卑屈な。 / 猿真似の。独創性のない。","Japanese Wiktionary",https://ja.wiktionary.org/wiki/slavish,"CC BY-SA 4.0",2026-08-05,2026-08-14
slavishly,"卑屈に。 / 猿真似で。独創性を欠いて。","Japanese Wiktionary",https://ja.wiktionary.org/wiki/slavishly,"CC BY-SA 4.0",2026-08-05,2026-08-14
slayed,"slayの過去形・過去分詞。","Japanese Wiktionary",https://ja.wiktionary.org/wiki/slayed,"CC BY-SA 4.0",2026-08-05,2026-08-14
sleepless,"眠れない / 油断のない","Japanese Wiktionary",https://ja.wiktionary.org/wiki/sleepless,"CC BY-SA 4.0",2026-08-05,2026-08-14
slightly,"少し、僅かに。 / ほっそりと、華奢に、脆く。","Japanese Wiktionary",https://ja.wiktionary.org/wiki/slightly,"CC BY-SA 4.0",2026-08-05,2026-08-14
slippery,"よく滑る、滑りやすい。 / 当てにならない、信用ならない。 / 不安定な。","Japanese Wiktionary",https://ja.wiktionary.org/wiki/slippery,"CC BY-SA 4.0",2026-08-05,2026-08-14
slithery,"つるつるした、滑りやすい。","Japanese Wiktionary",https://ja.wiktionary.org/wiki/slithery,"CC BY-SA 4.0",2026-08-05,2026-08-14
sloboda,"ロシアやベラルーシ、ウクライナの集落の一種。スロボダ。","Japanese Wiktionary",https://ja.wiktionary.org/wiki/sloboda,"CC BY-SA 4.0",2026-08-05,2026-08-14
sloot,"溝。","Japanese Wiktionary",https://ja.wiktionary.org/wiki/sloot,"CC BY-SA 4.0",2026-08-05,2026-08-14
sloppily,"だらしなく。いい加減に。 / 感傷的に。","Japanese Wiktionary",https://ja.wiktionary.org/wiki/sloppily,"CC BY-SA 4.0",2026-08-05,2026-08-14
slothful,"怠惰な、無精な","Japanese Wiktionary",https://ja.wiktionary.org/wiki/slothful,"CC BY-SA 4.0",2026-08-05,2026-08-14
slowly,"遅く / ゆっくりと","Japanese Wiktionary",https://ja.wiktionary.org/wiki/slowly,"CC BY-SA 4.0",2026-08-05,2026-08-14
sluggish,"怠けた。怠惰な。 / 遅い。鈍い。ゆっくりした。 / 活気の無い。不活発な。 / 不景気の。","Japanese Wiktionary",https://ja.wiktionary.org/wiki/sluggish,"CC BY-SA 4.0",2026-08-05,2026-08-14
sluggishly,"鈍く。緩慢に。不活発に。","Japanese Wiktionary",https://ja.wiktionary.org/wiki/sluggishly,"CC BY-SA 4.0",2026-08-05,2026-08-14
slyly,"狡く、陰険に。 / 意味ありげに。","Japanese Wiktionary",https://ja.wiktionary.org/wiki/slyly,"CC BY-SA 4.0",2026-08-05,2026-08-14
smaragd,"エメラルド。","Japanese Wiktionary",https://ja.wiktionary.org/wiki/smaragd,"CC BY-SA 4.0",2026-08-05,2026-08-14
smartly,"賢く。 / 素早く。","Japanese Wiktionary",https://ja.wiktionary.org/wiki/smartly,"CC BY-SA 4.0",2026-08-05,2026-08-14
smartphone,"スマートフォン。","Japanese Wiktionary",https://ja.wiktionary.org/wiki/smartphone,"CC BY-SA 4.0",2026-08-05,2026-08-14
smartphones,"smartphoneの複数形。","Japanese Wiktionary",https://ja.wiktionary.org/wiki/smartphones,"CC BY-SA 4.0",2026-08-05,2026-08-14
smoldered,"smolderの過去形・過去分詞。","Japanese Wiktionary",https://ja.wiktionary.org/wiki/smoldered,"CC BY-SA 4.0",2026-08-05,2026-08-14
smoldering,"smolderの現在分詞。 / smoulderingの異形。","Japanese Wiktionary",https://ja.wiktionary.org/wiki/smoldering,"CC BY-SA 4.0",2026-08-05,2026-08-14
smoothly,"滑らかに、円滑に。","Japanese Wiktionary",https://ja.wiktionary.org/wiki/smoothly,"CC BY-SA 4.0",2026-08-05,2026-08-14
smugly,"自惚れて。","Japanese Wiktionary",https://ja.wiktionary.org/wiki/smugly,"CC BY-SA 4.0",2026-08-05,2026-08-14
sneakily,"逃げ足早く。 / いんちきで、いかさまで。","Japanese Wiktionary",https://ja.wiktionary.org/wiki/sneakily,"CC BY-SA 4.0",2026-08-05,2026-08-14
snouted,"snoutの過去形・過去分詞。","Japanese Wiktionary",https://ja.wiktionary.org/wiki/snouted,"CC BY-SA 4.0",2026-08-05,2026-08-14
snowblower,"（米）除雪機","Japanese Wiktionary",https://ja.wiktionary.org/wiki/snowblower,"CC BY-SA 4.0",2026-08-05,2026-08-14
snowdome,"スノーグローブ、スノードーム。","Japanese Wiktionary",https://ja.wiktionary.org/wiki/snowdome,"CC BY-SA 4.0",2026-08-05,2026-08-14
snowglobe,"snow globeの異綴。","Japanese Wiktionary",https://ja.wiktionary.org/wiki/snowglobe,"CC BY-SA 4.0",2026-08-05,2026-08-14
snowglobes,"snowglobeの複数形。","Japanese Wiktionary",https://ja.wiktionary.org/wiki/snowglobes,"CC BY-SA 4.0",2026-08-05,2026-08-14
snuck,"sneakの過去形・過去分詞。","Japanese Wiktionary",https://ja.wiktionary.org/wiki/snuck,"CC BY-SA 4.0",2026-08-05,2026-08-14
soba,"蕎麦。","Japanese Wiktionary",https://ja.wiktionary.org/wiki/soba,"CC BY-SA 4.0",2026-08-05,2026-08-14
socie,"socialistの指小辞。","Japanese Wiktionary",https://ja.wiktionary.org/wiki/socie,"CC BY-SA 4.0",2026-08-05,2026-08-14
societal,"社会全体の。社会全体に亘る。","Japanese Wiktionary",https://ja.wiktionary.org/wiki/societal,"CC BY-SA 4.0",2026-08-05,2026-08-14
soever,"どんな〜でも。どんなに〜でも。","Japanese Wiktionary",https://ja.wiktionary.org/wiki/soever,"CC BY-SA 4.0",2026-08-05,2026-08-14
softly,"柔らかく、優しく。 / （声が）穏やかに、物静かにに。","Japanese Wiktionary",https://ja.wiktionary.org/wiki/softly,"CC BY-SA 4.0",2026-08-05,2026-08-14
soi,"ソイ","Japanese Wiktionary",https://ja.wiktionary.org/wiki/soi,"CC BY-SA 4.0",2026-08-05,2026-08-14
solar,"太陽の。","Japanese Wiktionary",https://ja.wiktionary.org/wiki/solar,"CC BY-SA 4.0",2026-08-05,2026-08-14
soldierly,"軍人らしい、勇ましい","Japanese Wiktionary",https://ja.wiktionary.org/wiki/soldierly,"CC BY-SA 4.0",2026-08-05,2026-08-14
solei,"""soleus"" の複数形","Japanese Wiktionary",https://ja.wiktionary.org/wiki/solei,"CC BY-SA 4.0",2026-08-05,2026-08-14
solely,"単独で。 / ただ、単に、専ら。","Japanese Wiktionary",https://ja.wiktionary.org/wiki/solely,"CC BY-SA 4.0",2026-08-05,2026-08-14
solemn,"宗教上の、神聖な。 / 儀式ばった。 / 厳粛な、厳かな、荘厳な。 / まじめな、真剣な。 / 陰気な。","Japanese Wiktionary",https://ja.wiktionary.org/wiki/solemn,"CC BY-SA 4.0",2026-08-05,2026-08-14
solemnly,"厳粛に、厳かに、深刻に。","Japanese Wiktionary",https://ja.wiktionary.org/wiki/solemnly,"CC BY-SA 4.0",2026-08-05,2026-08-14
soler,"屋根裏","Japanese Wiktionary",https://ja.wiktionary.org/wiki/soler,"CC BY-SA 4.0",2026-08-05,2026-08-14
solicitous,"気遣った。 / 切望した。","Japanese Wiktionary",https://ja.wiktionary.org/wiki/solicitous,"CC BY-SA 4.0",2026-08-05,2026-08-14
solidary,"連帯の。","Japanese Wiktionary",https://ja.wiktionary.org/wiki/solidary,"CC BY-SA 4.0",2026-08-05,2026-08-14
solvable,"解ける。解決できる。（問題や構図を）割り切れる。","Japanese Wiktionary",https://ja.wiktionary.org/wiki/solvable,"CC BY-SA 4.0",2026-08-05,2026-08-14
somebodys,"somebodyの複数形。","Japanese Wiktionary",https://ja.wiktionary.org/wiki/somebodys,"CC BY-SA 4.0",2026-08-05,2026-08-14
somehow,"どうにかして、何とかして。","Japanese Wiktionary",https://ja.wiktionary.org/wiki/somehow,"CC BY-SA 4.0",2026-08-05,2026-08-14
somer,"夏。","Japanese Wiktionary",https://ja.wiktionary.org/wiki/somer,"CC BY-SA 4.0",2026-08-05,2026-08-14
sometime,"ある時。いつか。 / 時時。 / 以前は。かつては。 / 以前の。かつての。 / 一時的な。","Japanese Wiktionary",https://ja.wiktionary.org/wiki/sometime,"CC BY-SA 4.0",2026-08-05,2026-08-14
sometimes,"時々、時には。","Japanese Wiktionary",https://ja.wiktionary.org/wiki/sometimes,"CC BY-SA 4.0",2026-08-05,2026-08-14
somewhat,"ある程度。 / 何か","Japanese Wiktionary",https://ja.wiktionary.org/wiki/somewhat,"CC BY-SA 4.0",2026-08-05,2026-08-14
somnolent,"眠い。うとうとしている。","Japanese Wiktionary",https://ja.wiktionary.org/wiki/somnolent,"CC BY-SA 4.0",2026-08-05,2026-08-14
sonate,"音を立てる。","Japanese Wiktionary",https://ja.wiktionary.org/wiki/sonate,"CC BY-SA 4.0",2026-08-05,2026-08-14
sonates,"sonateの直説法現在第三人称単数形。","Japanese Wiktionary",https://ja.wiktionary.org/wiki/sonates,"CC BY-SA 4.0",2026-08-05,2026-08-14
soothingly,"宥めるように。","Japanese Wiktionary",https://ja.wiktionary.org/wiki/soothingly,"CC BY-SA 4.0",2026-08-05,2026-08-14
soprani,"sopranoの複数形。","Japanese Wiktionary",https://ja.wiktionary.org/wiki/soprani,"CC BY-SA 4.0",2026-08-05,2026-08-14
sorely,"とても、非常に","Japanese Wiktionary",https://ja.wiktionary.org/wiki/sorely,"CC BY-SA 4.0",2026-08-05,2026-08-14
sorrowful,"悲しんでいる / 痛ましい","Japanese Wiktionary",https://ja.wiktionary.org/wiki/sorrowful,"CC BY-SA 4.0",2026-08-05,2026-08-14
sorrowfully,"悲しげに。悲しそうに。","Japanese Wiktionary",https://ja.wiktionary.org/wiki/sorrowfully,"CC BY-SA 4.0",2026-08-05,2026-08-14
sourly,"酸っぱく。 / 不機嫌に。","Japanese Wiktionary",https://ja.wiktionary.org/wiki/sourly,"CC BY-SA 4.0",2026-08-05,2026-08-14
southeasterly,"南東への / （風向き）南東の","Japanese Wiktionary",https://ja.wiktionary.org/wiki/southeasterly,"CC BY-SA 4.0",2026-08-05,2026-08-14
southeastern,"南東の / 南東への / 南東からの","Japanese Wiktionary",https://ja.wiktionary.org/wiki/southeastern,"CC BY-SA 4.0",2026-08-05,2026-08-14
southern,"南の / 南方の / 南への / 南からの","Japanese Wiktionary",https://ja.wiktionary.org/wiki/southern,"CC BY-SA 4.0",2026-08-05,2026-08-14
southernmost,"最南の。","Japanese Wiktionary",https://ja.wiktionary.org/wiki/southernmost,"CC BY-SA 4.0",2026-08-05,2026-08-14
southwesterly,"南西への / （風向き）南西の","Japanese Wiktionary",https://ja.wiktionary.org/wiki/southwesterly,"CC BY-SA 4.0",2026-08-05,2026-08-14
spacetime,"時空。","Japanese Wiktionary",https://ja.wiktionary.org/wiki/spacetime,"CC BY-SA 4.0",2026-08-05,2026-08-14
spacetimes,"spacetimeの複数形。","Japanese Wiktionary",https://ja.wiktionary.org/wiki/spacetimes,"CC BY-SA 4.0",2026-08-05,2026-08-14
spacious,"広広とした、ゆったりとした。 / 広範な。","Japanese Wiktionary",https://ja.wiktionary.org/wiki/spacious,"CC BY-SA 4.0",2026-08-05,2026-08-14
spamming,"""spam"" の動名詞又は現在分詞。","Japanese Wiktionary",https://ja.wiktionary.org/wiki/spamming,"CC BY-SA 4.0",2026-08-05,2026-08-14
spams,"""spam"" の複数形。 / ""spam"" の現在第三人称単数形。","Japanese Wiktionary",https://ja.wiktionary.org/wiki/spams,"CC BY-SA 4.0",2026-08-05,2026-08-14
sparingly,"節約して、控え目に","Japanese Wiktionary",https://ja.wiktionary.org/wiki/sparingly,"CC BY-SA 4.0",2026-08-05,2026-08-14
sparsely,"疎らに、薄く","Japanese Wiktionary",https://ja.wiktionary.org/wiki/sparsely,"CC BY-SA 4.0",2026-08-05,2026-08-14
speaketh,"（古語）""speak"" の現在第三人称単数形。","Japanese Wiktionary",https://ja.wiktionary.org/wiki/speaketh,"CC BY-SA 4.0",2026-08-05,2026-08-14
specially,"特別に / 格段に","Japanese Wiktionary",https://ja.wiktionary.org/wiki/specially,"CC BY-SA 4.0",2026-08-05,2026-08-14
specifically,"特に、とりわけ。 / 具体的に、はっきりと、明確に。","Japanese Wiktionary",https://ja.wiktionary.org/wiki/specifically,"CC BY-SA 4.0",2026-08-05,2026-08-14
spectacularly,"素晴らしく / 壮大な","Japanese Wiktionary",https://ja.wiktionary.org/wiki/spectacularly,"CC BY-SA 4.0",2026-08-05,2026-08-14
spectral,"幽霊の、幽霊に関する。 / 幽霊のような、実体のない。 / スペクトルの、スペクトルに関する。","Japanese Wiktionary",https://ja.wiktionary.org/wiki/spectral,"CC BY-SA 4.0",2026-08-05,2026-08-14
speculums,"speculumの複数形","Japanese Wiktionary",https://ja.wiktionary.org/wiki/speculums,"CC BY-SA 4.0",2026-08-05,2026-08-14
speedily,"速く、速やかに","Japanese Wiktionary",https://ja.wiktionary.org/wiki/speedily,"CC BY-SA 4.0",2026-08-05,2026-08-14
spherical,"球状の、球形の。","Japanese Wiktionary",https://ja.wiktionary.org/wiki/spherical,"CC BY-SA 4.0",2026-08-05,2026-08-14
spidery,"蜘蛛のような。 / （文字などが）細長い。","Japanese Wiktionary",https://ja.wiktionary.org/wiki/spidery,"CC BY-SA 4.0",2026-08-05,2026-08-14
spiraled,"spiralの過去形・過去分詞。","Japanese Wiktionary",https://ja.wiktionary.org/wiki/spiraled,"CC BY-SA 4.0",2026-08-05,2026-08-14
spired,"""spire"" の過去形・過去分詞。","Japanese Wiktionary",https://ja.wiktionary.org/wiki/spired,"CC BY-SA 4.0",2026-08-05,2026-08-14
spiritless,"元気のない。活気のない。無気力な。萎れた。","Japanese Wiktionary",https://ja.wiktionary.org/wiki/spiritless,"CC BY-SA 4.0",2026-08-05,2026-08-14
spiritually,"精神的に。","Japanese Wiktionary",https://ja.wiktionary.org/wiki/spiritually,"CC BY-SA 4.0",2026-08-05,2026-08-14
spital,"病院。","Japanese Wiktionary",https://ja.wiktionary.org/wiki/spital,"CC BY-SA 4.0",2026-08-05,2026-08-14
spiteful,"悪意のある。 / 意地の悪い。 / 頑固な。","Japanese Wiktionary",https://ja.wiktionary.org/wiki/spiteful,"CC BY-SA 4.0",2026-08-05,2026-08-14
splendid,"華麗な、豪華な。 / 立派な、輝かしい。 / 素敵な。","Japanese Wiktionary",https://ja.wiktionary.org/wiki/splendid,"CC BY-SA 4.0",2026-08-05,2026-08-14
splendidly,"華麗に。立派に。","Japanese Wiktionary",https://ja.wiktionary.org/wiki/splendidly,"CC BY-SA 4.0",2026-08-05,2026-08-14
spokespeople,"spokespersonの複数形。","Japanese Wiktionary",https://ja.wiktionary.org/wiki/spokespeople,"CC BY-SA 4.0",2026-08-05,2026-08-14
spondylitis,"脊椎炎。","Japanese Wiktionary",https://ja.wiktionary.org/wiki/spondylitis,"CC BY-SA 4.0",2026-08-05,2026-08-14
sporadic,"散発的な、時折の。 / 散在する、まばらな。","Japanese Wiktionary",https://ja.wiktionary.org/wiki/sporadic,"CC BY-SA 4.0",2026-08-05,2026-08-14
sporadically,"時時、たまに、まばらに。","Japanese Wiktionary",https://ja.wiktionary.org/wiki/sporadically,"CC BY-SA 4.0",2026-08-05,2026-08-14
spreadable,"広げられる。塗り広げられる。","Japanese Wiktionary",https://ja.wiktionary.org/wiki/spreadable,"CC BY-SA 4.0",2026-08-05,2026-08-14
springwater,"湧き水。湧水。","Japanese Wiktionary",https://ja.wiktionary.org/wiki/springwater,"CC BY-SA 4.0",2026-08-05,2026-08-14
spyed,"spiedの廃用。","Japanese Wiktionary",https://ja.wiktionary.org/wiki/spyed,"CC BY-SA 4.0",2026-08-05,2026-08-14
squalid,"ひどく汚い。 / 卑劣な。 / (動物学) ツノザメ科","Japanese Wiktionary",https://ja.wiktionary.org/wiki/squalid,"CC BY-SA 4.0",2026-08-05,2026-08-14
stably,"安定して","Japanese Wiktionary",https://ja.wiktionary.org/wiki/stably,"CC BY-SA 4.0",2026-08-05,2026-08-14
stagnant,"淀んだ、停滞した。","Japanese Wiktionary",https://ja.wiktionary.org/wiki/stagnant,"CC BY-SA 4.0",2026-08-05,2026-08-14
standalone,"stand-aloneの異綴","Japanese Wiktionary",https://ja.wiktionary.org/wiki/standalone,"CC BY-SA 4.0",2026-08-05,2026-08-14
startlingly,"驚くほど。びっくりして。","Japanese Wiktionary",https://ja.wiktionary.org/wiki/startlingly,"CC BY-SA 4.0",2026-08-05,2026-08-14
stateless,"国籍のない","Japanese Wiktionary",https://ja.wiktionary.org/wiki/stateless,"CC BY-SA 4.0",2026-08-05,2026-08-14
stationary,"静止した、動かない、変動しない / 常駐の","Japanese Wiktionary",https://ja.wiktionary.org/wiki/stationary,"CC BY-SA 4.0",2026-08-05,2026-08-14
statistical,"統計上の。統計に基づく。","Japanese Wiktionary",https://ja.wiktionary.org/wiki/statistical,"CC BY-SA 4.0",2026-08-05,2026-08-14
statistically,"統計的に。","Japanese Wiktionary",https://ja.wiktionary.org/wiki/statistically,"CC BY-SA 4.0",2026-08-05,2026-08-14
stative,"状態を表す。","Japanese Wiktionary",https://ja.wiktionary.org/wiki/stative,"CC BY-SA 4.0",2026-08-05,2026-08-14
statutorily,"法的に。法令により。","Japanese Wiktionary",https://ja.wiktionary.org/wiki/statutorily,"CC BY-SA 4.0",2026-08-05,2026-08-14
statutory,"法定の。制定法による。","Japanese Wiktionary",https://ja.wiktionary.org/wiki/statutory,"CC BY-SA 4.0",2026-08-05,2026-08-14
steadfast,"確固とした、不動の、しっかりした。 / 忠実な、誠実な。","Japanese Wiktionary",https://ja.wiktionary.org/wiki/steadfast,"CC BY-SA 4.0",2026-08-05,2026-08-14
steadfastly,"揺るぎ無く、一貫して。","Japanese Wiktionary",https://ja.wiktionary.org/wiki/steadfastly,"CC BY-SA 4.0",2026-08-05,2026-08-14
steadily,"着実に、しっかりと。","Japanese Wiktionary",https://ja.wiktionary.org/wiki/steadily,"CC BY-SA 4.0",2026-08-05,2026-08-14
stealthily,"密かに、こっそり。","Japanese Wiktionary",https://ja.wiktionary.org/wiki/stealthily,"CC BY-SA 4.0",2026-08-05,2026-08-14
stellar,"星の。恒星の。 / すばらしい。 / スターの。花形の。","Japanese Wiktionary",https://ja.wiktionary.org/wiki/stellar,"CC BY-SA 4.0",2026-08-05,2026-08-14
stemme,"stemの廃用。","Japanese Wiktionary",https://ja.wiktionary.org/wiki/stemme,"CC BY-SA 4.0",2026-08-05,2026-08-14
sterile,"不妊の。生殖能力の無い。 / （土地が）痩せた。不毛な。荒瘠な。 / （議論や態度が）不毛な。無益な。 / 無菌の。殺菌した。","Japanese Wiktionary",https://ja.wiktionary.org/wiki/sterile,"CC BY-SA 4.0",2026-08-05,2026-08-14
sternal,"胸骨の。","Japanese Wiktionary",https://ja.wiktionary.org/wiki/sternal,"CC BY-SA 4.0",2026-08-05,2026-08-14
sticked,"stickの過去形・過去分詞。","Japanese Wiktionary",https://ja.wiktionary.org/wiki/sticked,"CC BY-SA 4.0",2026-08-05,2026-08-14
stickfigure,"stick figureの別形。","Japanese Wiktionary",https://ja.wiktionary.org/wiki/stickfigure,"CC BY-SA 4.0",2026-08-05,2026-08-14
stickings,"stickingの複数形。","Japanese Wiktionary",https://ja.wiktionary.org/wiki/stickings,"CC BY-SA 4.0",2026-08-05,2026-08-14
stiffed,"stiffの過去形・過去分詞。","Japanese Wiktionary",https://ja.wiktionary.org/wiki/stiffed,"CC BY-SA 4.0",2026-08-05,2026-08-14
stiffly,"堅く。堅苦しく。ぎこちなく。","Japanese Wiktionary",https://ja.wiktionary.org/wiki/stiffly,"CC BY-SA 4.0",2026-08-05,2026-08-14
stolid,"無感動の、鈍感な。","Japanese Wiktionary",https://ja.wiktionary.org/wiki/stolid,"CC BY-SA 4.0",2026-08-05,2026-08-14
stomatitis,"口腔内外の粘膜の炎症。口内炎。","Japanese Wiktionary",https://ja.wiktionary.org/wiki/stomatitis,"CC BY-SA 4.0",2026-08-05,2026-08-14
stoppable,"止められる。","Japanese Wiktionary",https://ja.wiktionary.org/wiki/stoppable,"CC BY-SA 4.0",2026-08-05,2026-08-14
straat,"砂丘の間の谷。","Japanese Wiktionary",https://ja.wiktionary.org/wiki/straat,"CC BY-SA 4.0",2026-08-05,2026-08-14
straightforward,"真っ直ぐな、直接の、率直な。 / 簡単な、明快な。 / 真っ直ぐに、直接に、率直に。","Japanese Wiktionary",https://ja.wiktionary.org/wiki/straightforward,"CC BY-SA 4.0",2026-08-05,2026-08-14
straightforwardly,"率直に。明らかに。","Japanese Wiktionary",https://ja.wiktionary.org/wiki/straightforwardly,"CC BY-SA 4.0",2026-08-05,2026-08-14
straightway,"（走路などの）直線コース。 / 直接に。 / すぐに。直ちに。","Japanese Wiktionary",https://ja.wiktionary.org/wiki/straightway,"CC BY-SA 4.0",2026-08-05,2026-08-14
strangely,"奇妙に / 奇妙なことに","Japanese Wiktionary",https://ja.wiktionary.org/wiki/strangely,"CC BY-SA 4.0",2026-08-05,2026-08-14
strati,"stratusの複数形。","Japanese Wiktionary",https://ja.wiktionary.org/wiki/strati,"CC BY-SA 4.0",2026-08-05,2026-08-14
stratospheric,"成層圏の","Japanese Wiktionary",https://ja.wiktionary.org/wiki/stratospheric,"CC BY-SA 4.0",2026-08-05,2026-08-14
streight,"straightの廃用。","Japanese Wiktionary",https://ja.wiktionary.org/wiki/streight,"CC BY-SA 4.0",2026-08-05,2026-08-14
stressful,"緊張の多い。ストレスを引き起こす。","Japanese Wiktionary",https://ja.wiktionary.org/wiki/stressful,"CC BY-SA 4.0",2026-08-05,2026-08-14
strictly,"厳しく。 / 厳密に","Japanese Wiktionary",https://ja.wiktionary.org/wiki/strictly,"CC BY-SA 4.0",2026-08-05,2026-08-14
strident,"甲高い、耳障りな。 / （要求などが）声高な、執拗な。 / 歯擦音。","Japanese Wiktionary",https://ja.wiktionary.org/wiki/strident,"CC BY-SA 4.0",2026-08-05,2026-08-14
stridently,"声高に、断固として。","Japanese Wiktionary",https://ja.wiktionary.org/wiki/stridently,"CC BY-SA 4.0",2026-08-05,2026-08-14
strikingly,"顕著に、目立って","Japanese Wiktionary",https://ja.wiktionary.org/wiki/strikingly,"CC BY-SA 4.0",2026-08-05,2026-08-14
strongly,"強く、強力に、強烈に。 / かなり、大変。","Japanese Wiktionary",https://ja.wiktionary.org/wiki/strongly,"CC BY-SA 4.0",2026-08-05,2026-08-14
structural,"構造の、構造的な。","Japanese Wiktionary",https://ja.wiktionary.org/wiki/structural,"CC BY-SA 4.0",2026-08-05,2026-08-14
stubborn,"頑固な、強情な、意地の悪い、頭の固い、かたくなな、意固地な。 / 不屈の、根強い、粘り強い、確固とした。 / しぶとい、しつこい、扱いにくい、難治性の。","Japanese Wiktionary",https://ja.wiktionary.org/wiki/stubborn,"CC BY-SA 4.0",2026-08-05,2026-08-14
stubbornly,"頑固に。強情に。","Japanese Wiktionary",https://ja.wiktionary.org/wiki/stubbornly,"CC BY-SA 4.0",2026-08-05,2026-08-14
studious,"勉強家の / 慎重で","Japanese Wiktionary",https://ja.wiktionary.org/wiki/studious,"CC BY-SA 4.0",2026-08-05,2026-08-14
studiously,"慎重に","Japanese Wiktionary",https://ja.wiktionary.org/wiki/studiously,"CC BY-SA 4.0",2026-08-05,2026-08-14
stupendous,"驚異的な、途方もない、途轍もない。","Japanese Wiktionary",https://ja.wiktionary.org/wiki/stupendous,"CC BY-SA 4.0",2026-08-05,2026-08-14
stupendously,"驚異的に、途方もなく、途轍もなく。","Japanese Wiktionary",https://ja.wiktionary.org/wiki/stupendously,"CC BY-SA 4.0",2026-08-05,2026-08-14
stupidly,"愚かに。馬鹿みたいに。","Japanese Wiktionary",https://ja.wiktionary.org/wiki/stupidly,"CC BY-SA 4.0",2026-08-05,2026-08-14
sturdily,"丈夫に。頑丈に。","Japanese Wiktionary",https://ja.wiktionary.org/wiki/sturdily,"CC BY-SA 4.0",2026-08-05,2026-08-14
styli,"stylusの複数形。","Japanese Wiktionary",https://ja.wiktionary.org/wiki/styli,"CC BY-SA 4.0",2026-08-05,2026-08-14
subatomic,"原子内部の。","Japanese Wiktionary",https://ja.wiktionary.org/wiki/subatomic,"CC BY-SA 4.0",2026-08-05,2026-08-14
subdictionaries,"subdictionaryの複数形。","Japanese Wiktionary",https://ja.wiktionary.org/wiki/subdictionaries,"CC BY-SA 4.0",2026-08-05,2026-08-14
subito,"スビト、急に。","Japanese Wiktionary",https://ja.wiktionary.org/wiki/subito,"CC BY-SA 4.0",2026-08-05,2026-08-14
subjective,"主観の、主観的な / 主格の","Japanese Wiktionary",https://ja.wiktionary.org/wiki/subjective,"CC BY-SA 4.0",2026-08-05,2026-08-14
subjectively,"主観的に","Japanese Wiktionary",https://ja.wiktionary.org/wiki/subjectively,"CC BY-SA 4.0",2026-08-05,2026-08-14
submachine,"(計算機科学) サブマシン / 短機関銃の","Japanese Wiktionary",https://ja.wiktionary.org/wiki/submachine,"CC BY-SA 4.0",2026-08-05,2026-08-14
submissively,"服従的に。","Japanese Wiktionary",https://ja.wiktionary.org/wiki/submissively,"CC BY-SA 4.0",2026-08-05,2026-08-14
subnuclear,"原子核内部の。","Japanese Wiktionary",https://ja.wiktionary.org/wiki/subnuclear,"CC BY-SA 4.0",2026-08-05,2026-08-14
subsaharan,"sub-Saharanの異形。","Japanese Wiktionary",https://ja.wiktionary.org/wiki/subsaharan,"CC BY-SA 4.0",2026-08-05,2026-08-14
subsequent,"(時間的に) 後の。引き続いての。 / 順番通りの。 / 適従の。 / 適従。","Japanese Wiktionary",https://ja.wiktionary.org/wiki/subsequent,"CC BY-SA 4.0",2026-08-05,2026-08-14
subsequently,"その後。","Japanese Wiktionary",https://ja.wiktionary.org/wiki/subsequently,"CC BY-SA 4.0",2026-08-05,2026-08-14
subservient,"卑屈な。追従した。へつらった。 / 従属した。","Japanese Wiktionary",https://ja.wiktionary.org/wiki/subservient,"CC BY-SA 4.0",2026-08-05,2026-08-14
subsistent,"存在する。存続する。 / 固有の。","Japanese Wiktionary",https://ja.wiktionary.org/wiki/subsistent,"CC BY-SA 4.0",2026-08-05,2026-08-14
substantial,"実質的な / （量、規模、価値、重要性などが）相当な。かなりの程度の。大きな。 / 有力な / 丈夫な","Japanese Wiktionary",https://ja.wiktionary.org/wiki/substantial,"CC BY-SA 4.0",2026-08-05,2026-08-14
substantially,"実質上 / 相当","Japanese Wiktionary",https://ja.wiktionary.org/wiki/substantially,"CC BY-SA 4.0",2026-08-05,2026-08-14
successful,"成功した。 / 上出来の。","Japanese Wiktionary",https://ja.wiktionary.org/wiki/successful,"CC BY-SA 4.0",2026-08-05,2026-08-14
successfully,"成功裏に、成功して、うまく。","Japanese Wiktionary",https://ja.wiktionary.org/wiki/successfully,"CC BY-SA 4.0",2026-08-05,2026-08-14
successive,"連続する、歴代の。","Japanese Wiktionary",https://ja.wiktionary.org/wiki/successive,"CC BY-SA 4.0",2026-08-05,2026-08-14
successively,"連続して","Japanese Wiktionary",https://ja.wiktionary.org/wiki/successively,"CC BY-SA 4.0",2026-08-05,2026-08-14
succi,"succusの複数形。","Japanese Wiktionary",https://ja.wiktionary.org/wiki/succi,"CC BY-SA 4.0",2026-08-05,2026-08-14
succinct,"簡潔で、要領を得ている。簡明である。 / 小さく圧縮されている。 / ガードルを纏っている。あるいは、纏っているかのように見える。きつい服を着ている。きつく縛られている。","Japanese Wiktionary",https://ja.wiktionary.org/wiki/succinct,"CC BY-SA 4.0",2026-08-05,2026-08-14
such,"（何かと比べて）こんな。このような。 / （強調に用いて）これほど。こんなに。 / （公式文書において）前述の、前記の。 / このようなもの","Japanese Wiktionary",https://ja.wiktionary.org/wiki/such,"CC BY-SA 4.0",2026-08-05,2026-08-14
sudden,"突然の、不意の。 / 突然、不意に、急に。 / 突然。","Japanese Wiktionary",https://ja.wiktionary.org/wiki/sudden,"CC BY-SA 4.0",2026-08-05,2026-08-14
suddenly,"いきなり、突然、急に。","Japanese Wiktionary",https://ja.wiktionary.org/wiki/suddenly,"CC BY-SA 4.0",2026-08-05,2026-08-14
sufficient,"十分な。","Japanese Wiktionary",https://ja.wiktionary.org/wiki/sufficient,"CC BY-SA 4.0",2026-08-05,2026-08-14
sufficiently,"十分に","Japanese Wiktionary",https://ja.wiktionary.org/wiki/sufficiently,"CC BY-SA 4.0",2026-08-05,2026-08-14
suffixing,"suffixの現在分詞。","Japanese Wiktionary",https://ja.wiktionary.org/wiki/suffixing,"CC BY-SA 4.0",2026-08-05,2026-08-14
sugarfree,"砂糖を含まない。無糖の。","Japanese Wiktionary",https://ja.wiktionary.org/wiki/sugarfree,"CC BY-SA 4.0",2026-08-05,2026-08-14
suggestive,"きわどい。 / 挑発的な。 / 暗示的な。 / 連想させる。","Japanese Wiktionary",https://ja.wiktionary.org/wiki/suggestive,"CC BY-SA 4.0",2026-08-05,2026-08-14
suggestively,"挑発的に / 暗示的に","Japanese Wiktionary",https://ja.wiktionary.org/wiki/suggestively,"CC BY-SA 4.0",2026-08-05,2026-08-14
suicidal,"自殺の。 / 自殺しそうな、自殺したがっている。 / 自暴自棄な、自殺行為の。 / 自殺しそうな人。","Japanese Wiktionary",https://ja.wiktionary.org/wiki/suicidal,"CC BY-SA 4.0",2026-08-05,2026-08-14
suicided,"suicideの過去形・過去分詞。 / 自殺した。","Japanese Wiktionary",https://ja.wiktionary.org/wiki/suicided,"CC BY-SA 4.0",2026-08-05,2026-08-14
suitable,"相応しい、似つかわしい、相応な、適切な、適当な。","Japanese Wiktionary",https://ja.wiktionary.org/wiki/suitable,"CC BY-SA 4.0",2026-08-05,2026-08-14
sulfuric,"硫黄を含んだ。 / 硫酸（塩・イオン）の。","Japanese Wiktionary",https://ja.wiktionary.org/wiki/sulfuric,"CC BY-SA 4.0",2026-08-05,2026-08-14
sulfurous,"硫黄を含んでいる。 / 硫黄の。","Japanese Wiktionary",https://ja.wiktionary.org/wiki/sulfurous,"CC BY-SA 4.0",2026-08-05,2026-08-14
sulkily,"不機嫌に。拗ねて。","Japanese Wiktionary",https://ja.wiktionary.org/wiki/sulkily,"CC BY-SA 4.0",2026-08-05,2026-08-14
sullen,"不機嫌な、むっつりした。 / 陰気な、どんよりした。 / （流れなどが）緩やかな。 / 孤独な。 / 有害な。 / 頑固な。 / 世捨て人。隠者。 / 不機嫌。","Japanese Wiktionary",https://ja.wiktionary.org/wiki/sullen,"CC BY-SA 4.0",2026-08-05,2026-08-14
sulphurous,"sulfurousの異綴。","Japanese Wiktionary",https://ja.wiktionary.org/wiki/sulphurous,"CC BY-SA 4.0",2026-08-05,2026-08-14
summering,"""summer"" の動名詞又は現在分詞。","Japanese Wiktionary",https://ja.wiktionary.org/wiki/summering,"CC BY-SA 4.0",2026-08-05,2026-08-14
summery,"夏の、夏らしい。","Japanese Wiktionary",https://ja.wiktionary.org/wiki/summery,"CC BY-SA 4.0",2026-08-05,2026-08-14
summited,"summitの過去形・過去分詞。","Japanese Wiktionary",https://ja.wiktionary.org/wiki/summited,"CC BY-SA 4.0",2026-08-05,2026-08-14
sumptuous,"贅沢な、高価な。","Japanese Wiktionary",https://ja.wiktionary.org/wiki/sumptuous,"CC BY-SA 4.0",2026-08-05,2026-08-14
sumptuously,"豪華に、贅沢に。","Japanese Wiktionary",https://ja.wiktionary.org/wiki/sumptuously,"CC BY-SA 4.0",2026-08-05,2026-08-14
superb,"すばらしい。見事な。最高の。極上の。 / 壮大な。豪華な。 / 高慢な。傲慢な。横柄な。","Japanese Wiktionary",https://ja.wiktionary.org/wiki/superb,"CC BY-SA 4.0",2026-08-05,2026-08-14
superbly,"すばらしく。見事に。 / 壮大に。豪華に。 / 高慢に。傲慢に。横柄に。","Japanese Wiktionary",https://ja.wiktionary.org/wiki/superbly,"CC BY-SA 4.0",2026-08-05,2026-08-14
superbus,"スーパーバス。通常のバスよりも大きな、もしくはより優れたバス。","Japanese Wiktionary",https://ja.wiktionary.org/wiki/superbus,"CC BY-SA 4.0",2026-08-05,2026-08-14
superfluous,"余分な、余計な。","Japanese Wiktionary",https://ja.wiktionary.org/wiki/superfluous,"CC BY-SA 4.0",2026-08-05,2026-08-14
superlatively,"最高に、最上に。","Japanese Wiktionary",https://ja.wiktionary.org/wiki/superlatively,"CC BY-SA 4.0",2026-08-05,2026-08-14
supermotard,"スーパーモタード","Japanese Wiktionary",https://ja.wiktionary.org/wiki/supermotard,"CC BY-SA 4.0",2026-08-05,2026-08-14
supermoto,"スーパーモタード","Japanese Wiktionary",https://ja.wiktionary.org/wiki/supermoto,"CC BY-SA 4.0",2026-08-05,2026-08-14
supersport,"スーパースポーツの","Japanese Wiktionary",https://ja.wiktionary.org/wiki/supersport,"CC BY-SA 4.0",2026-08-05,2026-08-14
supervisory,"監督の。管理の。","Japanese Wiktionary",https://ja.wiktionary.org/wiki/supervisory,"CC BY-SA 4.0",2026-08-05,2026-08-14
supine,"仰向けの。 / 無気力な、怠惰な。 / （ラテン語）目的分詞。スピーヌム。 / （スウェーデン語）完了分詞。スピーヌム。","Japanese Wiktionary",https://ja.wiktionary.org/wiki/supine,"CC BY-SA 4.0",2026-08-05,2026-08-14
supportable,"耐えられる、我慢できる。","Japanese Wiktionary",https://ja.wiktionary.org/wiki/supportable,"CC BY-SA 4.0",2026-08-05,2026-08-14
suprema,"supremumの複数形。","Japanese Wiktionary",https://ja.wiktionary.org/wiki/suprema,"CC BY-SA 4.0",2026-08-05,2026-08-14
supreme,"最高の。至上の。至高の。 / 柑橘類から皮・髄・種などを除去して分ける。 / 鶏の骨無し胸肉。 / 骨・皮などの食べない部位を除去したもの。","Japanese Wiktionary",https://ja.wiktionary.org/wiki/supreme,"CC BY-SA 4.0",2026-08-05,2026-08-14
supremely,"最高に。","Japanese Wiktionary",https://ja.wiktionary.org/wiki/supremely,"CC BY-SA 4.0",2026-08-05,2026-08-14
supremes,"supremeの直説法現在第三人称単数形。","Japanese Wiktionary",https://ja.wiktionary.org/wiki/supremes,"CC BY-SA 4.0",2026-08-05,2026-08-14
supremum,"上限。最上限。最高限。","Japanese Wiktionary",https://ja.wiktionary.org/wiki/supremum,"CC BY-SA 4.0",2026-08-05,2026-08-14
surely,"確実に / 着実に / きっと / まさか / どうぞ","Japanese Wiktionary",https://ja.wiktionary.org/wiki/surely,"CC BY-SA 4.0",2026-08-05,2026-08-14
surgical,"外科の。 / 外科手術の。 / 整形用の。","Japanese Wiktionary",https://ja.wiktionary.org/wiki/surgical,"CC BY-SA 4.0",2026-08-05,2026-08-14
surgically,"外科的に","Japanese Wiktionary",https://ja.wiktionary.org/wiki/surgically,"CC BY-SA 4.0",2026-08-05,2026-08-14
suribachi,"擂鉢。","Japanese Wiktionary",https://ja.wiktionary.org/wiki/suribachi,"CC BY-SA 4.0",2026-08-05,2026-08-14
surmountable,"乗り越えられる。","Japanese Wiktionary",https://ja.wiktionary.org/wiki/surmountable,"CC BY-SA 4.0",2026-08-05,2026-08-14
surprisingly,"驚くほど。驚いたことに。意外にも。","Japanese Wiktionary",https://ja.wiktionary.org/wiki/surprisingly,"CC BY-SA 4.0",2026-08-05,2026-08-14
surreptitious,"密かな、こそこそした、不正な。","Japanese Wiktionary",https://ja.wiktionary.org/wiki/surreptitious,"CC BY-SA 4.0",2026-08-05,2026-08-14
surreptitiously,"密かに、こっそりと、不正に。","Japanese Wiktionary",https://ja.wiktionary.org/wiki/surreptitiously,"CC BY-SA 4.0",2026-08-05,2026-08-14
surveil,"〜を監視する。","Japanese Wiktionary",https://ja.wiktionary.org/wiki/surveil,"CC BY-SA 4.0",2026-08-05,2026-08-14
suspenseful,"緊張感に満ちた。","Japanese Wiktionary",https://ja.wiktionary.org/wiki/suspenseful,"CC BY-SA 4.0",2026-08-05,2026-08-14
suspicious,"疑わしい、不審な / 疑い深い","Japanese Wiktionary",https://ja.wiktionary.org/wiki/suspicious,"CC BY-SA 4.0",2026-08-05,2026-08-14
suspiciously,"疑い深く。","Japanese Wiktionary",https://ja.wiktionary.org/wiki/suspiciously,"CC BY-SA 4.0",2026-08-05,2026-08-14
sustainable,"維持できる。持続できる。 / 環境を破壊せず利用できる。サステナブルな。","Japanese Wiktionary",https://ja.wiktionary.org/wiki/sustainable,"CC BY-SA 4.0",2026-08-05,2026-08-14
swayback,"脊柱湾曲。","Japanese Wiktionary",https://ja.wiktionary.org/wiki/swayback,"CC BY-SA 4.0",2026-08-05,2026-08-14
sweetly,"甘く。","Japanese Wiktionary",https://ja.wiktionary.org/wiki/sweetly,"CC BY-SA 4.0",2026-08-05,2026-08-14
swiftly,"速く、素早く、敏速に。","Japanese Wiktionary",https://ja.wiktionary.org/wiki/swiftly,"CC BY-SA 4.0",2026-08-05,2026-08-14
swire,"首 / 谷","Japanese Wiktionary",https://ja.wiktionary.org/wiki/swire,"CC BY-SA 4.0",2026-08-05,2026-08-14
swizz,"詐取、失望。 / 詐取する、ペテンにかける。","Japanese Wiktionary",https://ja.wiktionary.org/wiki/swizz,"CC BY-SA 4.0",2026-08-05,2026-08-14
syllabic,"音節。 / 音節の。","Japanese Wiktionary",https://ja.wiktionary.org/wiki/syllabic,"CC BY-SA 4.0",2026-08-05,2026-08-14
syllabics,"syllabicの複数形。","Japanese Wiktionary",https://ja.wiktionary.org/wiki/syllabics,"CC BY-SA 4.0",2026-08-05,2026-08-14
sylver,"silverの廃用。","Japanese Wiktionary",https://ja.wiktionary.org/wiki/sylver,"CC BY-SA 4.0",2026-08-05,2026-08-14
symbolically,"象徴的に / 記号で","Japanese Wiktionary",https://ja.wiktionary.org/wiki/symbolically,"CC BY-SA 4.0",2026-08-05,2026-08-14
symmetric,"対称な、相称の、シンメトリーの","Japanese Wiktionary",https://ja.wiktionary.org/wiki/symmetric,"CC BY-SA 4.0",2026-08-05,2026-08-14
symmetrical,"対称な、相称の、シンメトリーの","Japanese Wiktionary",https://ja.wiktionary.org/wiki/symmetrical,"CC BY-SA 4.0",2026-08-05,2026-08-14
sympathetic,"思い遣りのある。 / 共感する。","Japanese Wiktionary",https://ja.wiktionary.org/wiki/sympathetic,"CC BY-SA 4.0",2026-08-05,2026-08-14
sympathetically,"同情して / 共感して","Japanese Wiktionary",https://ja.wiktionary.org/wiki/sympathetically,"CC BY-SA 4.0",2026-08-05,2026-08-14
synchronous,"同時の、同時に発生する。","Japanese Wiktionary",https://ja.wiktionary.org/wiki/synchronous,"CC BY-SA 4.0",2026-08-05,2026-08-14
synonymous,"(with を伴って) 同じ意味の。同義語の。","Japanese Wiktionary",https://ja.wiktionary.org/wiki/synonymous,"CC BY-SA 4.0",2026-08-05,2026-08-14
synthetically,"合成して","Japanese Wiktionary",https://ja.wiktionary.org/wiki/synthetically,"CC BY-SA 4.0",2026-08-05,2026-08-14
syrupy,"シロップのような。 / シロップ入りの。 / 甘ったるい。 / やけに感傷的な。","Japanese Wiktionary",https://ja.wiktionary.org/wiki/syrupy,"CC BY-SA 4.0",2026-08-05,2026-08-14
systema,"システマ。","Japanese Wiktionary",https://ja.wiktionary.org/wiki/systema,"CC BY-SA 4.0",2026-08-05,2026-08-14
systematically,"組織的に、体系的に。 / 整然と。","Japanese Wiktionary",https://ja.wiktionary.org/wiki/systematically,"CC BY-SA 4.0",2026-08-05,2026-08-14
tacit,"無言の / 暗黙の","Japanese Wiktionary",https://ja.wiktionary.org/wiki/tacit,"CC BY-SA 4.0",2026-08-05,2026-08-14
tacitly,"暗黙のうちに / 無言で","Japanese Wiktionary",https://ja.wiktionary.org/wiki/tacitly,"CC BY-SA 4.0",2026-08-05,2026-08-14
taciturn,"無口な。口数の少ない。","Japanese Wiktionary",https://ja.wiktionary.org/wiki/taciturn,"CC BY-SA 4.0",2026-08-05,2026-08-14
tactful,"如才ない、機転の利く。","Japanese Wiktionary",https://ja.wiktionary.org/wiki/tactful,"CC BY-SA 4.0",2026-08-05,2026-08-14
tactfully,"如才なく、そつなく。","Japanese Wiktionary",https://ja.wiktionary.org/wiki/tactfully,"CC BY-SA 4.0",2026-08-05,2026-08-14
tactical,"戦術的な。","Japanese Wiktionary",https://ja.wiktionary.org/wiki/tactical,"CC BY-SA 4.0",2026-08-05,2026-08-14
tactless,"機転の利かない。","Japanese Wiktionary",https://ja.wiktionary.org/wiki/tactless,"CC BY-SA 4.0",2026-08-05,2026-08-14
tada,"じゃじゃーん。何かを紹介したりするときに口で言う効果音。","Japanese Wiktionary",https://ja.wiktionary.org/wiki/tada,"CC BY-SA 4.0",2026-08-05,2026-08-14
tailbone,"尾骨。","Japanese Wiktionary",https://ja.wiktionary.org/wiki/tailbone,"CC BY-SA 4.0",2026-08-05,2026-08-14
tailless,"尾のない","Japanese Wiktionary",https://ja.wiktionary.org/wiki/tailless,"CC BY-SA 4.0",2026-08-05,2026-08-14
takis,"takiの複数形。","Japanese Wiktionary",https://ja.wiktionary.org/wiki/takis,"CC BY-SA 4.0",2026-08-05,2026-08-14
talented,"多才な、一芸に秀でた、才能に恵まれた。","Japanese Wiktionary",https://ja.wiktionary.org/wiki/talented,"CC BY-SA 4.0",2026-08-05,2026-08-14
tali,"talusの複数形","Japanese Wiktionary",https://ja.wiktionary.org/wiki/tali,"CC BY-SA 4.0",2026-08-05,2026-08-14
taling,"""tale"" の動名詞又は現在分詞。","Japanese Wiktionary",https://ja.wiktionary.org/wiki/taling,"CC BY-SA 4.0",2026-08-05,2026-08-14
talkative,"話好きな。 / おしゃべりな。","Japanese Wiktionary",https://ja.wiktionary.org/wiki/talkative,"CC BY-SA 4.0",2026-08-05,2026-08-14
tangential,"接線の。 / 核心に触れない。殆ど無関係な。","Japanese Wiktionary",https://ja.wiktionary.org/wiki/tangential,"CC BY-SA 4.0",2026-08-05,2026-08-14
tangibly,"明白に。","Japanese Wiktionary",https://ja.wiktionary.org/wiki/tangibly,"CC BY-SA 4.0",2026-08-05,2026-08-14
tardies,"tardyの複数形。","Japanese Wiktionary",https://ja.wiktionary.org/wiki/tardies,"CC BY-SA 4.0",2026-08-05,2026-08-14
tariffed,"tariffの過去形・過去分詞。","Japanese Wiktionary",https://ja.wiktionary.org/wiki/tariffed,"CC BY-SA 4.0",2026-08-05,2026-08-14
tarsi,"tarsusの複数形。","Japanese Wiktionary",https://ja.wiktionary.org/wiki/tarsi,"CC BY-SA 4.0",2026-08-05,2026-08-14
tartly,"酸っぱく。 / 辛辣に。","Japanese Wiktionary",https://ja.wiktionary.org/wiki/tartly,"CC BY-SA 4.0",2026-08-05,2026-08-14
tasking,"""task"" の動名詞又は現在分詞。","Japanese Wiktionary",https://ja.wiktionary.org/wiki/tasking,"CC BY-SA 4.0",2026-08-05,2026-08-14
tassa,"タッサ。","Japanese Wiktionary",https://ja.wiktionary.org/wiki/tassa,"CC BY-SA 4.0",2026-08-05,2026-08-14
tast,"tasteの廃用。","Japanese Wiktionary",https://ja.wiktionary.org/wiki/tast,"CC BY-SA 4.0",2026-08-05,2026-08-14
tasteful,"上品な / 趣味のよい","Japanese Wiktionary",https://ja.wiktionary.org/wiki/tasteful,"CC BY-SA 4.0",2026-08-05,2026-08-14
tasteless,"味のない / 品のない / 趣味の悪い","Japanese Wiktionary",https://ja.wiktionary.org/wiki/tasteless,"CC BY-SA 4.0",2026-08-05,2026-08-14
tatami,"畳。","Japanese Wiktionary",https://ja.wiktionary.org/wiki/tatami,"CC BY-SA 4.0",2026-08-05,2026-08-14
tathagata,"如来。","Japanese Wiktionary",https://ja.wiktionary.org/wiki/tathagata,"CC BY-SA 4.0",2026-08-05,2026-08-14
tattered,"ぼろぼろの。 / ぼろを着た。 / tatterの過去形・過去分詞。","Japanese Wiktionary",https://ja.wiktionary.org/wiki/tattered,"CC BY-SA 4.0",2026-08-05,2026-08-14
tautological,"同語反復の。トートロジーの。","Japanese Wiktionary",https://ja.wiktionary.org/wiki/tautological,"CC BY-SA 4.0",2026-08-05,2026-08-14
teachable,"教えやすい / よく学ぶ","Japanese Wiktionary",https://ja.wiktionary.org/wiki/teachable,"CC BY-SA 4.0",2026-08-05,2026-08-14
teared,"""tear""（涙であふれる） の過去形・過去分詞。","Japanese Wiktionary",https://ja.wiktionary.org/wiki/teared,"CC BY-SA 4.0",2026-08-05,2026-08-14
tearful,"涙ぐんだ。 / 泣きそうな。","Japanese Wiktionary",https://ja.wiktionary.org/wiki/tearful,"CC BY-SA 4.0",2026-08-05,2026-08-14
tearfully,"涙ぐんで。","Japanese Wiktionary",https://ja.wiktionary.org/wiki/tearfully,"CC BY-SA 4.0",2026-08-05,2026-08-14
teary,"涙の、涙のような","Japanese Wiktionary",https://ja.wiktionary.org/wiki/teary,"CC BY-SA 4.0",2026-08-05,2026-08-14
technological,"科学技術の","Japanese Wiktionary",https://ja.wiktionary.org/wiki/technological,"CC BY-SA 4.0",2026-08-05,2026-08-14
tecum,"tucumの異綴。","Japanese Wiktionary",https://ja.wiktionary.org/wiki/tecum,"CC BY-SA 4.0",2026-08-05,2026-08-14
tedious,"退屈な。飽き飽きする。","Japanese Wiktionary",https://ja.wiktionary.org/wiki/tedious,"CC BY-SA 4.0",2026-08-05,2026-08-14
tediously,"うんざりするほど。","Japanese Wiktionary",https://ja.wiktionary.org/wiki/tediously,"CC BY-SA 4.0",2026-08-05,2026-08-14
teenage,"13歳から19歳の。","Japanese Wiktionary",https://ja.wiktionary.org/wiki/teenage,"CC BY-SA 4.0",2026-08-05,2026-08-14
teh,"The のミススペリング。ミスタイプに起因することが多く、そのため、インターネット上の会話等においては、しゃれではあるが、一般に受け入れられている。","Japanese Wiktionary",https://ja.wiktionary.org/wiki/teh,"CC BY-SA 4.0",2026-08-05,2026-08-14
tel,"telephone（電話）の省略形。","Japanese Wiktionary",https://ja.wiktionary.org/wiki/tel,"CC BY-SA 4.0",2026-08-05,2026-08-14
telegraphic,"電報・電信の、電報・電信に関する。 / 文章が簡潔な、電文体の。","Japanese Wiktionary",https://ja.wiktionary.org/wiki/telegraphic,"CC BY-SA 4.0",2026-08-05,2026-08-14
telepathic,"テレパシーの。","Japanese Wiktionary",https://ja.wiktionary.org/wiki/telepathic,"CC BY-SA 4.0",2026-08-05,2026-08-14
telepathically,"テレパシーで。","Japanese Wiktionary",https://ja.wiktionary.org/wiki/telepathically,"CC BY-SA 4.0",2026-08-05,2026-08-14
telephonically,"電話で。","Japanese Wiktionary",https://ja.wiktionary.org/wiki/telephonically,"CC BY-SA 4.0",2026-08-05,2026-08-14
teleported,"teleportの過去形・過去分詞。","Japanese Wiktionary",https://ja.wiktionary.org/wiki/teleported,"CC BY-SA 4.0",2026-08-05,2026-08-14
teleporter,"瞬間移動する人、テレポートする人。 / テレポート装置。 / テレハンドラー。","Japanese Wiktionary",https://ja.wiktionary.org/wiki/teleporter,"CC BY-SA 4.0",2026-08-05,2026-08-14
teleporters,"teleporterの複数形。","Japanese Wiktionary",https://ja.wiktionary.org/wiki/teleporters,"CC BY-SA 4.0",2026-08-05,2026-08-14
teleporting,"teleportの現在分詞。","Japanese Wiktionary",https://ja.wiktionary.org/wiki/teleporting,"CC BY-SA 4.0",2026-08-05,2026-08-14
tellingly,"効果的に。","Japanese Wiktionary",https://ja.wiktionary.org/wiki/tellingly,"CC BY-SA 4.0",2026-08-05,2026-08-14
telomeric,"テロメアの、テロメアに関する。","Japanese Wiktionary",https://ja.wiktionary.org/wiki/telomeric,"CC BY-SA 4.0",2026-08-05,2026-08-14
tempeh,"（食品）テンペ。","Japanese Wiktionary",https://ja.wiktionary.org/wiki/tempeh,"CC BY-SA 4.0",2026-08-05,2026-08-14
temperamental,"気質の。 / 神経質な。 / 気まぐれな。","Japanese Wiktionary",https://ja.wiktionary.org/wiki/temperamental,"CC BY-SA 4.0",2026-08-05,2026-08-14
temperamentally,"神経質に。 / 気紛れに。","Japanese Wiktionary",https://ja.wiktionary.org/wiki/temperamentally,"CC BY-SA 4.0",2026-08-05,2026-08-14
temperate,"穏やかな / 温暖な / 節度のある","Japanese Wiktionary",https://ja.wiktionary.org/wiki/temperate,"CC BY-SA 4.0",2026-08-05,2026-08-14
tempestuous,"大嵐の。 / 荒れ狂った。","Japanese Wiktionary",https://ja.wiktionary.org/wiki/tempestuous,"CC BY-SA 4.0",2026-08-05,2026-08-14
templated,"templateの過去形・過去分詞。","Japanese Wiktionary",https://ja.wiktionary.org/wiki/templated,"CC BY-SA 4.0",2026-08-05,2026-08-14
temporally,"時間的に。","Japanese Wiktionary",https://ja.wiktionary.org/wiki/temporally,"CC BY-SA 4.0",2026-08-05,2026-08-14
temporarily,"暫く、一時的に、暫時に、臨時に。","Japanese Wiktionary",https://ja.wiktionary.org/wiki/temporarily,"CC BY-SA 4.0",2026-08-05,2026-08-14
tenacious,"固執した、頑固な。 / 粘り強い、へこたれない。 / 粘着力の強い。 / 記憶力が良い。","Japanese Wiktionary",https://ja.wiktionary.org/wiki/tenacious,"CC BY-SA 4.0",2026-08-05,2026-08-14
tenderly,"優しく、親切に、そっと。","Japanese Wiktionary",https://ja.wiktionary.org/wiki/tenderly,"CC BY-SA 4.0",2026-08-05,2026-08-14
tensely,"ぴんと張って。緊張して。","Japanese Wiktionary",https://ja.wiktionary.org/wiki/tensely,"CC BY-SA 4.0",2026-08-05,2026-08-14
tensioning,"tensionの現在分詞。","Japanese Wiktionary",https://ja.wiktionary.org/wiki/tensioning,"CC BY-SA 4.0",2026-08-05,2026-08-14
tentation,"temptationの廃用。","Japanese Wiktionary",https://ja.wiktionary.org/wiki/tentation,"CC BY-SA 4.0",2026-08-05,2026-08-14
tentations,"tentationの複数形。","Japanese Wiktionary",https://ja.wiktionary.org/wiki/tentations,"CC BY-SA 4.0",2026-08-05,2026-08-14
tentative,"試み / 仮説 / 仮の / 試験的な / 躊躇いがちの","Japanese Wiktionary",https://ja.wiktionary.org/wiki/tentative,"CC BY-SA 4.0",2026-08-05,2026-08-14
tentatively,"仮に / とりあえず / 躊躇いがちに","Japanese Wiktionary",https://ja.wiktionary.org/wiki/tentatively,"CC BY-SA 4.0",2026-08-05,2026-08-14
tepid,"（温度が）生ぬるい、適度に温かい (""lukewarm""より更にぬるさを強調)。 / 熱意のない。","Japanese Wiktionary",https://ja.wiktionary.org/wiki/tepid,"CC BY-SA 4.0",2026-08-05,2026-08-14
teppanyaki,"鉄板焼き。","Japanese Wiktionary",https://ja.wiktionary.org/wiki/teppanyaki,"CC BY-SA 4.0",2026-08-05,2026-08-14
terminable,"止められる。終わらすことのできる。打ち切りの可能な。","Japanese Wiktionary",https://ja.wiktionary.org/wiki/terminable,"CC BY-SA 4.0",2026-08-05,2026-08-14
termine,"決める。決定する。 / 終える。終了する。","Japanese Wiktionary",https://ja.wiktionary.org/wiki/termine,"CC BY-SA 4.0",2026-08-05,2026-08-14
terrible,"恐ろしい、ぞっとさせる、恐怖の。 / 手に負えない、手強い。 / 並外れた。 / 受け入れがたい。 / 極めて劣った、酷い、惨憺たる。","Japanese Wiktionary",https://ja.wiktionary.org/wiki/terrible,"CC BY-SA 4.0",2026-08-05,2026-08-14
terribly,"恐ろしく、恐ろしげに。 / 大変に、甚だしく、恐ろしく。 / ひどく。","Japanese Wiktionary",https://ja.wiktionary.org/wiki/terribly,"CC BY-SA 4.0",2026-08-05,2026-08-14
terrific,"恐ろしい。[17世紀より] / ものすごい、激しい、猛烈な。[18世紀より] / すばらしい。[19世紀より]","Japanese Wiktionary",https://ja.wiktionary.org/wiki/terrific,"CC BY-SA 4.0",2026-08-05,2026-08-14
terrifyingly,"ぞっとするほど。恐ろしいほど。","Japanese Wiktionary",https://ja.wiktionary.org/wiki/terrifyingly,"CC BY-SA 4.0",2026-08-05,2026-08-14
terroir,"テロワール。","Japanese Wiktionary",https://ja.wiktionary.org/wiki/terroir,"CC BY-SA 4.0",2026-08-05,2026-08-14
terroristic,"テロリストの、テロリズムの。","Japanese Wiktionary",https://ja.wiktionary.org/wiki/terroristic,"CC BY-SA 4.0",2026-08-05,2026-08-14
tesseract,"正八胞体。四次元の立方体。超立方体。","Japanese Wiktionary",https://ja.wiktionary.org/wiki/tesseract,"CC BY-SA 4.0",2026-08-05,2026-08-14
testily,"怒りっぽく。短気に。","Japanese Wiktionary",https://ja.wiktionary.org/wiki/testily,"CC BY-SA 4.0",2026-08-05,2026-08-14
testor,"テストン銀貨。","Japanese Wiktionary",https://ja.wiktionary.org/wiki/testor,"CC BY-SA 4.0",2026-08-05,2026-08-14
tetrahedra,"tetrahedronの複数形","Japanese Wiktionary",https://ja.wiktionary.org/wiki/tetrahedra,"CC BY-SA 4.0",2026-08-05,2026-08-14
texted,"textの過去形・過去分詞。","Japanese Wiktionary",https://ja.wiktionary.org/wiki/texted,"CC BY-SA 4.0",2026-08-05,2026-08-14
texting,"""text"" の動名詞又は現在分詞。","Japanese Wiktionary",https://ja.wiktionary.org/wiki/texting,"CC BY-SA 4.0",2026-08-05,2026-08-14
than,"（形容詞・副詞の比較級に用いて）～よりも / （関係代名詞的に用いて）～よりも。 / （比較級に用いて）～よりも","Japanese Wiktionary",https://ja.wiktionary.org/wiki/than,"CC BY-SA 4.0",2026-08-05,2026-08-14
thankful,"感謝の気持ちでいっぱいの。","Japanese Wiktionary",https://ja.wiktionary.org/wiki/thankful,"CC BY-SA 4.0",2026-08-05,2026-08-14
thankfully,"感謝して、有り難く / 有り難いことに","Japanese Wiktionary",https://ja.wiktionary.org/wiki/thankfully,"CC BY-SA 4.0",2026-08-05,2026-08-14
thankless,"感謝されない、報われない。 / 感謝しない、恩知らずの。","Japanese Wiktionary",https://ja.wiktionary.org/wiki/thankless,"CC BY-SA 4.0",2026-08-05,2026-08-14
the,"その＜話し手と聞き手が共通に理解している名詞であることを示す＞ / ～というもの / （形容詞とともに）～な人々 / （関係副詞:比較級とともに）かえって、なおさら / （指示副詞:比較級とともに）～すればするほど","Japanese Wiktionary",https://ja.wiktionary.org/wiki/the,"CC BY-SA 4.0",2026-08-05,2026-08-14
theed,"""thee"" の過去形・過去分詞。","Japanese Wiktionary",https://ja.wiktionary.org/wiki/theed,"CC BY-SA 4.0",2026-08-05,2026-08-14
theirs,"彼ら（彼女ら、それら）の物","Japanese Wiktionary",https://ja.wiktionary.org/wiki/theirs,"CC BY-SA 4.0",2026-08-05,2026-08-14
thence,"（運動の起点）そこから。 / （時間の始点）そのときから。 / （理由）それゆえ、だから。","Japanese Wiktionary",https://ja.wiktionary.org/wiki/thence,"CC BY-SA 4.0",2026-08-05,2026-08-14
theological,"神学の / 神学的な","Japanese Wiktionary",https://ja.wiktionary.org/wiki/theological,"CC BY-SA 4.0",2026-08-05,2026-08-14
theoretical,"理論上の、仮説の / 架空の","Japanese Wiktionary",https://ja.wiktionary.org/wiki/theoretical,"CC BY-SA 4.0",2026-08-05,2026-08-14
theoretically,"理論上は（=in theory）","Japanese Wiktionary",https://ja.wiktionary.org/wiki/theoretically,"CC BY-SA 4.0",2026-08-05,2026-08-14
thereabout,"そのあたり（時間・空間）で。 / 大体、おおよそ。 / それについて。","Japanese Wiktionary",https://ja.wiktionary.org/wiki/thereabout,"CC BY-SA 4.0",2026-08-05,2026-08-14
thereabouts,"thereaboutの異形。","Japanese Wiktionary",https://ja.wiktionary.org/wiki/thereabouts,"CC BY-SA 4.0",2026-08-05,2026-08-14
thereafter,"その後で。","Japanese Wiktionary",https://ja.wiktionary.org/wiki/thereafter,"CC BY-SA 4.0",2026-08-05,2026-08-14
thereby,"それによって、従って。","Japanese Wiktionary",https://ja.wiktionary.org/wiki/thereby,"CC BY-SA 4.0",2026-08-05,2026-08-14
therefore,"(接続副詞) それ故に。したがって。よって。","Japanese Wiktionary",https://ja.wiktionary.org/wiki/therefore,"CC BY-SA 4.0",2026-08-05,2026-08-14
therein,"その中で。","Japanese Wiktionary",https://ja.wiktionary.org/wiki/therein,"CC BY-SA 4.0",2026-08-05,2026-08-14
thereof,"（文語）それの。その。 / （文語）それを。それについて。 / （文語）それから、その状況から、それを原因として。","Japanese Wiktionary",https://ja.wiktionary.org/wiki/thereof,"CC BY-SA 4.0",2026-08-05,2026-08-14
thereto,"そこに、その場所に（to that place）、それに（to that）。 / それに（to it）。","Japanese Wiktionary",https://ja.wiktionary.org/wiki/thereto,"CC BY-SA 4.0",2026-08-05,2026-08-14
thermae,"（温水の）風呂、温泉","Japanese Wiktionary",https://ja.wiktionary.org/wiki/thermae,"CC BY-SA 4.0",2026-08-05,2026-08-14
thermodynamic,"熱力学の。熱力学に関する。","Japanese Wiktionary",https://ja.wiktionary.org/wiki/thermodynamic,"CC BY-SA 4.0",2026-08-05,2026-08-14
thermonuclear,"核融合の。","Japanese Wiktionary",https://ja.wiktionary.org/wiki/thermonuclear,"CC BY-SA 4.0",2026-08-05,2026-08-14
thiam,"黙れ。","Japanese Wiktionary",https://ja.wiktionary.org/wiki/thiam,"CC BY-SA 4.0",2026-08-05,2026-08-14
thickly,"厚く、濃く。","Japanese Wiktionary",https://ja.wiktionary.org/wiki/thickly,"CC BY-SA 4.0",2026-08-05,2026-08-14
thinly,"薄く、細く。","Japanese Wiktionary",https://ja.wiktionary.org/wiki/thinly,"CC BY-SA 4.0",2026-08-05,2026-08-14
thirdly,"第三に。三番目に。","Japanese Wiktionary",https://ja.wiktionary.org/wiki/thirdly,"CC BY-SA 4.0",2026-08-05,2026-08-14
thither,"そこに。あそこに。","Japanese Wiktionary",https://ja.wiktionary.org/wiki/thither,"CC BY-SA 4.0",2026-08-05,2026-08-14
thoracic,"胸の。胸部の。","Japanese Wiktionary",https://ja.wiktionary.org/wiki/thoracic,"CC BY-SA 4.0",2026-08-05,2026-08-14
thoro,"thoroughの異綴。","Japanese Wiktionary",https://ja.wiktionary.org/wiki/thoro,"CC BY-SA 4.0",2026-08-05,2026-08-14
thorough,"徹底的な、完璧な、緻密な。 / 全く。 / Throughの異形。 / 畝の間の排水のための溝。","Japanese Wiktionary",https://ja.wiktionary.org/wiki/thorough,"CC BY-SA 4.0",2026-08-05,2026-08-14
thoroughly,"徹底的に、完璧に、完全に、すっかり。","Japanese Wiktionary",https://ja.wiktionary.org/wiki/thoroughly,"CC BY-SA 4.0",2026-08-05,2026-08-14
though,"しかしながら、にもかかわらず、だけど。 / ～にもかかわらず、～であるが。","Japanese Wiktionary",https://ja.wiktionary.org/wiki/though,"CC BY-SA 4.0",2026-08-05,2026-08-14
thoughtful,"よく考えられた。思慮深い。 / 考え込んだ。物思いにふけった。 / 思いやりのある。親切な。","Japanese Wiktionary",https://ja.wiktionary.org/wiki/thoughtful,"CC BY-SA 4.0",2026-08-05,2026-08-14
thoughtfully,"深く考えて。","Japanese Wiktionary",https://ja.wiktionary.org/wiki/thoughtfully,"CC BY-SA 4.0",2026-08-05,2026-08-14
thoughtless,"無分別な。考えのない。 / 不注意な。軽率な。 / 無配慮な。思い遣りのない。","Japanese Wiktionary",https://ja.wiktionary.org/wiki/thoughtless,"CC BY-SA 4.0",2026-08-05,2026-08-14
thoughtlessly,"無思慮に、考えなく。 / 配慮せず、思いやることなく。","Japanese Wiktionary",https://ja.wiktionary.org/wiki/thoughtlessly,"CC BY-SA 4.0",2026-08-05,2026-08-14
thre,"threeの廃用。","Japanese Wiktionary",https://ja.wiktionary.org/wiki/thre,"CC BY-SA 4.0",2026-08-05,2026-08-14
threefold,"三倍の。 / 三重の。 / 三倍に、三重に。 / 三倍する、三重にする。","Japanese Wiktionary",https://ja.wiktionary.org/wiki/threefold,"CC BY-SA 4.0",2026-08-05,2026-08-14
thrice,"三度。三回。三倍。","Japanese Wiktionary",https://ja.wiktionary.org/wiki/thrice,"CC BY-SA 4.0",2026-08-05,2026-08-14
thrombi,"thrombusの複数形。","Japanese Wiktionary",https://ja.wiktionary.org/wiki/thrombi,"CC BY-SA 4.0",2026-08-05,2026-08-14
through,"～を通り抜けて。～を通過して。～を突き抜けて。 / ～の至る所に(を)。～にくまなく。～のあちこちに(を)。～中に(を)。 / ～のあいだずっと。～の初めから終わりまで。 / ～を手段にして。～によって。～を通じて。 / ～を貫いた / 貫いて / 端から端まで","Japanese Wiktionary",https://ja.wiktionary.org/wiki/through,"CC BY-SA 4.0",2026-08-05,2026-08-14
throughout,"～を通して、～の間中ずっと。 / すっかり。 / 至る所で、ここかしこで。 / 始めから終わりまで。","Japanese Wiktionary",https://ja.wiktionary.org/wiki/throughout,"CC BY-SA 4.0",2026-08-05,2026-08-14
thrusted,"""thrust"" の過去形・過去分詞。","Japanese Wiktionary",https://ja.wiktionary.org/wiki/thrusted,"CC BY-SA 4.0",2026-08-05,2026-08-14
thumbnailed,"""thumbnail"" の過去形・過去分詞。","Japanese Wiktionary",https://ja.wiktionary.org/wiki/thumbnailed,"CC BY-SA 4.0",2026-08-05,2026-08-14
thunderous,"（音・声が）雷のような。轟き渡る。 / 雷の来そうな。 / （歓迎などが）途方もない。","Japanese Wiktionary",https://ja.wiktionary.org/wiki/thunderous,"CC BY-SA 4.0",2026-08-05,2026-08-14
thymic,"タイムの / 胸腺の","Japanese Wiktionary",https://ja.wiktionary.org/wiki/thymic,"CC BY-SA 4.0",2026-08-05,2026-08-14
thyself,"汝自身、そなた自身 / [古典または文語的]: yourself の古語的表現。","Japanese Wiktionary",https://ja.wiktionary.org/wiki/thyself,"CC BY-SA 4.0",2026-08-05,2026-08-14
ticklish,"くすぐったがりの。 / （問題などが）微妙な。扱いにくい。慎重を要する。","Japanese Wiktionary",https://ja.wiktionary.org/wiki/ticklish,"CC BY-SA 4.0",2026-08-05,2026-08-14
tidal,"潮の、干満のある。","Japanese Wiktionary",https://ja.wiktionary.org/wiki/tidal,"CC BY-SA 4.0",2026-08-05,2026-08-14
tidily,"きちんと、整然と","Japanese Wiktionary",https://ja.wiktionary.org/wiki/tidily,"CC BY-SA 4.0",2026-08-05,2026-08-14
tieing,"tieの動名詞又は現在分詞。","Japanese Wiktionary",https://ja.wiktionary.org/wiki/tieing,"CC BY-SA 4.0",2026-08-05,2026-08-14
tightly,"きつく。堅く。しっかりと。","Japanese Wiktionary",https://ja.wiktionary.org/wiki/tightly,"CC BY-SA 4.0",2026-08-05,2026-08-14
timbering,"""timber"" の動名詞形又は現在分詞形。","Japanese Wiktionary",https://ja.wiktionary.org/wiki/timbering,"CC BY-SA 4.0",2026-08-05,2026-08-14
timelier,"""timely"" の比較級。","Japanese Wiktionary",https://ja.wiktionary.org/wiki/timelier,"CC BY-SA 4.0",2026-08-05,2026-08-14
timely,"時宜に適った。時間通りの。期限以内の。すみやかな。 / 適時の、好機の。渡りに舟の、タイミングの好い。時季に相応しい。 / 時を計る。時刻の。 / 早く。 / 好機に。","Japanese Wiktionary",https://ja.wiktionary.org/wiki/timely,"CC BY-SA 4.0",2026-08-05,2026-08-14
timestamp,"タイムスタンプ。 / タイムスタンプする、記録する。","Japanese Wiktionary",https://ja.wiktionary.org/wiki/timestamp,"CC BY-SA 4.0",2026-08-05,2026-08-14
timestamped,"タイムスタンプで記録された。 / timestampの過去形・過去分詞。","Japanese Wiktionary",https://ja.wiktionary.org/wiki/timestamped,"CC BY-SA 4.0",2026-08-05,2026-08-14
timestamping,"timestampの現在分詞。","Japanese Wiktionary",https://ja.wiktionary.org/wiki/timestamping,"CC BY-SA 4.0",2026-08-05,2026-08-14
timestamps,"timestampの複数形。 / timestampの三人称単数現在形。","Japanese Wiktionary",https://ja.wiktionary.org/wiki/timestamps,"CC BY-SA 4.0",2026-08-05,2026-08-14
timidly,"臆病に。","Japanese Wiktionary",https://ja.wiktionary.org/wiki/timidly,"CC BY-SA 4.0",2026-08-05,2026-08-14
timorous,"臆病な。","Japanese Wiktionary",https://ja.wiktionary.org/wiki/timorous,"CC BY-SA 4.0",2026-08-05,2026-08-14
tiredly,"疲れて。飽き飽きして。","Japanese Wiktionary",https://ja.wiktionary.org/wiki/tiredly,"CC BY-SA 4.0",2026-08-05,2026-08-14
tireless,"疲れを知らない。 / 飽きることのない。","Japanese Wiktionary",https://ja.wiktionary.org/wiki/tireless,"CC BY-SA 4.0",2026-08-05,2026-08-14
tirelessly,"疲れを知らずに。 / 飽きることなく。","Japanese Wiktionary",https://ja.wiktionary.org/wiki/tirelessly,"CC BY-SA 4.0",2026-08-05,2026-08-14
tiresome,"厄介な / 退屈な","Japanese Wiktionary",https://ja.wiktionary.org/wiki/tiresome,"CC BY-SA 4.0",2026-08-05,2026-08-14
titling,"titleの現在分詞。 / ヨーロッパカヤクグリ。 / マキバタヒバリ。 / 干物。","Japanese Wiktionary",https://ja.wiktionary.org/wiki/titling,"CC BY-SA 4.0",2026-08-05,2026-08-14
to,"（方向、方角）～へ。～まで。 / （形容詞の後について、形容詞の指し示す対象を特定する）～に。～と。 / （比較） / (間接目的語) / （動詞の原形を後置し、不定詞を作る。以下の用法を参照）","Japanese Wiktionary",https://ja.wiktionary.org/wiki/to,"CC BY-SA 4.0",2026-08-05,2026-08-14
tock,"時計のカチカチという秒針音。","Japanese Wiktionary",https://ja.wiktionary.org/wiki/tock,"CC BY-SA 4.0",2026-08-05,2026-08-14
toen,"toeの複数形。","Japanese Wiktionary",https://ja.wiktionary.org/wiki/toen,"CC BY-SA 4.0",2026-08-05,2026-08-14
together,"一緒に / 同時に / 継続して / 全体として / ひとつにまとめて / 協力して / 冷静な","Japanese Wiktionary",https://ja.wiktionary.org/wiki/together,"CC BY-SA 4.0",2026-08-05,2026-08-14
toileting,"トイレの使用。 / toiletの現在分詞。","Japanese Wiktionary",https://ja.wiktionary.org/wiki/toileting,"CC BY-SA 4.0",2026-08-05,2026-08-14
toilsome,"辛い、苦しい、骨の折れる。","Japanese Wiktionary",https://ja.wiktionary.org/wiki/toilsome,"CC BY-SA 4.0",2026-08-05,2026-08-14
tolerability,"耐性。許容性。","Japanese Wiktionary",https://ja.wiktionary.org/wiki/tolerability,"CC BY-SA 4.0",2026-08-05,2026-08-14
tolerable,"耐えられる。我慢できる。受忍しうる。許容される。 / まずまずの。ご愛嬌の。悪くない。 / 健康な。 / まずまず。","Japanese Wiktionary",https://ja.wiktionary.org/wiki/tolerable,"CC BY-SA 4.0",2026-08-05,2026-08-14
tolerably,"まずまず。まあまあ。","Japanese Wiktionary",https://ja.wiktionary.org/wiki/tolerably,"CC BY-SA 4.0",2026-08-05,2026-08-14
tolerant,"寛大な。寛容な。 / 耐性のある。","Japanese Wiktionary",https://ja.wiktionary.org/wiki/tolerant,"CC BY-SA 4.0",2026-08-05,2026-08-14
tondo,"トンド（円形の絵画・浮彫）","Japanese Wiktionary",https://ja.wiktionary.org/wiki/tondo,"CC BY-SA 4.0",2026-08-05,2026-08-14
tongued,"""tongue"" の過去形・過去分詞。","Japanese Wiktionary",https://ja.wiktionary.org/wiki/tongued,"CC BY-SA 4.0",2026-08-05,2026-08-14
too,"～もまた、～も同様に / （形容詞、副詞を修飾して）～すぎる、ひどく～である。","Japanese Wiktionary",https://ja.wiktionary.org/wiki/too,"CC BY-SA 4.0",2026-08-05,2026-08-14
topmost,"天辺の、最上部の。","Japanese Wiktionary",https://ja.wiktionary.org/wiki/topmost,"CC BY-SA 4.0",2026-08-05,2026-08-14
tosa,"土佐犬。","Japanese Wiktionary",https://ja.wiktionary.org/wiki/tosa,"CC BY-SA 4.0",2026-08-05,2026-08-14
totaling,"total の現在分詞。","Japanese Wiktionary",https://ja.wiktionary.org/wiki/totaling,"CC BY-SA 4.0",2026-08-05,2026-08-14
totally,"すっかり、完全に。 / 大変、かなり。（間投詞的に）まさにその通り。 / はっきり、確かに、（否定語の前で）絶対に～ない。 / （否定語の後で）すべてが～というわけではない。","Japanese Wiktionary",https://ja.wiktionary.org/wiki/totally,"CC BY-SA 4.0",2026-08-05,2026-08-14
touchingly,"涙ぐましいほど。感動的に。","Japanese Wiktionary",https://ja.wiktionary.org/wiki/touchingly,"CC BY-SA 4.0",2026-08-05,2026-08-14
toward,"～へ向けて、～へ向かって","Japanese Wiktionary",https://ja.wiktionary.org/wiki/toward,"CC BY-SA 4.0",2026-08-05,2026-08-14
towards,"towardの異形。 / 〜へ向かって。 / 手近な。","Japanese Wiktionary",https://ja.wiktionary.org/wiki/towards,"CC BY-SA 4.0",2026-08-05,2026-08-14
tracted,"tractの過去形・過去分詞。","Japanese Wiktionary",https://ja.wiktionary.org/wiki/tracted,"CC BY-SA 4.0",2026-08-05,2026-08-14
tracting,"tractの現在分詞。","Japanese Wiktionary",https://ja.wiktionary.org/wiki/tracting,"CC BY-SA 4.0",2026-08-05,2026-08-14
traditional,"伝統的（な）","Japanese Wiktionary",https://ja.wiktionary.org/wiki/traditional,"CC BY-SA 4.0",2026-08-05,2026-08-14
traductions,"traductionの複数形。","Japanese Wiktionary",https://ja.wiktionary.org/wiki/traductions,"CC BY-SA 4.0",2026-08-05,2026-08-14
tragic,"悲劇の。 / 悲惨な。","Japanese Wiktionary",https://ja.wiktionary.org/wiki/tragic,"CC BY-SA 4.0",2026-08-05,2026-08-14
tragically,"悲惨に","Japanese Wiktionary",https://ja.wiktionary.org/wiki/tragically,"CC BY-SA 4.0",2026-08-05,2026-08-14
traitorous,"裏切りの、反逆的な。","Japanese Wiktionary",https://ja.wiktionary.org/wiki/traitorous,"CC BY-SA 4.0",2026-08-05,2026-08-14
tranquilizing,"鎮静の。鎮静させる。 / 鎮静。 / tranquilizeの現在分詞。","Japanese Wiktionary",https://ja.wiktionary.org/wiki/tranquilizing,"CC BY-SA 4.0",2026-08-05,2026-08-14
tranquilly,"静かに。落ち着いて。","Japanese Wiktionary",https://ja.wiktionary.org/wiki/tranquilly,"CC BY-SA 4.0",2026-08-05,2026-08-14
transcendent,"超越的な","Japanese Wiktionary",https://ja.wiktionary.org/wiki/transcendent,"CC BY-SA 4.0",2026-08-05,2026-08-14
transferable,"移せる。譲渡できる。","Japanese Wiktionary",https://ja.wiktionary.org/wiki/transferable,"CC BY-SA 4.0",2026-08-05,2026-08-14
transgender,"生まれた際の性別と自認する性別が異なる。トランスジェンダーの。 / 生まれた際の性別と自認する性別が異なる人。トランスジェンダー。","Japanese Wiktionary",https://ja.wiktionary.org/wiki/transgender,"CC BY-SA 4.0",2026-08-05,2026-08-14
transitory,"一時的に。 / どの郡にあっても受け付けられる。","Japanese Wiktionary",https://ja.wiktionary.org/wiki/transitory,"CC BY-SA 4.0",2026-08-05,2026-08-14
translucent,"半透明の。透き通るような。 / 明快な。","Japanese Wiktionary",https://ja.wiktionary.org/wiki/translucent,"CC BY-SA 4.0",2026-08-05,2026-08-14
transparently,"透明に。透き通って。 / 明快に。明白に。","Japanese Wiktionary",https://ja.wiktionary.org/wiki/transparently,"CC BY-SA 4.0",2026-08-05,2026-08-14
transthoracic,"胸郭を経由する。","Japanese Wiktionary",https://ja.wiktionary.org/wiki/transthoracic,"CC BY-SA 4.0",2026-08-05,2026-08-14
travaux,"travailの複数形。","Japanese Wiktionary",https://ja.wiktionary.org/wiki/travaux,"CC BY-SA 4.0",2026-08-05,2026-08-14
traversable,"横断できる。 / 否認できる、抗弁できる。","Japanese Wiktionary",https://ja.wiktionary.org/wiki/traversable,"CC BY-SA 4.0",2026-08-05,2026-08-14
treacherous,"裏切りの、叛意を示した。 / あてにならない。 / 信用できない、危険な。","Japanese Wiktionary",https://ja.wiktionary.org/wiki/treacherous,"CC BY-SA 4.0",2026-08-05,2026-08-14
treeing,"treeの現在分詞。","Japanese Wiktionary",https://ja.wiktionary.org/wiki/treeing,"CC BY-SA 4.0",2026-08-05,2026-08-14
tremulous,"震える。慄く。戦慄く。 / 臆病な。","Japanese Wiktionary",https://ja.wiktionary.org/wiki/tremulous,"CC BY-SA 4.0",2026-08-05,2026-08-14
tremulously,"震えて。慄いて。","Japanese Wiktionary",https://ja.wiktionary.org/wiki/tremulously,"CC BY-SA 4.0",2026-08-05,2026-08-14
tren,"銛","Japanese Wiktionary",https://ja.wiktionary.org/wiki/tren,"CC BY-SA 4.0",2026-08-05,2026-08-14
trended,"trendの過去形・過去分詞。","Japanese Wiktionary",https://ja.wiktionary.org/wiki/trended,"CC BY-SA 4.0",2026-08-05,2026-08-14
tres,"トレース。","Japanese Wiktionary",https://ja.wiktionary.org/wiki/tres,"CC BY-SA 4.0",2026-08-05,2026-08-14
tri,"トライアスロン。","Japanese Wiktionary",https://ja.wiktionary.org/wiki/tri,"CC BY-SA 4.0",2026-08-05,2026-08-14
triaged,"triageの過去形・過去分詞。","Japanese Wiktionary",https://ja.wiktionary.org/wiki/triaged,"CC BY-SA 4.0",2026-08-05,2026-08-14
triaging,"triageの現在分詞。","Japanese Wiktionary",https://ja.wiktionary.org/wiki/triaging,"CC BY-SA 4.0",2026-08-05,2026-08-14
trialed,"trialの過去形・過去分詞。","Japanese Wiktionary",https://ja.wiktionary.org/wiki/trialed,"CC BY-SA 4.0",2026-08-05,2026-08-14
trialing,"""trial"" の動名詞又は現在分詞。","Japanese Wiktionary",https://ja.wiktionary.org/wiki/trialing,"CC BY-SA 4.0",2026-08-05,2026-08-14
trialling,"""trial"" の動名詞又は現在分詞。","Japanese Wiktionary",https://ja.wiktionary.org/wiki/trialling,"CC BY-SA 4.0",2026-08-05,2026-08-14
triangular,"三角・三角形を成した。 / 三角形に関する。 / 三角の形状を有する。 / 3個の要素により構成された。","Japanese Wiktionary",https://ja.wiktionary.org/wiki/triangular,"CC BY-SA 4.0",2026-08-05,2026-08-14
tribunitian,"（古代ローマ）護民官の。","Japanese Wiktionary",https://ja.wiktionary.org/wiki/tribunitian,"CC BY-SA 4.0",2026-08-05,2026-08-14
tributed,"tributeの過去形・過去分詞。","Japanese Wiktionary",https://ja.wiktionary.org/wiki/tributed,"CC BY-SA 4.0",2026-08-05,2026-08-14
tributing,"tributeの現在分詞。","Japanese Wiktionary",https://ja.wiktionary.org/wiki/tributing,"CC BY-SA 4.0",2026-08-05,2026-08-14
tricentennial,"300年に1回の。 / 300年間の。 / 300周年（祭）。","Japanese Wiktionary",https://ja.wiktionary.org/wiki/tricentennial,"CC BY-SA 4.0",2026-08-05,2026-08-14
trigonometric,"三角法の。","Japanese Wiktionary",https://ja.wiktionary.org/wiki/trigonometric,"CC BY-SA 4.0",2026-08-05,2026-08-14
trilingual,"3つの言語を使用する。 / 3つの言語を理解し、使用できる人。トリリンガル。","Japanese Wiktionary",https://ja.wiktionary.org/wiki/trilingual,"CC BY-SA 4.0",2026-08-05,2026-08-14
trist,"信頼、信用。 / 信頼する、信用する。 / 悲しい。","Japanese Wiktionary",https://ja.wiktionary.org/wiki/trist,"CC BY-SA 4.0",2026-08-05,2026-08-14
triste,"悲しい。 / 家畜品評会。","Japanese Wiktionary",https://ja.wiktionary.org/wiki/triste,"CC BY-SA 4.0",2026-08-05,2026-08-14
tristes,"tristeの複数形。","Japanese Wiktionary",https://ja.wiktionary.org/wiki/tristes,"CC BY-SA 4.0",2026-08-05,2026-08-14
tristesse,"悲しみ、悲しさ。","Japanese Wiktionary",https://ja.wiktionary.org/wiki/tristesse,"CC BY-SA 4.0",2026-08-05,2026-08-14
tristeza,"トリステザ病。","Japanese Wiktionary",https://ja.wiktionary.org/wiki/tristeza,"CC BY-SA 4.0",2026-08-05,2026-08-14
triune,"三位一体の。","Japanese Wiktionary",https://ja.wiktionary.org/wiki/triune,"CC BY-SA 4.0",2026-08-05,2026-08-14
trivial,"末梢的な、些細な、枝葉の、つまらない。 / 自明の。","Japanese Wiktionary",https://ja.wiktionary.org/wiki/trivial,"CC BY-SA 4.0",2026-08-05,2026-08-14
trivialization,"矮小化。矮小化表現。","Japanese Wiktionary",https://ja.wiktionary.org/wiki/trivialization,"CC BY-SA 4.0",2026-08-05,2026-08-14
troublesome,"厄介な、面倒な。","Japanese Wiktionary",https://ja.wiktionary.org/wiki/troublesome,"CC BY-SA 4.0",2026-08-05,2026-08-14
truly,"真実に、正確に、 / 偽りなく、誠実に、本当に、実は。 / 大変。","Japanese Wiktionary",https://ja.wiktionary.org/wiki/truly,"CC BY-SA 4.0",2026-08-05,2026-08-14
trustworthy,"信用できる。","Japanese Wiktionary",https://ja.wiktionary.org/wiki/trustworthy,"CC BY-SA 4.0",2026-08-05,2026-08-14
truthful,"嘘を言わない。正直な。 / 真実の。","Japanese Wiktionary",https://ja.wiktionary.org/wiki/truthful,"CC BY-SA 4.0",2026-08-05,2026-08-14
truthfully,"正直に。誠実に。 / 正直なところ。","Japanese Wiktionary",https://ja.wiktionary.org/wiki/truthfully,"CC BY-SA 4.0",2026-08-05,2026-08-14
tuitions,"tuitionの複数形","Japanese Wiktionary",https://ja.wiktionary.org/wiki/tuitions,"CC BY-SA 4.0",2026-08-05,2026-08-14
tumorigenesis,"腫瘍形成。","Japanese Wiktionary",https://ja.wiktionary.org/wiki/tumorigenesis,"CC BY-SA 4.0",2026-08-05,2026-08-14
tumultuous,"騒然とした、大騒ぎの。[16世紀中期より] / 動揺した、取り乱した、無秩序の。[16世紀中期より]","Japanese Wiktionary",https://ja.wiktionary.org/wiki/tumultuous,"CC BY-SA 4.0",2026-08-05,2026-08-14
turbid,"（液体などが）濁った、淀んだ、不透明な。 / （霧や煙が）立ち込めた。 / （思考などが）混乱した。","Japanese Wiktionary",https://ja.wiktionary.org/wiki/turbid,"CC BY-SA 4.0",2026-08-05,2026-08-14
turbulent,"荒れ狂う、乱暴な。 / 動揺した、騒然とした、不穏な。","Japanese Wiktionary",https://ja.wiktionary.org/wiki/turbulent,"CC BY-SA 4.0",2026-08-05,2026-08-14
turgid,"膨らんだ、腫れた。 / （言葉・文体などが）大袈裟な。","Japanese Wiktionary",https://ja.wiktionary.org/wiki/turgid,"CC BY-SA 4.0",2026-08-05,2026-08-14
twee,"気取った、感傷的過ぎる。","Japanese Wiktionary",https://ja.wiktionary.org/wiki/twee,"CC BY-SA 4.0",2026-08-05,2026-08-14
tweel,"綾織り","Japanese Wiktionary",https://ja.wiktionary.org/wiki/tweel,"CC BY-SA 4.0",2026-08-05,2026-08-14
twice,"二回、二度 / 二倍","Japanese Wiktionary",https://ja.wiktionary.org/wiki/twice,"CC BY-SA 4.0",2026-08-05,2026-08-14
twofold,"二重の、二倍の。 / 二要素からなる。 / 二重に、二倍に。","Japanese Wiktionary",https://ja.wiktionary.org/wiki/twofold,"CC BY-SA 4.0",2026-08-05,2026-08-14
typical,"典型的な、代表的な / 特有の","Japanese Wiktionary",https://ja.wiktionary.org/wiki/typical,"CC BY-SA 4.0",2026-08-05,2026-08-14
typically,"典型的に / 例によって","Japanese Wiktionary",https://ja.wiktionary.org/wiki/typically,"CC BY-SA 4.0",2026-08-05,2026-08-14
tyrannical,"暴君的な。専制的な。横暴な。","Japanese Wiktionary",https://ja.wiktionary.org/wiki/tyrannical,"CC BY-SA 4.0",2026-08-05,2026-08-14
ubiquitin,"ユビキチン。","Japanese Wiktionary",https://ja.wiktionary.org/wiki/ubiquitin,"CC BY-SA 4.0",2026-08-05,2026-08-14
ubiquitous,"遍在する、至る所に存在する。","Japanese Wiktionary",https://ja.wiktionary.org/wiki/ubiquitous,"CC BY-SA 4.0",2026-08-05,2026-08-14
ubiquitously,"遍在的に。","Japanese Wiktionary",https://ja.wiktionary.org/wiki/ubiquitously,"CC BY-SA 4.0",2026-08-05,2026-08-14
udon,"うどん。","Japanese Wiktionary",https://ja.wiktionary.org/wiki/udon,"CC BY-SA 4.0",2026-08-05,2026-08-14
ufology,"UFO研究。UFO学。","Japanese Wiktionary",https://ja.wiktionary.org/wiki/ufology,"CC BY-SA 4.0",2026-08-05,2026-08-14
ulan,"uhlanの別形。","Japanese Wiktionary",https://ja.wiktionary.org/wiki/ulan,"CC BY-SA 4.0",2026-08-05,2026-08-14
ulnar,"尺骨の。","Japanese Wiktionary",https://ja.wiktionary.org/wiki/ulnar,"CC BY-SA 4.0",2026-08-05,2026-08-14
ultimately,"最後に。最終的に。 / 究極的には。結局。","Japanese Wiktionary",https://ja.wiktionary.org/wiki/ultimately,"CC BY-SA 4.0",2026-08-05,2026-08-14
ultime,"最後の、最終の。","Japanese Wiktionary",https://ja.wiktionary.org/wiki/ultime,"CC BY-SA 4.0",2026-08-05,2026-08-14
ultimo,"先月の。 / 先月に。","Japanese Wiktionary",https://ja.wiktionary.org/wiki/ultimo,"CC BY-SA 4.0",2026-08-05,2026-08-14
ultrasonic,"超音波の。","Japanese Wiktionary",https://ja.wiktionary.org/wiki/ultrasonic,"CC BY-SA 4.0",2026-08-05,2026-08-14
umami,"旨味。","Japanese Wiktionary",https://ja.wiktionary.org/wiki/umami,"CC BY-SA 4.0",2026-08-05,2026-08-14
umiacs,"umiacの複数形。","Japanese Wiktionary",https://ja.wiktionary.org/wiki/umiacs,"CC BY-SA 4.0",2026-08-05,2026-08-14
umlaute,"umlautの複数形。","Japanese Wiktionary",https://ja.wiktionary.org/wiki/umlaute,"CC BY-SA 4.0",2026-08-05,2026-08-14
umpteen,"多数の。無数の。","Japanese Wiktionary",https://ja.wiktionary.org/wiki/umpteen,"CC BY-SA 4.0",2026-08-05,2026-08-14
umpteenth,"何度もの。","Japanese Wiktionary",https://ja.wiktionary.org/wiki/umpteenth,"CC BY-SA 4.0",2026-08-05,2026-08-14
umwelt,"Umweltの異形。","Japanese Wiktionary",https://ja.wiktionary.org/wiki/umwelt,"CC BY-SA 4.0",2026-08-05,2026-08-14
unable,"～できない。","Japanese Wiktionary",https://ja.wiktionary.org/wiki/unable,"CC BY-SA 4.0",2026-08-05,2026-08-14
unacceptable,"受け入れ難い。容認できない。 / 用法にそぐわない。 / 容認しがたいもの。","Japanese Wiktionary",https://ja.wiktionary.org/wiki/unacceptable,"CC BY-SA 4.0",2026-08-05,2026-08-14
unaccompanied,"同伴者のない。 / 別送の。 / 伴奏のない。無伴奏の。","Japanese Wiktionary",https://ja.wiktionary.org/wiki/unaccompanied,"CC BY-SA 4.0",2026-08-05,2026-08-14
unaccountable,"説明できない、説明不能の。 / 責任を負っていない。","Japanese Wiktionary",https://ja.wiktionary.org/wiki/unaccountable,"CC BY-SA 4.0",2026-08-05,2026-08-14
unadorned,"飾りのない。 / unadornの過去形・過去分詞。","Japanese Wiktionary",https://ja.wiktionary.org/wiki/unadorned,"CC BY-SA 4.0",2026-08-05,2026-08-14
unaided,"援助を受けない。助力なしの。 / 裸眼の。","Japanese Wiktionary",https://ja.wiktionary.org/wiki/unaided,"CC BY-SA 4.0",2026-08-05,2026-08-14
unaligned,"非同盟の。","Japanese Wiktionary",https://ja.wiktionary.org/wiki/unaligned,"CC BY-SA 4.0",2026-08-05,2026-08-14
unambiguous,"曖昧でない、明白な。","Japanese Wiktionary",https://ja.wiktionary.org/wiki/unambiguous,"CC BY-SA 4.0",2026-08-05,2026-08-14
unambiguously,"明白に。","Japanese Wiktionary",https://ja.wiktionary.org/wiki/unambiguously,"CC BY-SA 4.0",2026-08-05,2026-08-14
unanimous,"全員一致/全会一致の、異議のない。 / 見解が一致した。","Japanese Wiktionary",https://ja.wiktionary.org/wiki/unanimous,"CC BY-SA 4.0",2026-08-05,2026-08-14
unanimously,"""unanimous"" の副詞形。満場一致で。","Japanese Wiktionary",https://ja.wiktionary.org/wiki/unanimously,"CC BY-SA 4.0",2026-08-05,2026-08-14
unanticipated,"予期せぬ、思いがけない。","Japanese Wiktionary",https://ja.wiktionary.org/wiki/unanticipated,"CC BY-SA 4.0",2026-08-05,2026-08-14
unassuming,"気取らない、謙虚な、控えめな。","Japanese Wiktionary",https://ja.wiktionary.org/wiki/unassuming,"CC BY-SA 4.0",2026-08-05,2026-08-14
unattached,"取り付けられていない、離れている。 / 結婚していない、独身の、恋人の居ない。 / （団体に）所属していない、無所属の。 / unattachの過去形・過去分詞。","Japanese Wiktionary",https://ja.wiktionary.org/wiki/unattached,"CC BY-SA 4.0",2026-08-05,2026-08-14
unattended,"付き添いの居ない。 / 放置された。","Japanese Wiktionary",https://ja.wiktionary.org/wiki/unattended,"CC BY-SA 4.0",2026-08-05,2026-08-14
unauthorised,"権限のない。無認可の。","Japanese Wiktionary",https://ja.wiktionary.org/wiki/unauthorised,"CC BY-SA 4.0",2026-08-05,2026-08-14
unauthorized,"権限のない。無認可の。","Japanese Wiktionary",https://ja.wiktionary.org/wiki/unauthorized,"CC BY-SA 4.0",2026-08-05,2026-08-14
unavailing,"無益な、無効の。","Japanese Wiktionary",https://ja.wiktionary.org/wiki/unavailing,"CC BY-SA 4.0",2026-08-05,2026-08-14
unavoidable,"避けられない。不可避の。止むを得ない。 / 無効にできない。 / 避けられない物事。","Japanese Wiktionary",https://ja.wiktionary.org/wiki/unavoidable,"CC BY-SA 4.0",2026-08-05,2026-08-14
unaware,"不知の、知らずに。 / 考えなしの、無謀な。","Japanese Wiktionary",https://ja.wiktionary.org/wiki/unaware,"CC BY-SA 4.0",2026-08-05,2026-08-14
unawares,"不意に。 / 軽率に。 / 無謀に。","Japanese Wiktionary",https://ja.wiktionary.org/wiki/unawares,"CC BY-SA 4.0",2026-08-05,2026-08-14
unbearable,"耐えられない。我慢できない。","Japanese Wiktionary",https://ja.wiktionary.org/wiki/unbearable,"CC BY-SA 4.0",2026-08-05,2026-08-14
unbearably,"耐えられないほど。我慢できないほど。","Japanese Wiktionary",https://ja.wiktionary.org/wiki/unbearably,"CC BY-SA 4.0",2026-08-05,2026-08-14
unbeatable,"負かすことのできない、無敵の / 最高の、傑出した / 無敵","Japanese Wiktionary",https://ja.wiktionary.org/wiki/unbeatable,"CC BY-SA 4.0",2026-08-05,2026-08-14
unbeaten,"負けたことのない、無敵の。 / 鞭打たれない。 / 人跡未踏の。","Japanese Wiktionary",https://ja.wiktionary.org/wiki/unbeaten,"CC BY-SA 4.0",2026-08-05,2026-08-14
unbecoming,"似合わない。 / 似つかわしくない、不相応の。","Japanese Wiktionary",https://ja.wiktionary.org/wiki/unbecoming,"CC BY-SA 4.0",2026-08-05,2026-08-14
unbelievable,"信じられない。信じがたい。たぶん真実ではない。 / 信じられないほど極端である。驚くほど素晴らしい。どうしようもないほどひどい。","Japanese Wiktionary",https://ja.wiktionary.org/wiki/unbelievable,"CC BY-SA 4.0",2026-08-05,2026-08-14
unbelievably,"信じられないほどに。信じがたいことに。","Japanese Wiktionary",https://ja.wiktionary.org/wiki/unbelievably,"CC BY-SA 4.0",2026-08-05,2026-08-14
unbelieving,"信じない。信じようとしない。不信心な。","Japanese Wiktionary",https://ja.wiktionary.org/wiki/unbelieving,"CC BY-SA 4.0",2026-08-05,2026-08-14
unbiased,"公平な。偏見のない。先入観のない。 / 無作為の。 / 不偏の。","Japanese Wiktionary",https://ja.wiktionary.org/wiki/unbiased,"CC BY-SA 4.0",2026-08-05,2026-08-14
unborn,"まだ生まれていない、母胎にある。 / 将来の。 / 生まれることなく存在する。","Japanese Wiktionary",https://ja.wiktionary.org/wiki/unborn,"CC BY-SA 4.0",2026-08-05,2026-08-14
unbounded,"限界のない、無限の。","Japanese Wiktionary",https://ja.wiktionary.org/wiki/unbounded,"CC BY-SA 4.0",2026-08-05,2026-08-14
unbox,"箱から取り出す。","Japanese Wiktionary",https://ja.wiktionary.org/wiki/unbox,"CC BY-SA 4.0",2026-08-05,2026-08-14
unboxed,"""unbox"" の過去形・過去分詞。","Japanese Wiktionary",https://ja.wiktionary.org/wiki/unboxed,"CC BY-SA 4.0",2026-08-05,2026-08-14
unboxing,"""unbox"" の動名詞又は現在分詞。","Japanese Wiktionary",https://ja.wiktionary.org/wiki/unboxing,"CC BY-SA 4.0",2026-08-05,2026-08-14
unbroken,"壊れていない、無傷の、完全な。 / （馬などが）乗り慣らされていない。 / 連続した、途切れない。 / （記録などが）破られていない。","Japanese Wiktionary",https://ja.wiktionary.org/wiki/unbroken,"CC BY-SA 4.0",2026-08-05,2026-08-14
uncaring,"思い遣りのない、冷淡な、薄情な。 / 冷淡、薄情。","Japanese Wiktionary",https://ja.wiktionary.org/wiki/uncaring,"CC BY-SA 4.0",2026-08-05,2026-08-14
unceasing,"絶え間ない。","Japanese Wiktionary",https://ja.wiktionary.org/wiki/unceasing,"CC BY-SA 4.0",2026-08-05,2026-08-14
unceasingly,"絶え間なく。","Japanese Wiktionary",https://ja.wiktionary.org/wiki/unceasingly,"CC BY-SA 4.0",2026-08-05,2026-08-14
unceremonious,"無作法な、ぶっきらぼうな。","Japanese Wiktionary",https://ja.wiktionary.org/wiki/unceremonious,"CC BY-SA 4.0",2026-08-05,2026-08-14
unceremoniously,"無作法に、ぶっきらぼうに。","Japanese Wiktionary",https://ja.wiktionary.org/wiki/unceremoniously,"CC BY-SA 4.0",2026-08-05,2026-08-14
uncertain,"あやふやな、不確実な。 / 未知の。 / 未定の。 / 可変の。 / 不安定な。 / 予測不可能な。 / 不確実であること。","Japanese Wiktionary",https://ja.wiktionary.org/wiki/uncertain,"CC BY-SA 4.0",2026-08-05,2026-08-14
unchanged,"""unchange"" の過去形・過去分詞。 / 変わらない、不変の。","Japanese Wiktionary",https://ja.wiktionary.org/wiki/unchanged,"CC BY-SA 4.0",2026-08-05,2026-08-14
unchanging,"不変の。 / unchangeの動名詞又は現在分詞。","Japanese Wiktionary",https://ja.wiktionary.org/wiki/unchanging,"CC BY-SA 4.0",2026-08-05,2026-08-14
uncharacteristic,"特徴的でない / ～らしくない","Japanese Wiktionary",https://ja.wiktionary.org/wiki/uncharacteristic,"CC BY-SA 4.0",2026-08-05,2026-08-14
unchaste,"不貞な、淫らな。","Japanese Wiktionary",https://ja.wiktionary.org/wiki/unchaste,"CC BY-SA 4.0",2026-08-05,2026-08-14
unchecked,"検査されない。 / 抑制されない。","Japanese Wiktionary",https://ja.wiktionary.org/wiki/unchecked,"CC BY-SA 4.0",2026-08-05,2026-08-14
uncivil,"無礼な、無作法な。","Japanese Wiktionary",https://ja.wiktionary.org/wiki/uncivil,"CC BY-SA 4.0",2026-08-05,2026-08-14
uncivilised,"uncivilizedの異綴。","Japanese Wiktionary",https://ja.wiktionary.org/wiki/uncivilised,"CC BY-SA 4.0",2026-08-05,2026-08-14
uncivilized,"未開の。辺鄙な。 / 野蛮な。","Japanese Wiktionary",https://ja.wiktionary.org/wiki/uncivilized,"CC BY-SA 4.0",2026-08-05,2026-08-14
unclean,"汚い、不潔な。 / 邪悪な。 / 汚れた、不浄の。","Japanese Wiktionary",https://ja.wiktionary.org/wiki/unclean,"CC BY-SA 4.0",2026-08-05,2026-08-14
unclear,"はっきりしない、曖昧な。","Japanese Wiktionary",https://ja.wiktionary.org/wiki/unclear,"CC BY-SA 4.0",2026-08-05,2026-08-14
uncomfortable,"不快な。 / 堅苦しい、気楽になれない。 / 気分が悪い。","Japanese Wiktionary",https://ja.wiktionary.org/wiki/uncomfortable,"CC BY-SA 4.0",2026-08-05,2026-08-14
uncommon,"特殊な、特別な、一般ではない。 / 特異な、奇異な、変わった点を持つ。 / 珍しい、稀な。 / 際立った、並外れた、非凡な。","Japanese Wiktionary",https://ja.wiktionary.org/wiki/uncommon,"CC BY-SA 4.0",2026-08-05,2026-08-14
uncommonly,"非常に、異様に、際立って / 希に、めったにない程に","Japanese Wiktionary",https://ja.wiktionary.org/wiki/uncommonly,"CC BY-SA 4.0",2026-08-05,2026-08-14
uncompleted,"未完成の。","Japanese Wiktionary",https://ja.wiktionary.org/wiki/uncompleted,"CC BY-SA 4.0",2026-08-05,2026-08-14
uncompromised,"妥協のない、徹底した。","Japanese Wiktionary",https://ja.wiktionary.org/wiki/uncompromised,"CC BY-SA 4.0",2026-08-05,2026-08-14
uncompromising,"妥協しない、強情な。","Japanese Wiktionary",https://ja.wiktionary.org/wiki/uncompromising,"CC BY-SA 4.0",2026-08-05,2026-08-14
uncompromisingly,"妥協せずに、強情に。","Japanese Wiktionary",https://ja.wiktionary.org/wiki/uncompromisingly,"CC BY-SA 4.0",2026-08-05,2026-08-14
unconcealed,"隠されていない。あからさまの。公然の。","Japanese Wiktionary",https://ja.wiktionary.org/wiki/unconcealed,"CC BY-SA 4.0",2026-08-05,2026-08-14
unconcerned,"無関心な、無頓着な、心配しない / 関係していない","Japanese Wiktionary",https://ja.wiktionary.org/wiki/unconcerned,"CC BY-SA 4.0",2026-08-05,2026-08-14
unconditional,"無条件の、絶対的な","Japanese Wiktionary",https://ja.wiktionary.org/wiki/unconditional,"CC BY-SA 4.0",2026-08-05,2026-08-14
unconditionally,"無条件に、絶対的に","Japanese Wiktionary",https://ja.wiktionary.org/wiki/unconditionally,"CC BY-SA 4.0",2026-08-05,2026-08-14
unconnected,"個別の、ばらばらの、関係のない、関連のない","Japanese Wiktionary",https://ja.wiktionary.org/wiki/unconnected,"CC BY-SA 4.0",2026-08-05,2026-08-14
unconquerable,"征服しがたい、克服できない","Japanese Wiktionary",https://ja.wiktionary.org/wiki/unconquerable,"CC BY-SA 4.0",2026-08-05,2026-08-14
unconsciously,"気を失って。 / 無意識に。","Japanese Wiktionary",https://ja.wiktionary.org/wiki/unconsciously,"CC BY-SA 4.0",2026-08-05,2026-08-14
uncontrollable,"統制不能の、統御不能の。","Japanese Wiktionary",https://ja.wiktionary.org/wiki/uncontrollable,"CC BY-SA 4.0",2026-08-05,2026-08-14
uncontrolled,"抑えられない。抑制できない。 / 規制されていない。野放しの。","Japanese Wiktionary",https://ja.wiktionary.org/wiki/uncontrolled,"CC BY-SA 4.0",2026-08-05,2026-08-14
unconventional,"慣習にとらわれない、型破りな。 / 慣習にとらわれない人・物。","Japanese Wiktionary",https://ja.wiktionary.org/wiki/unconventional,"CC BY-SA 4.0",2026-08-05,2026-08-14
uncooked,"生の、料理していない。 / uncook の過去形又は過去分詞形。","Japanese Wiktionary",https://ja.wiktionary.org/wiki/uncooked,"CC BY-SA 4.0",2026-08-05,2026-08-14
uncountable,"数え切れない。無数の。 / 非可算の。 / 不可算の。 / 不可算名詞。","Japanese Wiktionary",https://ja.wiktionary.org/wiki/uncountable,"CC BY-SA 4.0",2026-08-05,2026-08-14
uncountably,"数え切れないほど。 / 不可算で。 / 非可算で。","Japanese Wiktionary",https://ja.wiktionary.org/wiki/uncountably,"CC BY-SA 4.0",2026-08-05,2026-08-14
uncouth,"見知らぬ、見慣れない。 / 不器用な。 / 無礼な、無作法な、粗野な。","Japanese Wiktionary",https://ja.wiktionary.org/wiki/uncouth,"CC BY-SA 4.0",2026-08-05,2026-08-14
unctuous,"油っこい、油性の / 愛想がよすぎる","Japanese Wiktionary",https://ja.wiktionary.org/wiki/unctuous,"CC BY-SA 4.0",2026-08-05,2026-08-14
uncultivated,"耕作されていない。 / 洗練されていない、粗野な、野卑な。 / 不毛の。","Japanese Wiktionary",https://ja.wiktionary.org/wiki/uncultivated,"CC BY-SA 4.0",2026-08-05,2026-08-14
uncut,"切られていない。刈られていない。カットされていない。 / （映画などが）ノーカットの。","Japanese Wiktionary",https://ja.wiktionary.org/wiki/uncut,"CC BY-SA 4.0",2026-08-05,2026-08-14
undamaged,"無傷の。損害を受けていない。","Japanese Wiktionary",https://ja.wiktionary.org/wiki/undamaged,"CC BY-SA 4.0",2026-08-05,2026-08-14
undaunted,"ひるんでいない、臆していない。 / がっかりしていない、気落ちしていない。","Japanese Wiktionary",https://ja.wiktionary.org/wiki/undaunted,"CC BY-SA 4.0",2026-08-05,2026-08-14
undefiled,"純潔な。汚れのない。","Japanese Wiktionary",https://ja.wiktionary.org/wiki/undefiled,"CC BY-SA 4.0",2026-08-05,2026-08-14
undefined,"曖昧な、定義されていない、漠然とした、不明確な。 / 未定義の。","Japanese Wiktionary",https://ja.wiktionary.org/wiki/undefined,"CC BY-SA 4.0",2026-08-05,2026-08-14
undeniable,"否めない。否定される余地がない。 / 断れない。拒否できない。 / 文句がない。すばらしい。 / 確かな、間違いない。","Japanese Wiktionary",https://ja.wiktionary.org/wiki/undeniable,"CC BY-SA 4.0",2026-08-05,2026-08-14
undeniably,"否定できないくらいに。明らかに。","Japanese Wiktionary",https://ja.wiktionary.org/wiki/undeniably,"CC BY-SA 4.0",2026-08-05,2026-08-14
under,"～の下で。 / ～未満の。 / 下の。 / 下に。","Japanese Wiktionary",https://ja.wiktionary.org/wiki/under,"CC BY-SA 4.0",2026-08-05,2026-08-14
undercover,"秘密の、内密の、おとり捜査の。 / 諜報活動の。 / 秘密捜査官。","Japanese Wiktionary",https://ja.wiktionary.org/wiki/undercover,"CC BY-SA 4.0",2026-08-05,2026-08-14
underdone,"生焼けの。生煮えの。","Japanese Wiktionary",https://ja.wiktionary.org/wiki/underdone,"CC BY-SA 4.0",2026-08-05,2026-08-14
undermanned,"undermanの過去形・過去分詞。 / 人員不足の。人手不足の。","Japanese Wiktionary",https://ja.wiktionary.org/wiki/undermanned,"CC BY-SA 4.0",2026-08-05,2026-08-14
undermentioned,"下記の。以下の。","Japanese Wiktionary",https://ja.wiktionary.org/wiki/undermentioned,"CC BY-SA 4.0",2026-08-05,2026-08-14
underneath,"～の表面下に、～の真下に。 / ～の支配を受けて。 / ～に隠れて。 / 下に。 / 心の中では。 / 底、最下部。","Japanese Wiktionary",https://ja.wiktionary.org/wiki/underneath,"CC BY-SA 4.0",2026-08-05,2026-08-14
understandable,"理解できる / 当然の","Japanese Wiktionary",https://ja.wiktionary.org/wiki/understandable,"CC BY-SA 4.0",2026-08-05,2026-08-14
understandably,"当然のことながら。","Japanese Wiktionary",https://ja.wiktionary.org/wiki/understandably,"CC BY-SA 4.0",2026-08-05,2026-08-14
underwater,"水中の / 水中で","Japanese Wiktionary",https://ja.wiktionary.org/wiki/underwater,"CC BY-SA 4.0",2026-08-05,2026-08-14
undifferentiated,"区別されていない。 / （細胞などが）未分化の。","Japanese Wiktionary",https://ja.wiktionary.org/wiki/undifferentiated,"CC BY-SA 4.0",2026-08-05,2026-08-14
undigested,"消化されない。","Japanese Wiktionary",https://ja.wiktionary.org/wiki/undigested,"CC BY-SA 4.0",2026-08-05,2026-08-14
undiluted,"（水などで）薄められていない。 / 純粋な。","Japanese Wiktionary",https://ja.wiktionary.org/wiki/undiluted,"CC BY-SA 4.0",2026-08-05,2026-08-14
undistinguished,"平凡な。並の。目立たない。","Japanese Wiktionary",https://ja.wiktionary.org/wiki/undistinguished,"CC BY-SA 4.0",2026-08-05,2026-08-14
undivided,"ひたすらな。 / 分割されていない。","Japanese Wiktionary",https://ja.wiktionary.org/wiki/undivided,"CC BY-SA 4.0",2026-08-05,2026-08-14
undoubted,"疑いない、確かな。","Japanese Wiktionary",https://ja.wiktionary.org/wiki/undoubted,"CC BY-SA 4.0",2026-08-05,2026-08-14
undoubtedly,"疑いなく、確かに。","Japanese Wiktionary",https://ja.wiktionary.org/wiki/undoubtedly,"CC BY-SA 4.0",2026-08-05,2026-08-14
uneasily,"不安そうに / 窮屈そうに","Japanese Wiktionary",https://ja.wiktionary.org/wiki/uneasily,"CC BY-SA 4.0",2026-08-05,2026-08-14
uneducated,"教養のない。無学の。","Japanese Wiktionary",https://ja.wiktionary.org/wiki/uneducated,"CC BY-SA 4.0",2026-08-05,2026-08-14
unequaled,"匹敵するものがない。無比の。","Japanese Wiktionary",https://ja.wiktionary.org/wiki/unequaled,"CC BY-SA 4.0",2026-08-05,2026-08-14
unequalled,"unequaledの異綴。","Japanese Wiktionary",https://ja.wiktionary.org/wiki/unequalled,"CC BY-SA 4.0",2026-08-05,2026-08-14
unequally,"不公平に。不平等に。","Japanese Wiktionary",https://ja.wiktionary.org/wiki/unequally,"CC BY-SA 4.0",2026-08-05,2026-08-14
unequivocal,"明確な、明瞭な、はっきりした。 / 絶対的な、無条件の。","Japanese Wiktionary",https://ja.wiktionary.org/wiki/unequivocal,"CC BY-SA 4.0",2026-08-05,2026-08-14
unequivocally,"明確に。明瞭に。はっきりと。","Japanese Wiktionary",https://ja.wiktionary.org/wiki/unequivocally,"CC BY-SA 4.0",2026-08-05,2026-08-14
unerring,"誤りを犯さない、正確な","Japanese Wiktionary",https://ja.wiktionary.org/wiki/unerring,"CC BY-SA 4.0",2026-08-05,2026-08-14
unerringly,"正確に、的確に","Japanese Wiktionary",https://ja.wiktionary.org/wiki/unerringly,"CC BY-SA 4.0",2026-08-05,2026-08-14
uneven,"平らでない。凸凹の。 / 不規則な。均質でない。むらのある。","Japanese Wiktionary",https://ja.wiktionary.org/wiki/uneven,"CC BY-SA 4.0",2026-08-05,2026-08-14
unevenly,"凸凹に。 / 不規則に。 / 不公平に。不平等に。","Japanese Wiktionary",https://ja.wiktionary.org/wiki/unevenly,"CC BY-SA 4.0",2026-08-05,2026-08-14
uneventful,"事件のない / 平穏な","Japanese Wiktionary",https://ja.wiktionary.org/wiki/uneventful,"CC BY-SA 4.0",2026-08-05,2026-08-14
unexampled,"前例のない。","Japanese Wiktionary",https://ja.wiktionary.org/wiki/unexampled,"CC BY-SA 4.0",2026-08-05,2026-08-14
unexpectedly,"予期せず、不意に。","Japanese Wiktionary",https://ja.wiktionary.org/wiki/unexpectedly,"CC BY-SA 4.0",2026-08-05,2026-08-14
unexperienced,"未経験の。","Japanese Wiktionary",https://ja.wiktionary.org/wiki/unexperienced,"CC BY-SA 4.0",2026-08-05,2026-08-14
unfairly,"不正に、卑怯に。 / 不公平に。","Japanese Wiktionary",https://ja.wiktionary.org/wiki/unfairly,"CC BY-SA 4.0",2026-08-05,2026-08-14
unfaithful,"不貞な / 不誠実な、忠実でない / 不正確な","Japanese Wiktionary",https://ja.wiktionary.org/wiki/unfaithful,"CC BY-SA 4.0",2026-08-05,2026-08-14
unfamiliar,"知られていない。 / よく知らない。","Japanese Wiktionary",https://ja.wiktionary.org/wiki/unfamiliar,"CC BY-SA 4.0",2026-08-05,2026-08-14
unfathomable,"理解できない、不可解な。 / 底知れない、計り知れない。","Japanese Wiktionary",https://ja.wiktionary.org/wiki/unfathomable,"CC BY-SA 4.0",2026-08-05,2026-08-14
unfavorable,"不利な。都合の悪い。適さない。 / 好意的でない。敵意のある。 / 不運な。不吉な。","Japanese Wiktionary",https://ja.wiktionary.org/wiki/unfavorable,"CC BY-SA 4.0",2026-08-05,2026-08-14
unfavorably,"不利に。 / 好意的でなく。","Japanese Wiktionary",https://ja.wiktionary.org/wiki/unfavorably,"CC BY-SA 4.0",2026-08-05,2026-08-14
unfavourable,"不利な。都合の悪い。適さない。 / 好意的でない。敵意のある。 / 不運な。不吉な。","Japanese Wiktionary",https://ja.wiktionary.org/wiki/unfavourable,"CC BY-SA 4.0",2026-08-05,2026-08-14
unfavourably,"不利に。 / 好意的でなく。","Japanese Wiktionary",https://ja.wiktionary.org/wiki/unfavourably,"CC BY-SA 4.0",2026-08-05,2026-08-14
unfeeling,"感覚のない。無感覚の。 / 冷酷な。無情な。","Japanese Wiktionary",https://ja.wiktionary.org/wiki/unfeeling,"CC BY-SA 4.0",2026-08-05,2026-08-14
unfinished,"終わっていない、未完成の。 / 塗装されていない、仕上げられていない。","Japanese Wiktionary",https://ja.wiktionary.org/wiki/unfinished,"CC BY-SA 4.0",2026-08-05,2026-08-14
unflattering,"御世辞のない。 / （写真写りなどが）悪い。 / （衣装などが）似合わない。 / unflatterの現在分詞。","Japanese Wiktionary",https://ja.wiktionary.org/wiki/unflattering,"CC BY-SA 4.0",2026-08-05,2026-08-14
unforced,"強制でない。自発的な。","Japanese Wiktionary",https://ja.wiktionary.org/wiki/unforced,"CC BY-SA 4.0",2026-08-05,2026-08-14
unforeseeable,"予期できない","Japanese Wiktionary",https://ja.wiktionary.org/wiki/unforeseeable,"CC BY-SA 4.0",2026-08-05,2026-08-14
unforeseen,"予期しない","Japanese Wiktionary",https://ja.wiktionary.org/wiki/unforeseen,"CC BY-SA 4.0",2026-08-05,2026-08-14
unforgettable,"忘れ難い、忘れられない。","Japanese Wiktionary",https://ja.wiktionary.org/wiki/unforgettable,"CC BY-SA 4.0",2026-08-05,2026-08-14
unforgivable,"許せない。","Japanese Wiktionary",https://ja.wiktionary.org/wiki/unforgivable,"CC BY-SA 4.0",2026-08-05,2026-08-14
unforgiveable,"unforgivableの異綴。","Japanese Wiktionary",https://ja.wiktionary.org/wiki/unforgiveable,"CC BY-SA 4.0",2026-08-05,2026-08-14
unforgiven,"許されていない。 / 許されていない者。 / unforgiveの過去形・過去分詞。","Japanese Wiktionary",https://ja.wiktionary.org/wiki/unforgiven,"CC BY-SA 4.0",2026-08-05,2026-08-14
unforgiving,"容赦のない、無慈悲な。 / 過ちの許されない。 / unforgiveの現在分詞。","Japanese Wiktionary",https://ja.wiktionary.org/wiki/unforgiving,"CC BY-SA 4.0",2026-08-05,2026-08-14
unformed,"形を成していない。無定形の。未熟な。未完成の。","Japanese Wiktionary",https://ja.wiktionary.org/wiki/unformed,"CC BY-SA 4.0",2026-08-05,2026-08-14
unfortunately,"残念ながら、不幸にも。","Japanese Wiktionary",https://ja.wiktionary.org/wiki/unfortunately,"CC BY-SA 4.0",2026-08-05,2026-08-14
unfounded,"根拠のない。 / unfoundの過去形・過去分詞形。","Japanese Wiktionary",https://ja.wiktionary.org/wiki/unfounded,"CC BY-SA 4.0",2026-08-05,2026-08-14
unfruitful,"無益な、効果のない / 実の生らない、不毛の","Japanese Wiktionary",https://ja.wiktionary.org/wiki/unfruitful,"CC BY-SA 4.0",2026-08-05,2026-08-14
unfurnished,"家具付きでない。","Japanese Wiktionary",https://ja.wiktionary.org/wiki/unfurnished,"CC BY-SA 4.0",2026-08-05,2026-08-14
ungrateful,"恩知らずの。","Japanese Wiktionary",https://ja.wiktionary.org/wiki/ungrateful,"CC BY-SA 4.0",2026-08-05,2026-08-14
unhappily,"不幸に。 / 不幸なことに。 / 惨めに。","Japanese Wiktionary",https://ja.wiktionary.org/wiki/unhappily,"CC BY-SA 4.0",2026-08-05,2026-08-14
unharmed,"無傷の。","Japanese Wiktionary",https://ja.wiktionary.org/wiki/unharmed,"CC BY-SA 4.0",2026-08-05,2026-08-14
unhelpful,"役に立たない。助けにならない。","Japanese Wiktionary",https://ja.wiktionary.org/wiki/unhelpful,"CC BY-SA 4.0",2026-08-05,2026-08-14
unholy,"神聖でない。邪悪な、不純な、堕落した。 / おそろしい、ひどい。","Japanese Wiktionary",https://ja.wiktionary.org/wiki/unholy,"CC BY-SA 4.0",2026-08-05,2026-08-14
unhurt,"無傷の。","Japanese Wiktionary",https://ja.wiktionary.org/wiki/unhurt,"CC BY-SA 4.0",2026-08-05,2026-08-14
unicycles,"""unicycle"" の複数形。 / ""unicycle"" の現在第三人称単数形。","Japanese Wiktionary",https://ja.wiktionary.org/wiki/unicycles,"CC BY-SA 4.0",2026-08-05,2026-08-14
unidentified,"身元不明の。原因不明の。未確認の。","Japanese Wiktionary",https://ja.wiktionary.org/wiki/unidentified,"CC BY-SA 4.0",2026-08-05,2026-08-14
unimportant,"重要でない。","Japanese Wiktionary",https://ja.wiktionary.org/wiki/unimportant,"CC BY-SA 4.0",2026-08-05,2026-08-14
unimpressive,"印象的でない","Japanese Wiktionary",https://ja.wiktionary.org/wiki/unimpressive,"CC BY-SA 4.0",2026-08-05,2026-08-14
uninhabitable,"居住に適さない。","Japanese Wiktionary",https://ja.wiktionary.org/wiki/uninhabitable,"CC BY-SA 4.0",2026-08-05,2026-08-14
uninhabited,"居住者の居ない。無人の。","Japanese Wiktionary",https://ja.wiktionary.org/wiki/uninhabited,"CC BY-SA 4.0",2026-08-05,2026-08-14
uninstall,"取り除く。 / アンインストールする。 / アンインストール。","Japanese Wiktionary",https://ja.wiktionary.org/wiki/uninstall,"CC BY-SA 4.0",2026-08-05,2026-08-14
uninstalled,"uninstallの過去形。 / uninstallの過去分詞形。","Japanese Wiktionary",https://ja.wiktionary.org/wiki/uninstalled,"CC BY-SA 4.0",2026-08-05,2026-08-14
uninstalling,"uninstallの現在分詞。","Japanese Wiktionary",https://ja.wiktionary.org/wiki/uninstalling,"CC BY-SA 4.0",2026-08-05,2026-08-14
uninstalls,"uninstallの複数形。 / uninstallの三人称単数現在形。","Japanese Wiktionary",https://ja.wiktionary.org/wiki/uninstalls,"CC BY-SA 4.0",2026-08-05,2026-08-14
unintelligible,"わかりにくい、意味不明な。","Japanese Wiktionary",https://ja.wiktionary.org/wiki/unintelligible,"CC BY-SA 4.0",2026-08-05,2026-08-14
unintentional,"故意ではない。","Japanese Wiktionary",https://ja.wiktionary.org/wiki/unintentional,"CC BY-SA 4.0",2026-08-05,2026-08-14
unintentionally,"故意でなく。うっかり。","Japanese Wiktionary",https://ja.wiktionary.org/wiki/unintentionally,"CC BY-SA 4.0",2026-08-05,2026-08-14
uninterested,"無関心な、興味のない / 利害関係のない","Japanese Wiktionary",https://ja.wiktionary.org/wiki/uninterested,"CC BY-SA 4.0",2026-08-05,2026-08-14
uninteresting,"退屈な、つまらない","Japanese Wiktionary",https://ja.wiktionary.org/wiki/uninteresting,"CC BY-SA 4.0",2026-08-05,2026-08-14
uninterrupted,"途切れない、絶え間無い","Japanese Wiktionary",https://ja.wiktionary.org/wiki/uninterrupted,"CC BY-SA 4.0",2026-08-05,2026-08-14
unique,"（比較級・最上級なし）唯一の。 / 独自の、独特の、異色の、類を見ない。 / 並ぶもののない、優れた。 / 固有の、特有の。 / 一意の。 / 類のない物・人。","Japanese Wiktionary",https://ja.wiktionary.org/wiki/unique,"CC BY-SA 4.0",2026-08-05,2026-08-14
uniquely,"独自に。独特に。比類なく。","Japanese Wiktionary",https://ja.wiktionary.org/wiki/uniquely,"CC BY-SA 4.0",2026-08-05,2026-08-14
uniques,"uniqueの複数形。","Japanese Wiktionary",https://ja.wiktionary.org/wiki/uniques,"CC BY-SA 4.0",2026-08-05,2026-08-14
universally,"普遍的に / 至る所で","Japanese Wiktionary",https://ja.wiktionary.org/wiki/universally,"CC BY-SA 4.0",2026-08-05,2026-08-14
univocal,"一つの意味しか持たない。 / 意味の明白な。 / 一義語。","Japanese Wiktionary",https://ja.wiktionary.org/wiki/univocal,"CC BY-SA 4.0",2026-08-05,2026-08-14
unjust,"不当な。 / 不公平な。","Japanese Wiktionary",https://ja.wiktionary.org/wiki/unjust,"CC BY-SA 4.0",2026-08-05,2026-08-14
unjustifiable,"不当な、正当化できない。","Japanese Wiktionary",https://ja.wiktionary.org/wiki/unjustifiable,"CC BY-SA 4.0",2026-08-05,2026-08-14
unjustifiably,"不当に。","Japanese Wiktionary",https://ja.wiktionary.org/wiki/unjustifiably,"CC BY-SA 4.0",2026-08-05,2026-08-14
unjustified,"不当な、正当化されない。 / 行端が不揃いの。 / unjustifyの過去形・過去分詞。","Japanese Wiktionary",https://ja.wiktionary.org/wiki/unjustified,"CC BY-SA 4.0",2026-08-05,2026-08-14
unjustly,"不当に。","Japanese Wiktionary",https://ja.wiktionary.org/wiki/unjustly,"CC BY-SA 4.0",2026-08-05,2026-08-14
unkindly,"不親切な、意地悪な。 / 不親切に、意地悪に。","Japanese Wiktionary",https://ja.wiktionary.org/wiki/unkindly,"CC BY-SA 4.0",2026-08-05,2026-08-14
unlawful,"不法の、違法の、非合法の。","Japanese Wiktionary",https://ja.wiktionary.org/wiki/unlawful,"CC BY-SA 4.0",2026-08-05,2026-08-14
unleaded,"無鉛の","Japanese Wiktionary",https://ja.wiktionary.org/wiki/unleaded,"CC BY-SA 4.0",2026-08-05,2026-08-14
unleavened,"パン種を入れていない。","Japanese Wiktionary",https://ja.wiktionary.org/wiki/unleavened,"CC BY-SA 4.0",2026-08-05,2026-08-14
unless,"もし～しなければ。","Japanese Wiktionary",https://ja.wiktionary.org/wiki/unless,"CC BY-SA 4.0",2026-08-05,2026-08-14
unlike,"～とは違って / ～に似ないで / ～らしくない / 違った / 似ていない","Japanese Wiktionary",https://ja.wiktionary.org/wiki/unlike,"CC BY-SA 4.0",2026-08-05,2026-08-14
unlimited,"無制限の、制限されない、絶対の。 / 無限の、終わりの無い、果てしない。","Japanese Wiktionary",https://ja.wiktionary.org/wiki/unlimited,"CC BY-SA 4.0",2026-08-05,2026-08-14
unlined,"線の無い、皺の無い、裏地の無い。","Japanese Wiktionary",https://ja.wiktionary.org/wiki/unlined,"CC BY-SA 4.0",2026-08-05,2026-08-14
unluckily,"不運にも","Japanese Wiktionary",https://ja.wiktionary.org/wiki/unluckily,"CC BY-SA 4.0",2026-08-05,2026-08-14
unmanageable,"扱いにくい。手に負えない。","Japanese Wiktionary",https://ja.wiktionary.org/wiki/unmanageable,"CC BY-SA 4.0",2026-08-05,2026-08-14
unmanly,"男らしくない。女々しい。臆病な。 / 男らしくなく。女々しく。","Japanese Wiktionary",https://ja.wiktionary.org/wiki/unmanly,"CC BY-SA 4.0",2026-08-05,2026-08-14
unmarked,"印のない。 / 傷のない、汚れのない。 / 気付かれていない。 / ノーマークの。 / 採点されていない。 / 無標の。","Japanese Wiktionary",https://ja.wiktionary.org/wiki/unmarked,"CC BY-SA 4.0",2026-08-05,2026-08-14
unmarried,"未婚の、独身の。 / 未婚者、独身者。","Japanese Wiktionary",https://ja.wiktionary.org/wiki/unmarried,"CC BY-SA 4.0",2026-08-05,2026-08-14
unmatched,"釣り合わない。 / 比類のない、無比の。 / unmatchの過去形・過去分詞。","Japanese Wiktionary",https://ja.wiktionary.org/wiki/unmatched,"CC BY-SA 4.0",2026-08-05,2026-08-14
unmerciful,"無慈悲な、無情な / 甚だしい","Japanese Wiktionary",https://ja.wiktionary.org/wiki/unmerciful,"CC BY-SA 4.0",2026-08-05,2026-08-14
unmercifully,"無慈悲に","Japanese Wiktionary",https://ja.wiktionary.org/wiki/unmercifully,"CC BY-SA 4.0",2026-08-05,2026-08-14
unmitigated,"軽減されていない、緩和されていない。 / 全くの、完全な。","Japanese Wiktionary",https://ja.wiktionary.org/wiki/unmitigated,"CC BY-SA 4.0",2026-08-05,2026-08-14
unnatural,"不自然な。異常な。 / 人工の。人為的な。 / 道理に反する。","Japanese Wiktionary",https://ja.wiktionary.org/wiki/unnatural,"CC BY-SA 4.0",2026-08-05,2026-08-14
unnaturally,"不自然に。異常に。人為的に。","Japanese Wiktionary",https://ja.wiktionary.org/wiki/unnaturally,"CC BY-SA 4.0",2026-08-05,2026-08-14
unnecessary,"不要な。余計な。必要以上の。無用な。","Japanese Wiktionary",https://ja.wiktionary.org/wiki/unnecessary,"CC BY-SA 4.0",2026-08-05,2026-08-14
unnervingly,"狼狽するほど。","Japanese Wiktionary",https://ja.wiktionary.org/wiki/unnervingly,"CC BY-SA 4.0",2026-08-05,2026-08-14
unobtainable,"入手できない。得難い。 / 入手できないもの。","Japanese Wiktionary",https://ja.wiktionary.org/wiki/unobtainable,"CC BY-SA 4.0",2026-08-05,2026-08-14
unoccupied,"人の住んでいない、空いている / 暇な / （国などが）占領されていない","Japanese Wiktionary",https://ja.wiktionary.org/wiki/unoccupied,"CC BY-SA 4.0",2026-08-05,2026-08-14
unofficial,"非公式の / 非公認の / 私的な","Japanese Wiktionary",https://ja.wiktionary.org/wiki/unofficial,"CC BY-SA 4.0",2026-08-05,2026-08-14
unofficially,"非公式に","Japanese Wiktionary",https://ja.wiktionary.org/wiki/unofficially,"CC BY-SA 4.0",2026-08-05,2026-08-14
unopposed,"反対者のない。独壇場の。","Japanese Wiktionary",https://ja.wiktionary.org/wiki/unopposed,"CC BY-SA 4.0",2026-08-05,2026-08-14
unowned,"所有者のない。","Japanese Wiktionary",https://ja.wiktionary.org/wiki/unowned,"CC BY-SA 4.0",2026-08-05,2026-08-14
unpaid,"未払いの / 無給の","Japanese Wiktionary",https://ja.wiktionary.org/wiki/unpaid,"CC BY-SA 4.0",2026-08-05,2026-08-14
unparalleled,"比類のない、無比の。","Japanese Wiktionary",https://ja.wiktionary.org/wiki/unparalleled,"CC BY-SA 4.0",2026-08-05,2026-08-14
unplanned,"計画外の、予想外の、予期せぬ。","Japanese Wiktionary",https://ja.wiktionary.org/wiki/unplanned,"CC BY-SA 4.0",2026-08-05,2026-08-14
unpleasant,"不愉快な、嫌な。","Japanese Wiktionary",https://ja.wiktionary.org/wiki/unpleasant,"CC BY-SA 4.0",2026-08-05,2026-08-14
unpleasantly,"不愉快に","Japanese Wiktionary",https://ja.wiktionary.org/wiki/unpleasantly,"CC BY-SA 4.0",2026-08-05,2026-08-14
unpopular,"人気が無い、不人気の。","Japanese Wiktionary",https://ja.wiktionary.org/wiki/unpopular,"CC BY-SA 4.0",2026-08-05,2026-08-14
unprecedented,"過去に例のない。未曾有の。空前の。前代未聞の。いまだかつてない。","Japanese Wiktionary",https://ja.wiktionary.org/wiki/unprecedented,"CC BY-SA 4.0",2026-08-05,2026-08-14
unpredictable,"予測できない。一寸先は闇の。先が見えない。 / 予測できないこと。一寸先は闇の出来事。","Japanese Wiktionary",https://ja.wiktionary.org/wiki/unpredictable,"CC BY-SA 4.0",2026-08-05,2026-08-14
unpremeditated,"前もって計画されていない、即席の、偶発的な","Japanese Wiktionary",https://ja.wiktionary.org/wiki/unpremeditated,"CC BY-SA 4.0",2026-08-05,2026-08-14
unpretentious,"気取らない、勿体ぶらない、自惚れない。","Japanese Wiktionary",https://ja.wiktionary.org/wiki/unpretentious,"CC BY-SA 4.0",2026-08-05,2026-08-14
unpriced,"値段が付けらていない。 / 値段が付けられないほど貴重な。","Japanese Wiktionary",https://ja.wiktionary.org/wiki/unpriced,"CC BY-SA 4.0",2026-08-05,2026-08-14
unprintable,"（猥褻・過激などの理由で）印刷できない。 / 印刷禁止のもの。","Japanese Wiktionary",https://ja.wiktionary.org/wiki/unprintable,"CC BY-SA 4.0",2026-08-05,2026-08-14
unprinted,"印刷されていない。 / unprintの過去形・過去分詞。","Japanese Wiktionary",https://ja.wiktionary.org/wiki/unprinted,"CC BY-SA 4.0",2026-08-05,2026-08-14
unprocessed,"未処理の。未加工の。","Japanese Wiktionary",https://ja.wiktionary.org/wiki/unprocessed,"CC BY-SA 4.0",2026-08-05,2026-08-14
unproductive,"非生産的な。無益な。 / 不毛な。","Japanese Wiktionary",https://ja.wiktionary.org/wiki/unproductive,"CC BY-SA 4.0",2026-08-05,2026-08-14
unprofitable,"利益のない。儲からない。 / 無益な。無駄な。","Japanese Wiktionary",https://ja.wiktionary.org/wiki/unprofitable,"CC BY-SA 4.0",2026-08-05,2026-08-14
unprotected,"保護されていない。無防備な。","Japanese Wiktionary",https://ja.wiktionary.org/wiki/unprotected,"CC BY-SA 4.0",2026-08-05,2026-08-14
unproven,"立証されていない","Japanese Wiktionary",https://ja.wiktionary.org/wiki/unproven,"CC BY-SA 4.0",2026-08-05,2026-08-14
unqualified,"無資格の。不適任の。 / 無制限の。無条件の。全くの。","Japanese Wiktionary",https://ja.wiktionary.org/wiki/unqualified,"CC BY-SA 4.0",2026-08-05,2026-08-14
unquenchable,"消火できない。 / （欲望などが）抑えられない。","Japanese Wiktionary",https://ja.wiktionary.org/wiki/unquenchable,"CC BY-SA 4.0",2026-08-05,2026-08-14
unquiet,"不安な。 / 動揺した。","Japanese Wiktionary",https://ja.wiktionary.org/wiki/unquiet,"CC BY-SA 4.0",2026-08-05,2026-08-14
unread,"悪い助言。 / （書物などが）読まれていない。 / （メールやメッセージが）未読の。 / 無学の、無教育の。","Japanese Wiktionary",https://ja.wiktionary.org/wiki/unread,"CC BY-SA 4.0",2026-08-05,2026-08-14
unready,"準備できていない。ぐずぐずしている。機敏でない。冷静でない。","Japanese Wiktionary",https://ja.wiktionary.org/wiki/unready,"CC BY-SA 4.0",2026-08-05,2026-08-14
unreal,"実在しない、架空の、非現実的な。 / 凄い、すばらしい。","Japanese Wiktionary",https://ja.wiktionary.org/wiki/unreal,"CC BY-SA 4.0",2026-08-05,2026-08-14
unrealistic,"非現実的な。現実味がない。","Japanese Wiktionary",https://ja.wiktionary.org/wiki/unrealistic,"CC BY-SA 4.0",2026-08-05,2026-08-14
unreasonable,"無分別な。理性を欠いた。 / 不当な。不合理な。理不尽な。 / （値段などが）法外な。","Japanese Wiktionary",https://ja.wiktionary.org/wiki/unreasonable,"CC BY-SA 4.0",2026-08-05,2026-08-14
unreasonableness,"無分別さ。不合理さ。理不尽さ。","Japanese Wiktionary",https://ja.wiktionary.org/wiki/unreasonableness,"CC BY-SA 4.0",2026-08-05,2026-08-14
unreasonably,"不当に。不合理に。理不尽に。 / （値段などが）法外に。","Japanese Wiktionary",https://ja.wiktionary.org/wiki/unreasonably,"CC BY-SA 4.0",2026-08-05,2026-08-14
unrecognised,"unrecognizedの異形。","Japanese Wiktionary",https://ja.wiktionary.org/wiki/unrecognised,"CC BY-SA 4.0",2026-08-05,2026-08-14
unrecognized,"気付かれない。 / 正当な評価を受けていない。 / 認識されていない。","Japanese Wiktionary",https://ja.wiktionary.org/wiki/unrecognized,"CC BY-SA 4.0",2026-08-05,2026-08-14
unrefined,"精錬されていない。精製されていない。 / 洗練されていない。粗野な。","Japanese Wiktionary",https://ja.wiktionary.org/wiki/unrefined,"CC BY-SA 4.0",2026-08-05,2026-08-14
unregulated,"規制されていない。調整されていない。調節されていない。無秩序な。","Japanese Wiktionary",https://ja.wiktionary.org/wiki/unregulated,"CC BY-SA 4.0",2026-08-05,2026-08-14
unrelated,"無関係の / 親族でない","Japanese Wiktionary",https://ja.wiktionary.org/wiki/unrelated,"CC BY-SA 4.0",2026-08-05,2026-08-14
unremarkable,"平凡な、目立たない。","Japanese Wiktionary",https://ja.wiktionary.org/wiki/unremarkable,"CC BY-SA 4.0",2026-08-05,2026-08-14
unremarked,"注目されない。気付かれない。","Japanese Wiktionary",https://ja.wiktionary.org/wiki/unremarked,"CC BY-SA 4.0",2026-08-05,2026-08-14
unremitting,"絶え間ない、ひっきりなしの。","Japanese Wiktionary",https://ja.wiktionary.org/wiki/unremitting,"CC BY-SA 4.0",2026-08-05,2026-08-14
unremittingly,"絶えず、絶え間なく、ひっきりなしに。","Japanese Wiktionary",https://ja.wiktionary.org/wiki/unremittingly,"CC BY-SA 4.0",2026-08-05,2026-08-14
unrepeatable,"繰り返せない。二度とない。","Japanese Wiktionary",https://ja.wiktionary.org/wiki/unrepeatable,"CC BY-SA 4.0",2026-08-05,2026-08-14
unrequited,"報われない。","Japanese Wiktionary",https://ja.wiktionary.org/wiki/unrequited,"CC BY-SA 4.0",2026-08-05,2026-08-14
unrestrained,"""unrestrain"" の過去形・過去分詞。 / 制約のない、自制のない。 / 自発的な、自然の。 / 物理的拘束の対象でない。","Japanese Wiktionary",https://ja.wiktionary.org/wiki/unrestrained,"CC BY-SA 4.0",2026-08-05,2026-08-14
unrestricted,"制限されない、拘束されない、自由の","Japanese Wiktionary",https://ja.wiktionary.org/wiki/unrestricted,"CC BY-SA 4.0",2026-08-05,2026-08-14
unrighteous,"不正な、不当な、邪悪な。","Japanese Wiktionary",https://ja.wiktionary.org/wiki/unrighteous,"CC BY-SA 4.0",2026-08-05,2026-08-14
unripe,"（果実が）熟れていない。 / 時期尚早の。","Japanese Wiktionary",https://ja.wiktionary.org/wiki/unripe,"CC BY-SA 4.0",2026-08-05,2026-08-14
unrivaled,"無敵の。無比の。無類の。","Japanese Wiktionary",https://ja.wiktionary.org/wiki/unrivaled,"CC BY-SA 4.0",2026-08-05,2026-08-14
unrivalled,"unrivaledの異綴。","Japanese Wiktionary",https://ja.wiktionary.org/wiki/unrivalled,"CC BY-SA 4.0",2026-08-05,2026-08-14
unsafe,"危険な","Japanese Wiktionary",https://ja.wiktionary.org/wiki/unsafe,"CC BY-SA 4.0",2026-08-05,2026-08-14
unsatisfactorily,"不満足に、不十分に。","Japanese Wiktionary",https://ja.wiktionary.org/wiki/unsatisfactorily,"CC BY-SA 4.0",2026-08-05,2026-08-14
unsatisfactory,"不満足な、不十分な。","Japanese Wiktionary",https://ja.wiktionary.org/wiki/unsatisfactory,"CC BY-SA 4.0",2026-08-05,2026-08-14
unsaturated,"不飽和の。","Japanese Wiktionary",https://ja.wiktionary.org/wiki/unsaturated,"CC BY-SA 4.0",2026-08-05,2026-08-14
unsaturation,"(化学) 不飽和。","Japanese Wiktionary",https://ja.wiktionary.org/wiki/unsaturation,"CC BY-SA 4.0",2026-08-05,2026-08-14
unsavory,"風味の無い。 / 不味い。 / （道徳的に）好ましくない。","Japanese Wiktionary",https://ja.wiktionary.org/wiki/unsavory,"CC BY-SA 4.0",2026-08-05,2026-08-14
unsavoury,"unsavoryの異綴。","Japanese Wiktionary",https://ja.wiktionary.org/wiki/unsavoury,"CC BY-SA 4.0",2026-08-05,2026-08-14
unscathed,"無傷の。","Japanese Wiktionary",https://ja.wiktionary.org/wiki/unscathed,"CC BY-SA 4.0",2026-08-05,2026-08-14
unseasonable,"季節外れの。","Japanese Wiktionary",https://ja.wiktionary.org/wiki/unseasonable,"CC BY-SA 4.0",2026-08-05,2026-08-14
unseasonably,"""unseasonable"" の副詞形。","Japanese Wiktionary",https://ja.wiktionary.org/wiki/unseasonably,"CC BY-SA 4.0",2026-08-05,2026-08-14
unseemly,"不適当な / 品のない、みぐるしい","Japanese Wiktionary",https://ja.wiktionary.org/wiki/unseemly,"CC BY-SA 4.0",2026-08-05,2026-08-14
unselfish,"無私の。無欲の。","Japanese Wiktionary",https://ja.wiktionary.org/wiki/unselfish,"CC BY-SA 4.0",2026-08-05,2026-08-14
unsightly,"醜い。見苦しい。不細工な。目障りな。","Japanese Wiktionary",https://ja.wiktionary.org/wiki/unsightly,"CC BY-SA 4.0",2026-08-05,2026-08-14
unsigned,"負数を受け付けない。（0を含む）自然数しか受け付けない。符号なしの。 / 署名を欠いた。裏書を欠いた。 / スポーツチームやレコードレーベルなどと署名付きの契約がされていない。未契約の。 / 符号なしの数値。自然数のみを受け入れる変数。","Japanese Wiktionary",https://ja.wiktionary.org/wiki/unsigned,"CC BY-SA 4.0",2026-08-05,2026-08-14
unskilled,"熟練していない。熟達していない。 / （仕事が）熟練を要しない。","Japanese Wiktionary",https://ja.wiktionary.org/wiki/unskilled,"CC BY-SA 4.0",2026-08-05,2026-08-14
unsmiling,"笑わない。にこりともしない。","Japanese Wiktionary",https://ja.wiktionary.org/wiki/unsmiling,"CC BY-SA 4.0",2026-08-05,2026-08-14
unsociable,"非社交的な、人間嫌いの。 / 無愛想な。 / 非社交的な人。","Japanese Wiktionary",https://ja.wiktionary.org/wiki/unsociable,"CC BY-SA 4.0",2026-08-05,2026-08-14
unsophisticated,"洗練されていない。素朴な。 / （構造・方法などが）単純な。凝っていない。","Japanese Wiktionary",https://ja.wiktionary.org/wiki/unsophisticated,"CC BY-SA 4.0",2026-08-05,2026-08-14
unsound,"根拠の弱い。 / （建物などが）堅固でない。 / （眠りが）浅い。 / 不健全な。 / 信頼できない。","Japanese Wiktionary",https://ja.wiktionary.org/wiki/unsound,"CC BY-SA 4.0",2026-08-05,2026-08-14
unspecified,"明記されていない、明示されていない。","Japanese Wiktionary",https://ja.wiktionary.org/wiki/unspecified,"CC BY-SA 4.0",2026-08-05,2026-08-14
unspoken,"話さない。沈黙した。 / 暗黙の。 / unspeakの過去分詞。","Japanese Wiktionary",https://ja.wiktionary.org/wiki/unspoken,"CC BY-SA 4.0",2026-08-05,2026-08-14
unstable,"不安定な。変わりやすい。 / 倒れそうな。 / 不安定な。分解しやすい。 / （特に半減期の短いものについて）放射性の。 / （動物を）家畜小屋から放つ。","Japanese Wiktionary",https://ja.wiktionary.org/wiki/unstable,"CC BY-SA 4.0",2026-08-05,2026-08-14
unstained,"染色されていない。 / 汚れのない。染みのない。","Japanese Wiktionary",https://ja.wiktionary.org/wiki/unstained,"CC BY-SA 4.0",2026-08-05,2026-08-14
unstated,"述べられていない。公言されない。","Japanese Wiktionary",https://ja.wiktionary.org/wiki/unstated,"CC BY-SA 4.0",2026-08-05,2026-08-14
unsteadily,"不安定に、よろよろと。","Japanese Wiktionary",https://ja.wiktionary.org/wiki/unsteadily,"CC BY-SA 4.0",2026-08-05,2026-08-14
unsteady,"不安定な。ふらふらする。ぐらぐらする。 / 不規則な。むらのある。 / 不安定にする。","Japanese Wiktionary",https://ja.wiktionary.org/wiki/unsteady,"CC BY-SA 4.0",2026-08-05,2026-08-14
unstoppable,"止められない。","Japanese Wiktionary",https://ja.wiktionary.org/wiki/unstoppable,"CC BY-SA 4.0",2026-08-05,2026-08-14
unstressed,"強勢のない。 / ストレスのない。強調されていない。","Japanese Wiktionary",https://ja.wiktionary.org/wiki/unstressed,"CC BY-SA 4.0",2026-08-05,2026-08-14
unsuccessful,"不成功の、失敗した","Japanese Wiktionary",https://ja.wiktionary.org/wiki/unsuccessful,"CC BY-SA 4.0",2026-08-05,2026-08-14
unsuitable,"そぐわない、相応しくない、不適当な、不相応な。","Japanese Wiktionary",https://ja.wiktionary.org/wiki/unsuitable,"CC BY-SA 4.0",2026-08-05,2026-08-14
unsuspecting,"疑いもしない","Japanese Wiktionary",https://ja.wiktionary.org/wiki/unsuspecting,"CC BY-SA 4.0",2026-08-05,2026-08-14
untamed,"自然のままの。野生の。飼い慣らされていない。","Japanese Wiktionary",https://ja.wiktionary.org/wiki/untamed,"CC BY-SA 4.0",2026-08-05,2026-08-14
unthinkable,"思いも寄らない、想像できない。","Japanese Wiktionary",https://ja.wiktionary.org/wiki/unthinkable,"CC BY-SA 4.0",2026-08-05,2026-08-14
unthinking,"不注意な。軽率な。分別のない。 / unthinkの現在分詞。","Japanese Wiktionary",https://ja.wiktionary.org/wiki/unthinking,"CC BY-SA 4.0",2026-08-05,2026-08-14
unthinkingly,"軽率に。","Japanese Wiktionary",https://ja.wiktionary.org/wiki/unthinkingly,"CC BY-SA 4.0",2026-08-05,2026-08-14
unthought,"考えてみたことのない事。 / unthinkの過去形・過去分詞。 / 意外な。","Japanese Wiktionary",https://ja.wiktionary.org/wiki/unthought,"CC BY-SA 4.0",2026-08-05,2026-08-14
until,"～まで / ～するときまで","Japanese Wiktionary",https://ja.wiktionary.org/wiki/until,"CC BY-SA 4.0",2026-08-05,2026-08-14
untimely,"時機を誤った、時季外れの。 / 早まった、時期尚早の。 / 早計に、時期尚早に、早熟に。","Japanese Wiktionary",https://ja.wiktionary.org/wiki/untimely,"CC BY-SA 4.0",2026-08-05,2026-08-14
untitled,"タイトル（と英語で呼ばれるもの）がない。 / 無題の。題目が付いていない。 / 爵位のない。","Japanese Wiktionary",https://ja.wiktionary.org/wiki/untitled,"CC BY-SA 4.0",2026-08-05,2026-08-14
unto,"～まで。～に達するまで（until, till）。 / ～まで。","Japanese Wiktionary",https://ja.wiktionary.org/wiki/unto,"CC BY-SA 4.0",2026-08-05,2026-08-14
untold,"""untell"" の過去形・過去分詞形。 / 口で言い表せない。 / 数え切れない。 / 話されていない、秘密の。","Japanese Wiktionary",https://ja.wiktionary.org/wiki/untold,"CC BY-SA 4.0",2026-08-05,2026-08-14
untouched,"手つかずの、元の姿のままの。 / 食べていない、味わっていない。 / 無関心の、なんとも思わない。 / 接触することがない。 / 言及されていない。.","Japanese Wiktionary",https://ja.wiktionary.org/wiki/untouched,"CC BY-SA 4.0",2026-08-05,2026-08-14
untried,"試されていない、試練を受けていない。 / 未審理の。","Japanese Wiktionary",https://ja.wiktionary.org/wiki/untried,"CC BY-SA 4.0",2026-08-05,2026-08-14
untroubled,"困惑していない、穏やかな","Japanese Wiktionary",https://ja.wiktionary.org/wiki/untroubled,"CC BY-SA 4.0",2026-08-05,2026-08-14
untrue,"嘘の、虚偽の","Japanese Wiktionary",https://ja.wiktionary.org/wiki/untrue,"CC BY-SA 4.0",2026-08-05,2026-08-14
untruthful,"嘘の。偽りの。 / 不誠実な。","Japanese Wiktionary",https://ja.wiktionary.org/wiki/untruthful,"CC BY-SA 4.0",2026-08-05,2026-08-14
untypical,"典型的でない","Japanese Wiktionary",https://ja.wiktionary.org/wiki/untypical,"CC BY-SA 4.0",2026-08-05,2026-08-14
unusual,"普通でない。 / 珍しい。 / 特異な。 / 非凡な。","Japanese Wiktionary",https://ja.wiktionary.org/wiki/unusual,"CC BY-SA 4.0",2026-08-05,2026-08-14
unusually,"一風変わって。 / 異常に。 / 非常に。 / とても。","Japanese Wiktionary",https://ja.wiktionary.org/wiki/unusually,"CC BY-SA 4.0",2026-08-05,2026-08-14
unvaccinated,"ワクチン未接種の。","Japanese Wiktionary",https://ja.wiktionary.org/wiki/unvaccinated,"CC BY-SA 4.0",2026-08-05,2026-08-14
unvarying,"変わらない、不変の、いつもと同じ。","Japanese Wiktionary",https://ja.wiktionary.org/wiki/unvarying,"CC BY-SA 4.0",2026-08-05,2026-08-14
unverified,"未検証の。","Japanese Wiktionary",https://ja.wiktionary.org/wiki/unverified,"CC BY-SA 4.0",2026-08-05,2026-08-14
unwanted,"望まれない、必要とされない、不必要な。 / 不必要な人・物。","Japanese Wiktionary",https://ja.wiktionary.org/wiki/unwanted,"CC BY-SA 4.0",2026-08-05,2026-08-14
unwarrantable,"不当な。保証できない。","Japanese Wiktionary",https://ja.wiktionary.org/wiki/unwarrantable,"CC BY-SA 4.0",2026-08-05,2026-08-14
unwarranted,"保証されていない。 / 不当な。","Japanese Wiktionary",https://ja.wiktionary.org/wiki/unwarranted,"CC BY-SA 4.0",2026-08-05,2026-08-14
unwary,"不注意な。軽率な。","Japanese Wiktionary",https://ja.wiktionary.org/wiki/unwary,"CC BY-SA 4.0",2026-08-05,2026-08-14
unwavering,"確固とした、不動の。 / 揺るぎない、動揺しない。","Japanese Wiktionary",https://ja.wiktionary.org/wiki/unwavering,"CC BY-SA 4.0",2026-08-05,2026-08-14
unwaveringly,"確固として、動揺せずに。","Japanese Wiktionary",https://ja.wiktionary.org/wiki/unwaveringly,"CC BY-SA 4.0",2026-08-05,2026-08-14
unwell,"気分がすぐれない。","Japanese Wiktionary",https://ja.wiktionary.org/wiki/unwell,"CC BY-SA 4.0",2026-08-05,2026-08-14
unwholesome,"健康に良くない。 / 不健全な。","Japanese Wiktionary",https://ja.wiktionary.org/wiki/unwholesome,"CC BY-SA 4.0",2026-08-05,2026-08-14
unwieldy,"弱い。 / 品がない。 / 扱いにくい。 / 不格好な。 / 扱いがひどい。","Japanese Wiktionary",https://ja.wiktionary.org/wiki/unwieldy,"CC BY-SA 4.0",2026-08-05,2026-08-14
unwilling,"気がすすまない、嫌々。","Japanese Wiktionary",https://ja.wiktionary.org/wiki/unwilling,"CC BY-SA 4.0",2026-08-05,2026-08-14
unwillingly,"気がすすまず、嫌々、しぶしぶ。","Japanese Wiktionary",https://ja.wiktionary.org/wiki/unwillingly,"CC BY-SA 4.0",2026-08-05,2026-08-14
unwonted,"いつにない、稀な。 / 不慣れな。","Japanese Wiktionary",https://ja.wiktionary.org/wiki/unwonted,"CC BY-SA 4.0",2026-08-05,2026-08-14
unworked,"未加工の。","Japanese Wiktionary",https://ja.wiktionary.org/wiki/unworked,"CC BY-SA 4.0",2026-08-05,2026-08-14
unworthily,"価値が無く。不相応に。","Japanese Wiktionary",https://ja.wiktionary.org/wiki/unworthily,"CC BY-SA 4.0",2026-08-05,2026-08-14
unworthy,"～に値しない。ふさわしくない。 / 価値の無い。 / 価値の無い人。","Japanese Wiktionary",https://ja.wiktionary.org/wiki/unworthy,"CC BY-SA 4.0",2026-08-05,2026-08-14
unyielding,"硬い。曲がらない。 / 頑固な。","Japanese Wiktionary",https://ja.wiktionary.org/wiki/unyielding,"CC BY-SA 4.0",2026-08-05,2026-08-14
upon,"～の上に / ～に","Japanese Wiktionary",https://ja.wiktionary.org/wiki/upon,"CC BY-SA 4.0",2026-08-05,2026-08-14
uppermost,"最上の。最高の。 / 最重要の。 / upperの最上級。 / 一番上に。 / 最初に。","Japanese Wiktionary",https://ja.wiktionary.org/wiki/uppermost,"CC BY-SA 4.0",2026-08-05,2026-08-14
uppy,"傲慢な。 / 抱っこ、負んぶ。","Japanese Wiktionary",https://ja.wiktionary.org/wiki/uppy,"CC BY-SA 4.0",2026-08-05,2026-08-14
uproarious,"騒騒しい、騒がしい / 爆笑を誘うような","Japanese Wiktionary",https://ja.wiktionary.org/wiki/uproarious,"CC BY-SA 4.0",2026-08-05,2026-08-14
upsell,"顧客により高額な商品を勧める。 / アップセル。","Japanese Wiktionary",https://ja.wiktionary.org/wiki/upsell,"CC BY-SA 4.0",2026-08-05,2026-08-14
upselling,"upsellの現在分詞。","Japanese Wiktionary",https://ja.wiktionary.org/wiki/upselling,"CC BY-SA 4.0",2026-08-05,2026-08-14
upsidedown,"upside downの異綴。","Japanese Wiktionary",https://ja.wiktionary.org/wiki/upsidedown,"CC BY-SA 4.0",2026-08-05,2026-08-14
upstanding,"正直な。率直な。 / 直立した。（背筋が）真っ直ぐ。 / upstandの現在分詞。","Japanese Wiktionary",https://ja.wiktionary.org/wiki/upstanding,"CC BY-SA 4.0",2026-08-05,2026-08-14
upstream,"川上 / 生産部門 / 上流に向かう / 生産部門の / 上流へ","Japanese Wiktionary",https://ja.wiktionary.org/wiki/upstream,"CC BY-SA 4.0",2026-08-05,2026-08-14
uptodate,"up-to-dateの異綴。","Japanese Wiktionary",https://ja.wiktionary.org/wiki/uptodate,"CC BY-SA 4.0",2026-08-05,2026-08-14
upward,"上方へ。上向きに。 / ～以上。 / ～以来。 / 上方。上部。 / 上方への。上向きの。","Japanese Wiktionary",https://ja.wiktionary.org/wiki/upward,"CC BY-SA 4.0",2026-08-05,2026-08-14
upwardly,"上方へ。","Japanese Wiktionary",https://ja.wiktionary.org/wiki/upwardly,"CC BY-SA 4.0",2026-08-05,2026-08-14
upwards,"上方へ。上向きに。 / ～以上。 / ～以来。","Japanese Wiktionary",https://ja.wiktionary.org/wiki/upwards,"CC BY-SA 4.0",2026-08-05,2026-08-14
urban,"都市の、都会の","Japanese Wiktionary",https://ja.wiktionary.org/wiki/urban,"CC BY-SA 4.0",2026-08-05,2026-08-14
urgent,"緊急の。 / しつこく要求する、催促する。","Japanese Wiktionary",https://ja.wiktionary.org/wiki/urgent,"CC BY-SA 4.0",2026-08-05,2026-08-14
urgently,"大急ぎで、至急、大至急、切迫して。 / 継続的に、執拗に、しつこく。","Japanese Wiktionary",https://ja.wiktionary.org/wiki/urgently,"CC BY-SA 4.0",2026-08-05,2026-08-14
usable,"使用できる。使用に適した。","Japanese Wiktionary",https://ja.wiktionary.org/wiki/usable,"CC BY-SA 4.0",2026-08-05,2026-08-14
useable,"usableの異綴。","Japanese Wiktionary",https://ja.wiktionary.org/wiki/useable,"CC BY-SA 4.0",2026-08-05,2026-08-14
useful,"有用な、使える、役に立つ。 / 有益な、恩恵をもたらす。 / 有効な。","Japanese Wiktionary",https://ja.wiktionary.org/wiki/useful,"CC BY-SA 4.0",2026-08-05,2026-08-14
usefully,"役に立つように / 有効に","Japanese Wiktionary",https://ja.wiktionary.org/wiki/usefully,"CC BY-SA 4.0",2026-08-05,2026-08-14
useless,"無用な、むだな、使えない、役に立たない。 / 無益な、恩恵をもたらさない。","Japanese Wiktionary",https://ja.wiktionary.org/wiki/useless,"CC BY-SA 4.0",2026-08-05,2026-08-14
uselessly,"無駄に。 / 無益に。","Japanese Wiktionary",https://ja.wiktionary.org/wiki/uselessly,"CC BY-SA 4.0",2026-08-05,2026-08-14
userfriendly,"user-friendlyの異綴。","Japanese Wiktionary",https://ja.wiktionary.org/wiki/userfriendly,"CC BY-SA 4.0",2026-08-05,2026-08-14
username,"ユーザー名、ユーザーネーム。","Japanese Wiktionary",https://ja.wiktionary.org/wiki/username,"CC BY-SA 4.0",2026-08-05,2026-08-14
usernames,"usernameの複数形。","Japanese Wiktionary",https://ja.wiktionary.org/wiki/usernames,"CC BY-SA 4.0",2026-08-05,2026-08-14
usque,"（古い用法）ウィスキー","Japanese Wiktionary",https://ja.wiktionary.org/wiki/usque,"CC BY-SA 4.0",2026-08-05,2026-08-14
usual,"平常の。通常の。並の。例外や特異な点のない。 / 日常の。毎日起こる。いつもの。","Japanese Wiktionary",https://ja.wiktionary.org/wiki/usual,"CC BY-SA 4.0",2026-08-05,2026-08-14
usually,"普通は。 / 普段は。 / 大抵。","Japanese Wiktionary",https://ja.wiktionary.org/wiki/usually,"CC BY-SA 4.0",2026-08-05,2026-08-14
uteri,"uterusの複数形。","Japanese Wiktionary",https://ja.wiktionary.org/wiki/uteri,"CC BY-SA 4.0",2026-08-05,2026-08-14
utiles,"utileの複数形。","Japanese Wiktionary",https://ja.wiktionary.org/wiki/utiles,"CC BY-SA 4.0",2026-08-05,2026-08-14
utterly,"全く、完全に","Japanese Wiktionary",https://ja.wiktionary.org/wiki/utterly,"CC BY-SA 4.0",2026-08-05,2026-08-14
vacant,"空の、空虚な、中身のない。 / 空ろな、ぼんやりした。 / （職・地位が）空席の、欠員のある。 / 暇な、（時間が）空いている。","Japanese Wiktionary",https://ja.wiktionary.org/wiki/vacant,"CC BY-SA 4.0",2026-08-05,2026-08-14
vacua,"vacuumの複数形","Japanese Wiktionary",https://ja.wiktionary.org/wiki/vacua,"CC BY-SA 4.0",2026-08-05,2026-08-14
vacuous,"空の、空虚な / 目的のない、無意味な / 知力の欠如した、無表情な","Japanese Wiktionary",https://ja.wiktionary.org/wiki/vacuous,"CC BY-SA 4.0",2026-08-05,2026-08-14
vaginal,"膣の。","Japanese Wiktionary",https://ja.wiktionary.org/wiki/vaginal,"CC BY-SA 4.0",2026-08-05,2026-08-14
vaginitis,"膣炎。","Japanese Wiktionary",https://ja.wiktionary.org/wiki/vaginitis,"CC BY-SA 4.0",2026-08-05,2026-08-14
vaguely,"漠然と。曖昧に。","Japanese Wiktionary",https://ja.wiktionary.org/wiki/vaguely,"CC BY-SA 4.0",2026-08-05,2026-08-14
vainglorious,"虚栄心の強い。","Japanese Wiktionary",https://ja.wiktionary.org/wiki/vainglorious,"CC BY-SA 4.0",2026-08-05,2026-08-14
vair,"リスの一種の毛皮を敷き詰めた白と灰色のまだら模様の布地。中世の王侯貴族が衣服の裏地や縁取りに用いた。ベア、ヴェア、ベール。 / （紋章）毛皮模様 (fur) と呼ばれる紋章の色の一種で、断りがなければ銀又は白と青を交互に組み合わせたベル形の連続模様。王侯貴族の衣服に由来する。ベール紋。","Japanese Wiktionary",https://ja.wiktionary.org/wiki/vair,"CC BY-SA 4.0",2026-08-05,2026-08-14
valgus,"外反膝の。","Japanese Wiktionary",https://ja.wiktionary.org/wiki/valgus,"CC BY-SA 4.0",2026-08-05,2026-08-14
valid,"しっかりした、まともな、ちゃんとした。 / 受容できる、有効な、適正な。 / 現在の問題や話題に関連のある。 / 恒真の。 / 妥当の、妥当性を備えた。","Japanese Wiktionary",https://ja.wiktionary.org/wiki/valid,"CC BY-SA 4.0",2026-08-05,2026-08-14
validly,"有効に。妥当に。","Japanese Wiktionary",https://ja.wiktionary.org/wiki/validly,"CC BY-SA 4.0",2026-08-05,2026-08-14
valueless,"価値の無い。無価値な。","Japanese Wiktionary",https://ja.wiktionary.org/wiki/valueless,"CC BY-SA 4.0",2026-08-05,2026-08-14
valuta,"外貨。","Japanese Wiktionary",https://ja.wiktionary.org/wiki/valuta,"CC BY-SA 4.0",2026-08-05,2026-08-14
valute,"valutaの複数形。","Japanese Wiktionary",https://ja.wiktionary.org/wiki/valute,"CC BY-SA 4.0",2026-08-05,2026-08-14
valving,"valveの現在分詞。","Japanese Wiktionary",https://ja.wiktionary.org/wiki/valving,"CC BY-SA 4.0",2026-08-05,2026-08-14
vanitas,"ヴァニタス。","Japanese Wiktionary",https://ja.wiktionary.org/wiki/vanitas,"CC BY-SA 4.0",2026-08-05,2026-08-14
vapid,"退屈な。つまらない。 / 味の無い。","Japanese Wiktionary",https://ja.wiktionary.org/wiki/vapid,"CC BY-SA 4.0",2026-08-05,2026-08-14
various,"変化に富む。いろいろな。多様な。","Japanese Wiktionary",https://ja.wiktionary.org/wiki/various,"CC BY-SA 4.0",2026-08-05,2026-08-14
variously,"様様に。","Japanese Wiktionary",https://ja.wiktionary.org/wiki/variously,"CC BY-SA 4.0",2026-08-05,2026-08-14
vascular,"導管の。維管束の。 / 血管の。","Japanese Wiktionary",https://ja.wiktionary.org/wiki/vascular,"CC BY-SA 4.0",2026-08-05,2026-08-14
vastly,"広大に、膨大に、莫大に。","Japanese Wiktionary",https://ja.wiktionary.org/wiki/vastly,"CC BY-SA 4.0",2026-08-05,2026-08-14
vatu,"バツ。","Japanese Wiktionary",https://ja.wiktionary.org/wiki/vatu,"CC BY-SA 4.0",2026-08-05,2026-08-14
vau,"vavの異綴","Japanese Wiktionary",https://ja.wiktionary.org/wiki/vau,"CC BY-SA 4.0",2026-08-05,2026-08-14
vehement,"熱狂的な。","Japanese Wiktionary",https://ja.wiktionary.org/wiki/vehement,"CC BY-SA 4.0",2026-08-05,2026-08-14
vehemently,"熱狂的に。","Japanese Wiktionary",https://ja.wiktionary.org/wiki/vehemently,"CC BY-SA 4.0",2026-08-05,2026-08-14
veloce,"速く、ベローチェで。","Japanese Wiktionary",https://ja.wiktionary.org/wiki/veloce,"CC BY-SA 4.0",2026-08-05,2026-08-14
velvety,"ベルベットのような、滑らかな、肌触りの良い、口当たりの良い","Japanese Wiktionary",https://ja.wiktionary.org/wiki/velvety,"CC BY-SA 4.0",2026-08-05,2026-08-14
venerable,"崇敬されるべき、敬うべき / 古雅な、神々しい、由緒ある、経年優化した。 / 古びた、旧式の。 / 崇敬されるべき人物、敬うべき人物。 / 師、尊者。","Japanese Wiktionary",https://ja.wiktionary.org/wiki/venerable,"CC BY-SA 4.0",2026-08-05,2026-08-14
venereal,"性交により感染する。 / 性病の。性感染症の。 / 銅の。","Japanese Wiktionary",https://ja.wiktionary.org/wiki/venereal,"CC BY-SA 4.0",2026-08-05,2026-08-14
vengeful,"復讐心に燃えた。","Japanese Wiktionary",https://ja.wiktionary.org/wiki/vengeful,"CC BY-SA 4.0",2026-08-05,2026-08-14
venger,"avengerの廃用。","Japanese Wiktionary",https://ja.wiktionary.org/wiki/venger,"CC BY-SA 4.0",2026-08-05,2026-08-14
venomous,"（虫などが）毒腺を持つ、有毒な / 悪意のある","Japanese Wiktionary",https://ja.wiktionary.org/wiki/venomous,"CC BY-SA 4.0",2026-08-05,2026-08-14
venturesome,"冒険好きな、大胆な。 / 危険を伴う。","Japanese Wiktionary",https://ja.wiktionary.org/wiki/venturesome,"CC BY-SA 4.0",2026-08-05,2026-08-14
veracious,"正直な、誠実な。","Japanese Wiktionary",https://ja.wiktionary.org/wiki/veracious,"CC BY-SA 4.0",2026-08-05,2026-08-14
verbally,"言葉で。口頭で。","Japanese Wiktionary",https://ja.wiktionary.org/wiki/verbally,"CC BY-SA 4.0",2026-08-05,2026-08-14
verbose,"言葉数が多い。冗長な。 / （出力が）詳細な。","Japanese Wiktionary",https://ja.wiktionary.org/wiki/verbose,"CC BY-SA 4.0",2026-08-05,2026-08-14
verifiable,"証明できる、確認できる。","Japanese Wiktionary",https://ja.wiktionary.org/wiki/verifiable,"CC BY-SA 4.0",2026-08-05,2026-08-14
verily,"本当に。","Japanese Wiktionary",https://ja.wiktionary.org/wiki/verily,"CC BY-SA 4.0",2026-08-05,2026-08-14
veritable,"本当の、真実の。","Japanese Wiktionary",https://ja.wiktionary.org/wiki/veritable,"CC BY-SA 4.0",2026-08-05,2026-08-14
vermes,"vermisの複数形。","Japanese Wiktionary",https://ja.wiktionary.org/wiki/vermes,"CC BY-SA 4.0",2026-08-05,2026-08-14
vermillion,"vermilionの異綴。 / vermilionの旧綴り。","Japanese Wiktionary",https://ja.wiktionary.org/wiki/vermillion,"CC BY-SA 4.0",2026-08-05,2026-08-14
vernal,"春の、春に現れる。 / 青春の。","Japanese Wiktionary",https://ja.wiktionary.org/wiki/vernal,"CC BY-SA 4.0",2026-08-05,2026-08-14
versatile,"多才な、多芸の。 / 多用途の、多目的の、万能の。 / 変わりやすい、気紛れな、不安定な。","Japanese Wiktionary",https://ja.wiktionary.org/wiki/versatile,"CC BY-SA 4.0",2026-08-05,2026-08-14
versus,"…対。","Japanese Wiktionary",https://ja.wiktionary.org/wiki/versus,"CC BY-SA 4.0",2026-08-05,2026-08-14
vertebral,"脊椎骨の、脊椎骨からなる。 / 脊椎の部分。","Japanese Wiktionary",https://ja.wiktionary.org/wiki/vertebral,"CC BY-SA 4.0",2026-08-05,2026-08-14
vertically,"垂直に、直立して、縦方向に。","Japanese Wiktionary",https://ja.wiktionary.org/wiki/vertically,"CC BY-SA 4.0",2026-08-05,2026-08-14
vertice,"vertexの異綴。","Japanese Wiktionary",https://ja.wiktionary.org/wiki/vertice,"CC BY-SA 4.0",2026-08-05,2026-08-14
very,"（形容詞・副詞を強調）とても、大変。 / 真に、本当に。 / 真実の、実の、現実の、本当の。 / 正に、丁度その。 / 限定的な、ほんの。","Japanese Wiktionary",https://ja.wiktionary.org/wiki/very,"CC BY-SA 4.0",2026-08-05,2026-08-14
vespertine,"夕方の、夕方に起こる / 日没後に沈む / 夕方に開く","Japanese Wiktionary",https://ja.wiktionary.org/wiki/vespertine,"CC BY-SA 4.0",2026-08-05,2026-08-14
vexatious,"腹立たしい。 / 不安な、不安定な。 / 濫訴の。","Japanese Wiktionary",https://ja.wiktionary.org/wiki/vexatious,"CC BY-SA 4.0",2026-08-05,2026-08-14
via,"～を経由して。～を通って。","Japanese Wiktionary",https://ja.wiktionary.org/wiki/via,"CC BY-SA 4.0",2026-08-05,2026-08-14
vici,"vicusの複数形","Japanese Wiktionary",https://ja.wiktionary.org/wiki/vici,"CC BY-SA 4.0",2026-08-05,2026-08-14
vicinal,"近所の。近隣の。隣接の。 / 近接の。 / 微斜の。","Japanese Wiktionary",https://ja.wiktionary.org/wiki/vicinal,"CC BY-SA 4.0",2026-08-05,2026-08-14
vicious,"悪意のある、意地悪な、邪悪な、悪徳な。 / 凶暴な、獰猛な。 / 不道徳な。","Japanese Wiktionary",https://ja.wiktionary.org/wiki/vicious,"CC BY-SA 4.0",2026-08-05,2026-08-14
viciously,"悪意を持って、意地悪に、悪質に。 / 激しく、残忍に。","Japanese Wiktionary",https://ja.wiktionary.org/wiki/viciously,"CC BY-SA 4.0",2026-08-05,2026-08-14
victorious,"勝った。勝利を得た。","Japanese Wiktionary",https://ja.wiktionary.org/wiki/victorious,"CC BY-SA 4.0",2026-08-05,2026-08-14
victoriously,"勝って。勝利を得て。","Japanese Wiktionary",https://ja.wiktionary.org/wiki/victoriously,"CC BY-SA 4.0",2026-08-05,2026-08-14
videoes,"""video"" の複数形。 / ""video"" の現在第三人称単数形。","Japanese Wiktionary",https://ja.wiktionary.org/wiki/videoes,"CC BY-SA 4.0",2026-08-05,2026-08-14
viewable,"見ることのできる","Japanese Wiktionary",https://ja.wiktionary.org/wiki/viewable,"CC BY-SA 4.0",2026-08-05,2026-08-14
vigilant,"油断がない。警戒を怠らない。","Japanese Wiktionary",https://ja.wiktionary.org/wiki/vigilant,"CC BY-SA 4.0",2026-08-05,2026-08-14
vigilantly,"警戒して。","Japanese Wiktionary",https://ja.wiktionary.org/wiki/vigilantly,"CC BY-SA 4.0",2026-08-05,2026-08-14
vigorous,"活発な。精力的な。元気いっぱいの。 / 元気な。丈夫な。 / （植物などが）よく育つ。","Japanese Wiktionary",https://ja.wiktionary.org/wiki/vigorous,"CC BY-SA 4.0",2026-08-05,2026-08-14
vigorously,"精力的に、懸命に、元気に。","Japanese Wiktionary",https://ja.wiktionary.org/wiki/vigorously,"CC BY-SA 4.0",2026-08-05,2026-08-14
violent,"激しい、猛烈な。 / 暴力の、（婉曲）実力の、（死が）暴力に起因する。 / 乱暴な、粗暴な。 / 鮮やかな、鮮明な。","Japanese Wiktionary",https://ja.wiktionary.org/wiki/violent,"CC BY-SA 4.0",2026-08-05,2026-08-14
violently,"暴力的に。","Japanese Wiktionary",https://ja.wiktionary.org/wiki/violently,"CC BY-SA 4.0",2026-08-05,2026-08-14
violine,"(廃語, 医学) ヴィオリン","Japanese Wiktionary",https://ja.wiktionary.org/wiki/violine,"CC BY-SA 4.0",2026-08-05,2026-08-14
viral,"ウイルスの。ウイルス性の。ウイルスを介した。 / コンピュータウイルスの。 / 口コミやインターネット上で流行している。バズった。","Japanese Wiktionary",https://ja.wiktionary.org/wiki/viral,"CC BY-SA 4.0",2026-08-05,2026-08-14
virtual,"事実上の / 仮想の","Japanese Wiktionary",https://ja.wiktionary.org/wiki/virtual,"CC BY-SA 4.0",2026-08-05,2026-08-14
virtually,"実質的には。 / 殆ど。","Japanese Wiktionary",https://ja.wiktionary.org/wiki/virtually,"CC BY-SA 4.0",2026-08-05,2026-08-14
virtuous,"徳の高い。高潔な。 / 高潔ぶった。","Japanese Wiktionary",https://ja.wiktionary.org/wiki/virtuous,"CC BY-SA 4.0",2026-08-05,2026-08-14
viscid,"ねばねばする。粘着性の。 / 粘着性の層に覆われた。","Japanese Wiktionary",https://ja.wiktionary.org/wiki/viscid,"CC BY-SA 4.0",2026-08-05,2026-08-14
viscous,"ねばねばする。 / 粘性の。","Japanese Wiktionary",https://ja.wiktionary.org/wiki/viscous,"CC BY-SA 4.0",2026-08-05,2026-08-14
visible,"目に見える、視界に入る、可視の。 / 現れている、明らかな、顕在的な、（データなどが）公開の。","Japanese Wiktionary",https://ja.wiktionary.org/wiki/visible,"CC BY-SA 4.0",2026-08-05,2026-08-14
visibly,"はっきり、目に見えて、明らかに、現れて、表に出て、瞭然と。","Japanese Wiktionary",https://ja.wiktionary.org/wiki/visibly,"CC BY-SA 4.0",2026-08-05,2026-08-14
visioned,"""vision"" の過去形・過去分詞。","Japanese Wiktionary",https://ja.wiktionary.org/wiki/visioned,"CC BY-SA 4.0",2026-08-05,2026-08-14
visioning,"""vision"" の動名詞又は現在分詞。","Japanese Wiktionary",https://ja.wiktionary.org/wiki/visioning,"CC BY-SA 4.0",2026-08-05,2026-08-14
vison,"ミンク、アメリカミンク","Japanese Wiktionary",https://ja.wiktionary.org/wiki/vison,"CC BY-SA 4.0",2026-08-05,2026-08-14
vitamine,"vitaminの廃用。","Japanese Wiktionary",https://ja.wiktionary.org/wiki/vitamine,"CC BY-SA 4.0",2026-08-05,2026-08-14
vitamines,"vitamineの複数形。","Japanese Wiktionary",https://ja.wiktionary.org/wiki/vitamines,"CC BY-SA 4.0",2026-08-05,2026-08-14
viv,"vivariumの略語。","Japanese Wiktionary",https://ja.wiktionary.org/wiki/viv,"CC BY-SA 4.0",2026-08-05,2026-08-14
vivacious,"活発な。陽気な。生き生きとした。 / 長生きの。 / 殺しにくい。","Japanese Wiktionary",https://ja.wiktionary.org/wiki/vivacious,"CC BY-SA 4.0",2026-08-05,2026-08-14
vivaciously,"活発に。生き生きと。","Japanese Wiktionary",https://ja.wiktionary.org/wiki/vivaciously,"CC BY-SA 4.0",2026-08-05,2026-08-14
vivid,"活気のある。 / (色彩などが) 鮮明な。","Japanese Wiktionary",https://ja.wiktionary.org/wiki/vivid,"CC BY-SA 4.0",2026-08-05,2026-08-14
vividly,"活き活きして、活力あふれて。","Japanese Wiktionary",https://ja.wiktionary.org/wiki/vividly,"CC BY-SA 4.0",2026-08-05,2026-08-14
vocab,"vocabularyの略","Japanese Wiktionary",https://ja.wiktionary.org/wiki/vocab,"CC BY-SA 4.0",2026-08-05,2026-08-14
vocalic,"母音の。","Japanese Wiktionary",https://ja.wiktionary.org/wiki/vocalic,"CC BY-SA 4.0",2026-08-05,2026-08-14
vocational,"職業の。 / 職業訓練の。","Japanese Wiktionary",https://ja.wiktionary.org/wiki/vocational,"CC BY-SA 4.0",2026-08-05,2026-08-14
voiceless,"無言の。沈黙の。 / 口の利けない。 / 投票権が無い。 / 無声の。","Japanese Wiktionary",https://ja.wiktionary.org/wiki/voiceless,"CC BY-SA 4.0",2026-08-05,2026-08-14
volatilization,"揮発。","Japanese Wiktionary",https://ja.wiktionary.org/wiki/volatilization,"CC BY-SA 4.0",2026-08-05,2026-08-14
voluntarily,"自発的に","Japanese Wiktionary",https://ja.wiktionary.org/wiki/voluntarily,"CC BY-SA 4.0",2026-08-05,2026-08-14
voluptuous,"快い、心地よい。 / （女性が）官能的な、セクシーな。","Japanese Wiktionary",https://ja.wiktionary.org/wiki/voluptuous,"CC BY-SA 4.0",2026-08-05,2026-08-14
voracious,"食欲旺盛な。 / 貪欲な、精力的な。","Japanese Wiktionary",https://ja.wiktionary.org/wiki/voracious,"CC BY-SA 4.0",2026-08-05,2026-08-14
voraciously,"食欲旺盛に。 / 貪欲な、精力的に。","Japanese Wiktionary",https://ja.wiktionary.org/wiki/voraciously,"CC BY-SA 4.0",2026-08-05,2026-08-14
voyageur,"（毛皮の）運び屋。","Japanese Wiktionary",https://ja.wiktionary.org/wiki/voyageur,"CC BY-SA 4.0",2026-08-05,2026-08-14
voyageurs,"voyageurの複数形。","Japanese Wiktionary",https://ja.wiktionary.org/wiki/voyageurs,"CC BY-SA 4.0",2026-08-05,2026-08-14
vrouw,"オランダ人女性。","Japanese Wiktionary",https://ja.wiktionary.org/wiki/vrouw,"CC BY-SA 4.0",2026-08-05,2026-08-14
vulgar,"世間一般の、世俗の、俗用されている。 / 安っぽい、俗受けする。 / 卑しい、低俗な、下品な。","Japanese Wiktionary",https://ja.wiktionary.org/wiki/vulgar,"CC BY-SA 4.0",2026-08-05,2026-08-14
vulgarly,"下品に。低俗に。","Japanese Wiktionary",https://ja.wiktionary.org/wiki/vulgarly,"CC BY-SA 4.0",2026-08-05,2026-08-14
vulnerable,"（何かの悪影響に対して）弱い。脆い。脆弱な。攻撃や危害を受けやすい。","Japanese Wiktionary",https://ja.wiktionary.org/wiki/vulnerable,"CC BY-SA 4.0",2026-08-05,2026-08-14
vulpine,"狐のような / 狡猾な、ずるい / キツネ族 / 狡猾な人間。きつね。","Japanese Wiktionary",https://ja.wiktionary.org/wiki/vulpine,"CC BY-SA 4.0",2026-08-05,2026-08-14
wae,"悲痛、悲哀","Japanese Wiktionary",https://ja.wiktionary.org/wiki/wae,"CC BY-SA 4.0",2026-08-05,2026-08-14
wai,"（タイの挨拶）ワイ","Japanese Wiktionary",https://ja.wiktionary.org/wiki/wai,"CC BY-SA 4.0",2026-08-05,2026-08-14
waka,"和歌。","Japanese Wiktionary",https://ja.wiktionary.org/wiki/waka,"CC BY-SA 4.0",2026-08-05,2026-08-14
wakeful,"眠れない。 / 用心深い。","Japanese Wiktionary",https://ja.wiktionary.org/wiki/wakeful,"CC BY-SA 4.0",2026-08-05,2026-08-14
wanna,"want toの縮約形。 / want aの縮約形。","Japanese Wiktionary",https://ja.wiktionary.org/wiki/wanna,"CC BY-SA 4.0",2026-08-05,2026-08-14
wantonly,"理不尽に、気紛れに。","Japanese Wiktionary",https://ja.wiktionary.org/wiki/wantonly,"CC BY-SA 4.0",2026-08-05,2026-08-14
waps,"wapの複数形。 / wapの直説法現在第三人称単数形。 / すずめばち。","Japanese Wiktionary",https://ja.wiktionary.org/wiki/waps,"CC BY-SA 4.0",2026-08-05,2026-08-14
warez,"違法に配信・取得されたソフトウェア。ワレズ。割れ。割れもの。 / （ソフトウェアまたはその他の著作物を）違法に取得する。割る。","Japanese Wiktionary",https://ja.wiktionary.org/wiki/warez,"CC BY-SA 4.0",2026-08-05,2026-08-14
warily,"用心深く / 慎重に","Japanese Wiktionary",https://ja.wiktionary.org/wiki/warily,"CC BY-SA 4.0",2026-08-05,2026-08-14
warlike,"好戦的な。 / 軍事の、戦争の。","Japanese Wiktionary",https://ja.wiktionary.org/wiki/warlike,"CC BY-SA 4.0",2026-08-05,2026-08-14
warmly,"暖かく。 / （心情的に）暖かく、優しく、親しげに、心から。","Japanese Wiktionary",https://ja.wiktionary.org/wiki/warmly,"CC BY-SA 4.0",2026-08-05,2026-08-14
warmup,"warm-upの異綴り。","Japanese Wiktionary",https://ja.wiktionary.org/wiki/warmup,"CC BY-SA 4.0",2026-08-05,2026-08-14
warmups,"warmupの複数形。","Japanese Wiktionary",https://ja.wiktionary.org/wiki/warmups,"CC BY-SA 4.0",2026-08-05,2026-08-14
warrantied,"""warranty"" の過去形・過去分詞。","Japanese Wiktionary",https://ja.wiktionary.org/wiki/warrantied,"CC BY-SA 4.0",2026-08-05,2026-08-14
washable,"洗える。洗濯のきく。 / 洗濯のきく物。","Japanese Wiktionary",https://ja.wiktionary.org/wiki/washable,"CC BY-SA 4.0",2026-08-05,2026-08-14
washi,"和紙。","Japanese Wiktionary",https://ja.wiktionary.org/wiki/washi,"CC BY-SA 4.0",2026-08-05,2026-08-14
wasteful,"浪費する、浪費勝ちの。 / 無駄の多い、勿体ない。","Japanese Wiktionary",https://ja.wiktionary.org/wiki/wasteful,"CC BY-SA 4.0",2026-08-05,2026-08-14
wastefully,"無駄に","Japanese Wiktionary",https://ja.wiktionary.org/wiki/wastefully,"CC BY-SA 4.0",2026-08-05,2026-08-14
wastepaper,"紙くず。","Japanese Wiktionary",https://ja.wiktionary.org/wiki/wastepaper,"CC BY-SA 4.0",2026-08-05,2026-08-14
watchful,"用心深い","Japanese Wiktionary",https://ja.wiktionary.org/wiki/watchful,"CC BY-SA 4.0",2026-08-05,2026-08-14
waterborne,"水上輸送の。 / 水上に浮かぶ。 / （伝染病などが）水で媒介される。","Japanese Wiktionary",https://ja.wiktionary.org/wiki/waterborne,"CC BY-SA 4.0",2026-08-05,2026-08-14
waterport,"水域と接続する港。海港と河川港を合わせていう語。","Japanese Wiktionary",https://ja.wiktionary.org/wiki/waterport,"CC BY-SA 4.0",2026-08-05,2026-08-14
watery,"水の。 / 濡れた、湿った、水気の多い、水っぽい。 / 希釈された。 / 淡い、青白い。 / 希薄な、面白みのない。 / 涙ぐんだ。 / 体液過剰の。","Japanese Wiktionary",https://ja.wiktionary.org/wiki/watery,"CC BY-SA 4.0",2026-08-05,2026-08-14
waxen,"""wax""(増大する) の過去分詞。 / 成長した。 / 蝋性の、蝋で覆った。 / 蝋の、蝋を含んだ。 / 滑らかな、つやのある。 / 消しやすい。","Japanese Wiktionary",https://ja.wiktionary.org/wiki/waxen,"CC BY-SA 4.0",2026-08-05,2026-08-14
waz,"wazzの異形。","Japanese Wiktionary",https://ja.wiktionary.org/wiki/waz,"CC BY-SA 4.0",2026-08-05,2026-08-14
weakly,"弱い。弱弱しい。 / 弱く。弱弱しく。","Japanese Wiktionary",https://ja.wiktionary.org/wiki/weakly,"CC BY-SA 4.0",2026-08-05,2026-08-14
wearily,"疲れて。","Japanese Wiktionary",https://ja.wiktionary.org/wiki/wearily,"CC BY-SA 4.0",2026-08-05,2026-08-14
webbed,"水搔きのある。 / 蜘蛛の巣状の。 / ウェブに接続した。 / webの過去形・過去分詞。","Japanese Wiktionary",https://ja.wiktionary.org/wiki/webbed,"CC BY-SA 4.0",2026-08-05,2026-08-14
weightless,"重さのない / 無重力の","Japanese Wiktionary",https://ja.wiktionary.org/wiki/weightless,"CC BY-SA 4.0",2026-08-05,2026-08-14
weirded,"weirdの過去形・過去分詞。","Japanese Wiktionary",https://ja.wiktionary.org/wiki/weirded,"CC BY-SA 4.0",2026-08-05,2026-08-14
weirds,"weirdの複数形。 / weirdの現在第三人称単数形。","Japanese Wiktionary",https://ja.wiktionary.org/wiki/weirds,"CC BY-SA 4.0",2026-08-05,2026-08-14
weldability,"溶接性。","Japanese Wiktionary",https://ja.wiktionary.org/wiki/weldability,"CC BY-SA 4.0",2026-08-05,2026-08-14
wellings,"wellingの複数形。","Japanese Wiktionary",https://ja.wiktionary.org/wiki/wellings,"CC BY-SA 4.0",2026-08-05,2026-08-14
werk,"workの廃用。","Japanese Wiktionary",https://ja.wiktionary.org/wiki/werk,"CC BY-SA 4.0",2026-08-05,2026-08-14
westernmost,"西端の。","Japanese Wiktionary",https://ja.wiktionary.org/wiki/westernmost,"CC BY-SA 4.0",2026-08-05,2026-08-14
what,"何の、どんな。 / 〜する全ての。 / （疑問代名詞・主格）何が。 / （疑問代名詞・目的格）何を。 / （疑問形容詞）何～。；what time 何時 / （疑問形容詞・詠嘆）何て。 / （先行詞を含んだ関係代名詞）～する人、～するもの 関係代名詞whatの場合、次が成立する → what = the thing(s) which / どれほど、どれだけ。 / 何か、ある物。 / 物。","Japanese Wiktionary",https://ja.wiktionary.org/wiki/what,"CC BY-SA 4.0",2026-08-05,2026-08-14
whatever,"（譲歩節を導いて）たとえ～であっても / ～であるものは全て / ～であるすべてのこと。 / どんな～でも、なんでも良い。 / 不承不承従うときの返答。","Japanese Wiktionary",https://ja.wiktionary.org/wiki/whatever,"CC BY-SA 4.0",2026-08-05,2026-08-14
whats,"whatの複数形。","Japanese Wiktionary",https://ja.wiktionary.org/wiki/whats,"CC BY-SA 4.0",2026-08-05,2026-08-14
when,"いつ。 / ～するとき。 / （叙述）～したとき。 / ～するとき、～すべきとき。 / （条件）～ならば、～してから。 / （習慣）～するときはいつでも。 / ～なのに。 / ～なので。 / （疑問文中で）いつ。 / （関係代名詞的に後文を伴って）そのとき。 / 日時。 / 時期。 / 場合。","Japanese Wiktionary",https://ja.wiktionary.org/wiki/when,"CC BY-SA 4.0",2026-08-05,2026-08-14
whence,"（文語、古語 疑問副詞）どこから？（from where） / （文語、古語 関係副詞）～する場所から。","Japanese Wiktionary",https://ja.wiktionary.org/wiki/whence,"CC BY-SA 4.0",2026-08-05,2026-08-14
whenever,"（関係副詞）～するときはいつでも。 / （関係副詞 アイルランド・米国口語）（未来の）～する時（=When）。 / （関係副詞）～するときはいつも、毎回。","Japanese Wiktionary",https://ja.wiktionary.org/wiki/whenever,"CC BY-SA 4.0",2026-08-05,2026-08-14
whens,"whenの複数形。","Japanese Wiktionary",https://ja.wiktionary.org/wiki/whens,"CC BY-SA 4.0",2026-08-05,2026-08-14
where,"（疑問副詞）どこに、どこへ / （疑問副詞）どの点で / （関係副詞）～する（ところの） / （関係副詞）そこで / ～するところに / ～する場合には / ～であるのに対し / 場所。 / どこ。","Japanese Wiktionary",https://ja.wiktionary.org/wiki/where,"CC BY-SA 4.0",2026-08-05,2026-08-14
wherever,"（強調）一体どこに？ / どこでも。 / ～するところ全て。","Japanese Wiktionary",https://ja.wiktionary.org/wiki/wherever,"CC BY-SA 4.0",2026-08-05,2026-08-14
whether,"～かどうか。","Japanese Wiktionary",https://ja.wiktionary.org/wiki/whether,"CC BY-SA 4.0",2026-08-05,2026-08-14
whetten,"（刃物を）研ぐ","Japanese Wiktionary",https://ja.wiktionary.org/wiki/whetten,"CC BY-SA 4.0",2026-08-05,2026-08-14
which,"（2種のものからの選択）どちら。","Japanese Wiktionary",https://ja.wiktionary.org/wiki/which,"CC BY-SA 4.0",2026-08-05,2026-08-14
whichever,"どの〜でも。どちらの〜でも。 / どれでも。どちらでも。 / どちらが〜しても。","Japanese Wiktionary",https://ja.wiktionary.org/wiki/whichever,"CC BY-SA 4.0",2026-08-05,2026-08-14
whilst,"～すると同時に（=while）","Japanese Wiktionary",https://ja.wiktionary.org/wiki/whilst,"CC BY-SA 4.0",2026-08-05,2026-08-14
whimsical,"気まぐれな。 / 風変りな、奇抜な。","Japanese Wiktionary",https://ja.wiktionary.org/wiki/whimsical,"CC BY-SA 4.0",2026-08-05,2026-08-14
whirly,"渦巻く。 / 南極の雪の旋風。","Japanese Wiktionary",https://ja.wiktionary.org/wiki/whirly,"CC BY-SA 4.0",2026-08-05,2026-08-14
whither,"（疑問副詞）どこへ。どこに。 / （関係副詞、非制限用法）そしてそこへ。 / （関係副詞、制限用法）そこへ...する。","Japanese Wiktionary",https://ja.wiktionary.org/wiki/whither,"CC BY-SA 4.0",2026-08-05,2026-08-14
whithersoever,"どこへでも。","Japanese Wiktionary",https://ja.wiktionary.org/wiki/whithersoever,"CC BY-SA 4.0",2026-08-05,2026-08-14
whitish,"白っぽい。","Japanese Wiktionary",https://ja.wiktionary.org/wiki/whitish,"CC BY-SA 4.0",2026-08-05,2026-08-14
who,"(疑問代名詞) 誰。 / ～するところの[人]。 / 先行詞が主語である場合。 / 先行詞が目的語である場合。 / ～するところの人。 / (注目の的となっている) 人物。","Japanese Wiktionary",https://ja.wiktionary.org/wiki/who,"CC BY-SA 4.0",2026-08-05,2026-08-14
whoever,"whoの強意、いったい誰が / ～する人は誰でも。 / 誰が～しようとも。","Japanese Wiktionary",https://ja.wiktionary.org/wiki/whoever,"CC BY-SA 4.0",2026-08-05,2026-08-14
wholely,"whollyの別形。","Japanese Wiktionary",https://ja.wiktionary.org/wiki/wholely,"CC BY-SA 4.0",2026-08-05,2026-08-14
wholesome,"健康に良い、健康的な。 / 健全な、有益な。","Japanese Wiktionary",https://ja.wiktionary.org/wiki/wholesome,"CC BY-SA 4.0",2026-08-05,2026-08-14
wholistic,"holisticの異表記。","Japanese Wiktionary",https://ja.wiktionary.org/wiki/wholistic,"CC BY-SA 4.0",2026-08-05,2026-08-14
wholly,"完全に、すっかり。 / 排他的に。","Japanese Wiktionary",https://ja.wiktionary.org/wiki/wholly,"CC BY-SA 4.0",2026-08-05,2026-08-14
wholy,"whollyの別形。","Japanese Wiktionary",https://ja.wiktionary.org/wiki/wholy,"CC BY-SA 4.0",2026-08-05,2026-08-14
whom,"（人を目的語とする疑問代名詞）誰を、誰に。 / （前置詞とともに、前置詞の目的語となる疑問代名詞）誰を、誰に。 / （人を目的語とする関係代名詞）","Japanese Wiktionary",https://ja.wiktionary.org/wiki/whom,"CC BY-SA 4.0",2026-08-05,2026-08-14
whose,"（疑問限定詞）誰の、誰に属する。 / （関係代名詞所有格）（その人の）～が…するところの。 / （関係代名詞所有格・一般的でない用法、一般には""of which""を用いる ）（その物の）～が…するところの。","Japanese Wiktionary",https://ja.wiktionary.org/wiki/whose,"CC BY-SA 4.0",2026-08-05,2026-08-14
wicked,"邪悪な。邪な。不道徳な。悪意のある。 / すごい。やばい。 / とても。非常に。 / wickの過去形・過去分詞。 / 芯のある。 / 活発な。 / 蛆が群がった。 / wickの異形。","Japanese Wiktionary",https://ja.wiktionary.org/wiki/wicked,"CC BY-SA 4.0",2026-08-05,2026-08-14
wickedly,"邪悪に。意地悪く。 / とても。非常に。","Japanese Wiktionary",https://ja.wiktionary.org/wiki/wickedly,"CC BY-SA 4.0",2026-08-05,2026-08-14
wicking,"wickの現在分詞。 / 芯材。","Japanese Wiktionary",https://ja.wiktionary.org/wiki/wicking,"CC BY-SA 4.0",2026-08-05,2026-08-14
widely,"広く / 広範囲にわたり","Japanese Wiktionary",https://ja.wiktionary.org/wiki/widely,"CC BY-SA 4.0",2026-08-05,2026-08-14
widespread,"広範囲にわたる / どこにでも存在する、広く知られている。","Japanese Wiktionary",https://ja.wiktionary.org/wiki/widespread,"CC BY-SA 4.0",2026-08-05,2026-08-14
wifely,"妻らしい。妻にふさわしい。","Japanese Wiktionary",https://ja.wiktionary.org/wiki/wifely,"CC BY-SA 4.0",2026-08-05,2026-08-14
wigged,"wigの過去形・過去分詞。","Japanese Wiktionary",https://ja.wiktionary.org/wiki/wigged,"CC BY-SA 4.0",2026-08-05,2026-08-14
wiki,"ウィキ。 / ウィキペディア。 / ウィキペディアで調べる。 / ウィキペディアに寄稿する、ウィキペディアに貢献する。 / ウィキプロジェクトに参加する。","Japanese Wiktionary",https://ja.wiktionary.org/wiki/wiki,"CC BY-SA 4.0",2026-08-05,2026-08-14
wikidata,"Wikidataの異綴。 / ウィキデータ。","Japanese Wiktionary",https://ja.wiktionary.org/wiki/wikidata,"CC BY-SA 4.0",2026-08-05,2026-08-14
wiktionary,"Wiktionaryの異綴。 / ウィクショナリー。 / ウィクショナリーに類似したオンライン辞書。多く、誰もが編集できるもの。","Japanese Wiktionary",https://ja.wiktionary.org/wiki/wiktionary,"CC BY-SA 4.0",2026-08-05,2026-08-14
wilful,"故意の。意図的な。 / 頑固な。強情な。","Japanese Wiktionary",https://ja.wiktionary.org/wiki/wilful,"CC BY-SA 4.0",2026-08-05,2026-08-14
willed,"""will"" の過去形・過去分詞形。","Japanese Wiktionary",https://ja.wiktionary.org/wiki/willed,"CC BY-SA 4.0",2026-08-05,2026-08-14
willful,"故意の。意図的な。 / 頑固な。強情な。","Japanese Wiktionary",https://ja.wiktionary.org/wiki/willful,"CC BY-SA 4.0",2026-08-05,2026-08-14
willingly,"すすんで、自発的に。","Japanese Wiktionary",https://ja.wiktionary.org/wiki/willingly,"CC BY-SA 4.0",2026-08-05,2026-08-14
wills,"""will"" の複数形 / ""will"" の三人称単数現在形。","Japanese Wiktionary",https://ja.wiktionary.org/wiki/wills,"CC BY-SA 4.0",2026-08-05,2026-08-14
winnable,"得られる。得られやすい。 / 勝ち目のある。","Japanese Wiktionary",https://ja.wiktionary.org/wiki/winnable,"CC BY-SA 4.0",2026-08-05,2026-08-14
wintery,"wintryの異綴り。","Japanese Wiktionary",https://ja.wiktionary.org/wiki/wintery,"CC BY-SA 4.0",2026-08-05,2026-08-14
wintry,"冬の。 / 寒寒とした。 / 冷淡な。よそよそしい。","Japanese Wiktionary",https://ja.wiktionary.org/wiki/wintry,"CC BY-SA 4.0",2026-08-05,2026-08-14
wireline,"固定電話。","Japanese Wiktionary",https://ja.wiktionary.org/wiki/wireline,"CC BY-SA 4.0",2026-08-05,2026-08-14
wishful,"ものほしそうな、切望した。 / 希望に満ちた。 / 考えが甘い、楽観的すぎる。","Japanese Wiktionary",https://ja.wiktionary.org/wiki/wishful,"CC BY-SA 4.0",2026-08-05,2026-08-14
wite,"""wit"" の現在複数形。","Japanese Wiktionary",https://ja.wiktionary.org/wiki/wite,"CC BY-SA 4.0",2026-08-05,2026-08-14
with,"～とともに、～と一緒に。 / ～を備えて。 / ～を用いて。 / (人を)理解して、～に味方して、～に寄りそって、～に付いて。 / （付帯状況；with＋目的語＋補語）[目的語]を～しながら。 / （仮定法表現において条件節を代用）～があれば（cf.without）。","Japanese Wiktionary",https://ja.wiktionary.org/wiki/with,"CC BY-SA 4.0",2026-08-05,2026-08-14
within,"～の内側・内部に。～以内で。 / 内側で。内部で。","Japanese Wiktionary",https://ja.wiktionary.org/wiki/within,"CC BY-SA 4.0",2026-08-05,2026-08-14
without,"～無しで、～を持たずに、～なく、が欠けて。 / ～しないで、せずに。 / ～の外で (⇔ within) / （仮定法表現において条件節を代用）～がなければ（cf.with）。","Japanese Wiktionary",https://ja.wiktionary.org/wiki/without,"CC BY-SA 4.0",2026-08-05,2026-08-14
womanly,"女らしい。","Japanese Wiktionary",https://ja.wiktionary.org/wiki/womanly,"CC BY-SA 4.0",2026-08-05,2026-08-14
wonderful,"すばらしい、素敵な / 驚くべき","Japanese Wiktionary",https://ja.wiktionary.org/wiki/wonderful,"CC BY-SA 4.0",2026-08-05,2026-08-14
wonderfully,"すばらしく、驚くほど、見事に。","Japanese Wiktionary",https://ja.wiktionary.org/wiki/wonderfully,"CC BY-SA 4.0",2026-08-05,2026-08-14
wonderous,"wondrousの異綴。","Japanese Wiktionary",https://ja.wiktionary.org/wiki/wonderous,"CC BY-SA 4.0",2026-08-05,2026-08-14
wondrous,"驚くべき、不思議な。 / 驚くほど、素晴らしく。","Japanese Wiktionary",https://ja.wiktionary.org/wiki/wondrous,"CC BY-SA 4.0",2026-08-05,2026-08-14
wondrously,"驚くほど、素晴らしく。","Japanese Wiktionary",https://ja.wiktionary.org/wiki/wondrously,"CC BY-SA 4.0",2026-08-05,2026-08-14
wonted,"いつもの、慣れた。 / wontの過去形・過去分詞。","Japanese Wiktionary",https://ja.wiktionary.org/wiki/wonted,"CC BY-SA 4.0",2026-08-05,2026-08-14
wooded,"""wood"" の過去形・過去分詞形。","Japanese Wiktionary",https://ja.wiktionary.org/wiki/wooded,"CC BY-SA 4.0",2026-08-05,2026-08-14
wooden,"木製の。木でできた。 / （比喩）木でできたような。 / ぎこちない。 / 動かない。","Japanese Wiktionary",https://ja.wiktionary.org/wiki/wooden,"CC BY-SA 4.0",2026-08-05,2026-08-14
wooding,"""wood"" の動名詞又は現在分詞。","Japanese Wiktionary",https://ja.wiktionary.org/wiki/wooding,"CC BY-SA 4.0",2026-08-05,2026-08-14
wordless,"黙っている。 / 言葉にならない。","Japanese Wiktionary",https://ja.wiktionary.org/wiki/wordless,"CC BY-SA 4.0",2026-08-05,2026-08-14
workaday,"日常の、ありふれた","Japanese Wiktionary",https://ja.wiktionary.org/wiki/workaday,"CC BY-SA 4.0",2026-08-05,2026-08-14
workaround,"回避策。","Japanese Wiktionary",https://ja.wiktionary.org/wiki/workaround,"CC BY-SA 4.0",2026-08-05,2026-08-14
workarounds,"""workaround"" の複数形","Japanese Wiktionary",https://ja.wiktionary.org/wiki/workarounds,"CC BY-SA 4.0",2026-08-05,2026-08-14
workshopped,"workshopの過去形・過去分詞。","Japanese Wiktionary",https://ja.wiktionary.org/wiki/workshopped,"CC BY-SA 4.0",2026-08-05,2026-08-14
workshopping,"workshopの現在分詞。","Japanese Wiktionary",https://ja.wiktionary.org/wiki/workshopping,"CC BY-SA 4.0",2026-08-05,2026-08-14
worldwide,"世界的な / 世界的に","Japanese Wiktionary",https://ja.wiktionary.org/wiki/worldwide,"CC BY-SA 4.0",2026-08-05,2026-08-14
worshiped,"worshipの過去形・過去分詞。","Japanese Wiktionary",https://ja.wiktionary.org/wiki/worshiped,"CC BY-SA 4.0",2026-08-05,2026-08-14
worshiping,"worshipの動名詞又は現在分詞。 / worshippingの異形。","Japanese Wiktionary",https://ja.wiktionary.org/wiki/worshiping,"CC BY-SA 4.0",2026-08-05,2026-08-14
worthen,"""worth"" の過去分詞。","Japanese Wiktionary",https://ja.wiktionary.org/wiki/worthen,"CC BY-SA 4.0",2026-08-05,2026-08-14
worthily,"立派に。ふさわしく。","Japanese Wiktionary",https://ja.wiktionary.org/wiki/worthily,"CC BY-SA 4.0",2026-08-05,2026-08-14
worthing,"""worth"" の動名詞又は現在分詞。","Japanese Wiktionary",https://ja.wiktionary.org/wiki/worthing,"CC BY-SA 4.0",2026-08-05,2026-08-14
worthless,"価値の無い、くだらない、つまらない、（価値が）賤しい、無用な、無意味な","Japanese Wiktionary",https://ja.wiktionary.org/wiki/worthless,"CC BY-SA 4.0",2026-08-05,2026-08-14
worthwhile,"やりがいのある、時間をかける価値のある","Japanese Wiktionary",https://ja.wiktionary.org/wiki/worthwhile,"CC BY-SA 4.0",2026-08-05,2026-08-14
wouldst,"（ごく稀）willの二人称単数過去形。主語thouを受けた活用形。","Japanese Wiktionary",https://ja.wiktionary.org/wiki/wouldst,"CC BY-SA 4.0",2026-08-05,2026-08-14
wrathful,"激怒した。","Japanese Wiktionary",https://ja.wiktionary.org/wiki/wrathful,"CC BY-SA 4.0",2026-08-05,2026-08-14
wretched,"哀れな。不幸な。かわいそうな。 / 惨めな。情けない。 / 粗末な。","Japanese Wiktionary",https://ja.wiktionary.org/wiki/wretched,"CC BY-SA 4.0",2026-08-05,2026-08-14
wretchedly,"哀れに。惨めに。","Japanese Wiktionary",https://ja.wiktionary.org/wiki/wretchedly,"CC BY-SA 4.0",2026-08-05,2026-08-14
wrongful,"不当な、不正な。 / 不法な、違法な。","Japanese Wiktionary",https://ja.wiktionary.org/wiki/wrongful,"CC BY-SA 4.0",2026-08-05,2026-08-14
wrongfully,"不当に、不正に / 不法に、違法に","Japanese Wiktionary",https://ja.wiktionary.org/wiki/wrongfully,"CC BY-SA 4.0",2026-08-05,2026-08-14
wrongly,"不当に、不正に。 / 誤って、間違って。","Japanese Wiktionary",https://ja.wiktionary.org/wiki/wrongly,"CC BY-SA 4.0",2026-08-05,2026-08-14
wroth,"激怒した。 / （海などが）荒れ狂う。","Japanese Wiktionary",https://ja.wiktionary.org/wiki/wroth,"CC BY-SA 4.0",2026-08-05,2026-08-14
wuv,"（幼児語）""love""に同じ。","Japanese Wiktionary",https://ja.wiktionary.org/wiki/wuv,"CC BY-SA 4.0",2026-08-05,2026-08-14
wyn,"wynnの異綴。","Japanese Wiktionary",https://ja.wiktionary.org/wiki/wyn,"CC BY-SA 4.0",2026-08-05,2026-08-14
wyrm,"（手足・翼の無い）竜。 / シーサーペント。","Japanese Wiktionary",https://ja.wiktionary.org/wiki/wyrm,"CC BY-SA 4.0",2026-08-05,2026-08-14
xylitol,"キシリトール。","Japanese Wiktionary",https://ja.wiktionary.org/wiki/xylitol,"CC BY-SA 4.0",2026-08-05,2026-08-14
yaara,"仲間、友達、達。","Japanese Wiktionary",https://ja.wiktionary.org/wiki/yaara,"CC BY-SA 4.0",2026-08-05,2026-08-14
yarraman,"馬。","Japanese Wiktionary",https://ja.wiktionary.org/wiki/yarraman,"CC BY-SA 4.0",2026-08-05,2026-08-14
yate,"gateの旧綴り。","Japanese Wiktionary",https://ja.wiktionary.org/wiki/yate,"CC BY-SA 4.0",2026-08-05,2026-08-14
yates,"""yate"" の複数形","Japanese Wiktionary",https://ja.wiktionary.org/wiki/yates,"CC BY-SA 4.0",2026-08-05,2026-08-14
yech,"〔嫌悪感〕 おえ。うえ。","Japanese Wiktionary",https://ja.wiktionary.org/wiki/yech,"CC BY-SA 4.0",2026-08-05,2026-08-14
yeh,"はい","Japanese Wiktionary",https://ja.wiktionary.org/wiki/yeh,"CC BY-SA 4.0",2026-08-05,2026-08-14
yel,"yellの旧綴り。","Japanese Wiktionary",https://ja.wiktionary.org/wiki/yel,"CC BY-SA 4.0",2026-08-05,2026-08-14
yellowish,"黄みがかった、黄色を帯びた。","Japanese Wiktionary",https://ja.wiktionary.org/wiki/yellowish,"CC BY-SA 4.0",2026-08-05,2026-08-14
yet,"まだ、いまだ。 / 既に。 / 今までに。 / いつか。 / 更に。（stillより感情の強意が加わる） / しかし。","Japanese Wiktionary",https://ja.wiktionary.org/wiki/yet,"CC BY-SA 4.0",2026-08-05,2026-08-14
yey,"yayの異綴。","Japanese Wiktionary",https://ja.wiktionary.org/wiki/yey,"CC BY-SA 4.0",2026-08-05,2026-08-14
yoi,"八字立ち。","Japanese Wiktionary",https://ja.wiktionary.org/wiki/yoi,"CC BY-SA 4.0",2026-08-05,2026-08-14
yokai,"妖怪。","Japanese Wiktionary",https://ja.wiktionary.org/wiki/yokai,"CC BY-SA 4.0",2026-08-05,2026-08-14
yokozuna,"横綱。","Japanese Wiktionary",https://ja.wiktionary.org/wiki/yokozuna,"CC BY-SA 4.0",2026-08-05,2026-08-14
yonder,"あそこに、向こうに。 / 遠い方の。 / あそこの、向こうの。 / 彼方。","Japanese Wiktionary",https://ja.wiktionary.org/wiki/yonder,"CC BY-SA 4.0",2026-08-05,2026-08-14
yong,"youngの廃用。","Japanese Wiktionary",https://ja.wiktionary.org/wiki/yong,"CC BY-SA 4.0",2026-08-05,2026-08-14
youkai,"yokaiの別形。","Japanese Wiktionary",https://ja.wiktionary.org/wiki/youkai,"CC BY-SA 4.0",2026-08-05,2026-08-14
youngish,"まだ若い","Japanese Wiktionary",https://ja.wiktionary.org/wiki/youngish,"CC BY-SA 4.0",2026-08-05,2026-08-14
yours,"あなた（あなたたち）の物","Japanese Wiktionary",https://ja.wiktionary.org/wiki/yours,"CC BY-SA 4.0",2026-08-05,2026-08-14
yous,"youの複数形。[from 19th c.] / youの単数形。","Japanese Wiktionary",https://ja.wiktionary.org/wiki/yous,"CC BY-SA 4.0",2026-08-05,2026-08-14
youthful,"若々しい。 / 若者らしい。 / 若い。 / 溌剌とした。","Japanese Wiktionary",https://ja.wiktionary.org/wiki/youthful,"CC BY-SA 4.0",2026-08-05,2026-08-14
yukata,"浴衣。","Japanese Wiktionary",https://ja.wiktionary.org/wiki/yukata,"CC BY-SA 4.0",2026-08-05,2026-08-14
yum,"おいしい","Japanese Wiktionary",https://ja.wiktionary.org/wiki/yum,"CC BY-SA 4.0",2026-08-05,2026-08-14
yuri,"レズビアン、及びそれを題材にした作品ジャンル。","Japanese Wiktionary",https://ja.wiktionary.org/wiki/yuri,"CC BY-SA 4.0",2026-08-05,2026-08-14
yuzu,"柚子。","Japanese Wiktionary",https://ja.wiktionary.org/wiki/yuzu,"CC BY-SA 4.0",2026-08-05,2026-08-14
zaibatsu,"財閥。","Japanese Wiktionary",https://ja.wiktionary.org/wiki/zaibatsu,"CC BY-SA 4.0",2026-08-05,2026-08-14
zealous,"熱心な、熱意のこもった、情熱に満ちた。","Japanese Wiktionary",https://ja.wiktionary.org/wiki/zealous,"CC BY-SA 4.0",2026-08-05,2026-08-14
zephir,"zephyrの旧綴り。","Japanese Wiktionary",https://ja.wiktionary.org/wiki/zephir,"CC BY-SA 4.0",2026-08-05,2026-08-14
zeroth,"零番目の、ゼロ番目の。","Japanese Wiktionary",https://ja.wiktionary.org/wiki/zeroth,"CC BY-SA 4.0",2026-08-05,2026-08-14
zin,"ジンファンデル。","Japanese Wiktionary",https://ja.wiktionary.org/wiki/zin,"CC BY-SA 4.0",2026-08-05,2026-08-14
zink,"ツィンク。コルネット。 / zincの旧綴り。","Japanese Wiktionary",https://ja.wiktionary.org/wiki/zink,"CC BY-SA 4.0",2026-08-05,2026-08-14
zins,"zinの複数形。","Japanese Wiktionary",https://ja.wiktionary.org/wiki/zins,"CC BY-SA 4.0",2026-08-05,2026-08-14
zoological,"動物の、動物に関する。 / 動物学の、動物学に関する。","Japanese Wiktionary",https://ja.wiktionary.org/wiki/zoological,"CC BY-SA 4.0",2026-08-05,2026-08-14
zoon,"（群体動物の）個虫。","Japanese Wiktionary",https://ja.wiktionary.org/wiki/zoon,"CC BY-SA 4.0",2026-08-05,2026-08-14
